date,interest,keyword,query_combined
2020-12-27,19,Dry January,Dry January + janvier sans alcool + detox alcool + arrêter alcool + défi alcool
2021-01-03,39,Dry January,Dry January + janvier sans alcool + detox alcool + arrêter alcool + défi alcool
2021-01-10,18,Dry January,Dry January + janvier sans alcool + detox alcool + arrêter alcool + défi alcool
2021-01-17,7,Dry January,Dry January + janvier sans alcool + detox alcool + arrêter alcool + défi alcool
2021-01-24,5,Dry January,Dry January + janvier sans alcool + detox alcool + arrêter alcool + défi alcool
2021-01-31,3,Dry January,Dry January + janvier sans alcool + detox alcool + arrêter alcool + défi alcool
2021-02-07,2,Dry January,Dry January + janvier sans alcool + detox alcool + arrêter alcool + défi alcool
2021-02-14,1,Dry January,Dry January + janvier sans alcool + detox alcool + arrêter alcool + défi alcool
2021-02-21,1,Dry January,Dry January + janvier sans alcool + detox alcool + arrêter alcool + défi alcool
2021-02-28,0,Dry January,Dry January + janvier sans alcool + detox alcool + arrêter alcool + défi alcool
2021-03-07,1,Dry January,Dry January + janvier sans alcool + detox alcool + arrêter alcool + défi alcool
2021-03-14,0,Dry January,Dry January + janvier sans alcool + detox alcool + arrêter alcool + défi alcool
2021-03-21,0,Dry January,Dry January + janvier sans alcool + detox alcool + arrêter alcool + défi alcool
2021-03-28,0,Dry January,Dry January + janvier sans alcool + detox alcool + arrêter alcool + défi alcool
2021-04-04,0,Dry January,Dry January + janvier sans alcool + detox alcool + arrêter alcool + défi alcool
2021-04-11,0,Dry January,Dry January + janvier sans alcool + detox alcool + arrêter alcool + défi alcool
2021-04-18,1,Dry January,Dry January + janvier sans alcool + detox alcool + arrêter alcool + défi alcool
2021-04-25,0,Dry January,Dry January + janvier sans alcool + detox alcool + arrêter alcool + défi alcool
2021-05-02,0,Dry January,Dry January + janvier sans alcool + detox alcool + arrêter alcool + défi alcool
2021-05-09,0,Dry January,Dry January + janvier sans alcool + detox alcool + arrêter alcool + défi alcool
2021-05-16,0,Dry January,Dry January + janvier sans alcool + detox alcool + arrêter alcool + défi alcool
2021-05-23,0,Dry January,Dry January + janvier sans alcool + detox alcool + arrêter alcool + défi alcool
2021-05-30,1,Dry January,Dry January + janvier sans alcool + detox alcool + arrêter alcool + défi alcool
2021-06-06,1,Dry January,Dry January + janvier sans alcool + detox alcool + arrêter alcool + défi alcool
2021-06-13,0,Dry January,Dry January + janvier sans alcool + detox alcool + arrêter alcool + défi alcool
2021-06-20,0,Dry January,Dry January + janvier sans alcool + detox alcool + arrêter alcool + défi alcool
2021-06-27,0,Dry January,Dry January + janvier sans alcool + detox alcool + arrêter alcool + défi alcool
2021-07-04,0,Dry January,Dry January + janvier sans alcool + detox alcool + arrêter alcool + défi alcool
2021-07-11,0,Dry January,Dry January + janvier sans alcool + detox alcool + arrêter alcool + défi alcool
2021-07-18,1,Dry January,Dry January + janvier sans alcool + detox alcool + arrêter alcool + défi alcool
2021-07-25,0,Dry January,Dry January + janvier sans alcool + detox alcool + arrêter alcool + défi alcool
2021-08-01,1,Dry January,Dry January + janvier sans alcool + detox alcool + arrêter alcool + défi alcool
2021-08-08,1,Dry January,Dry January + janvier sans alcool + detox alcool + arrêter alcool + défi alcool
2021-08-15,0,Dry January,Dry January + janvier sans alcool + detox alcool + arrêter alcool + défi alcool
2021-08-22,2,Dry January,Dry January + janvier sans alcool + detox alcool + arrêter alcool + défi alcool
2021-08-29,1,Dry January,Dry January + janvier sans alcool + detox alcool + arrêter alcool + défi alcool
2021-09-05,0,Dry January,Dry January + janvier sans alcool + detox alcool + arrêter alcool + défi alcool
2021-09-12,0,Dry January,Dry January + janvier sans alcool + detox alcool + arrêter alcool + défi alcool
2021-09-19,0,Dry January,Dry January + janvier sans alcool + detox alcool + arrêter alcool + défi alcool
2021-09-26,1,Dry January,Dry January + janvier sans alcool + detox alcool + arrêter alcool + défi alcool
2021-10-03,0,Dry January,Dry January + janvier sans alcool + detox alcool + arrêter alcool + défi alcool
2021-10-10,2,Dry January,Dry January + janvier sans alcool + detox alcool + arrêter alcool + défi alcool
2021-10-17,1,Dry January,Dry January + janvier sans alcool + detox alcool + arrêter alcool + défi alcool
2021-10-24,1,Dry January,Dry January + janvier sans alcool + detox alcool + arrêter alcool + défi alcool
2021-10-31,1,Dry January,Dry January + janvier sans alcool + detox alcool + arrêter alcool + défi alcool
2021-11-07,0,Dry January,Dry January + janvier sans alcool + detox alcool + arrêter alcool + défi alcool
2021-11-14,0,Dry January,Dry January + janvier sans alcool + detox alcool + arrêter alcool + défi alcool
2021-11-21,0,Dry January,Dry January + janvier sans alcool + detox alcool + arrêter alcool + défi alcool
2021-11-28,1,Dry January,Dry January + janvier sans alcool + detox alcool + arrêter alcool + défi alcool
2021-12-05,2,Dry January,Dry January + janvier sans alcool + detox alcool + arrêter alcool + défi alcool
2021-12-12,2,Dry January,Dry January + janvier sans alcool + detox alcool + arrêter alcool + défi alcool
2021-12-19,2,Dry January,Dry January + janvier sans alcool + detox alcool + arrêter alcool + défi alcool
2021-12-26,19,Dry January,Dry January + janvier sans alcool + detox alcool + arrêter alcool + défi alcool
2022-01-02,55,Dry January,Dry January + janvier sans alcool + detox alcool + arrêter alcool + défi alcool
2022-01-09,19,Dry January,Dry January + janvier sans alcool + detox alcool + arrêter alcool + défi alcool
2022-01-16,10,Dry January,Dry January + janvier sans alcool + detox alcool + arrêter alcool + défi alcool
2022-01-23,5,Dry January,Dry January + janvier sans alcool + detox alcool + arrêter alcool + défi alcool
2022-01-30,8,Dry January,Dry January + janvier sans alcool + detox alcool + arrêter alcool + défi alcool
2022-02-06,2,Dry January,Dry January + janvier sans alcool + detox alcool + arrêter alcool + défi alcool
2022-02-13,2,Dry January,Dry January + janvier sans alcool + detox alcool + arrêter alcool + défi alcool
2022-02-20,2,Dry January,Dry January + janvier sans alcool + detox alcool + arrêter alcool + défi alcool
2022-02-27,2,Dry January,Dry January + janvier sans alcool + detox alcool + arrêter alcool + défi alcool
2022-03-06,2,Dry January,Dry January + janvier sans alcool + detox alcool + arrêter alcool + défi alcool
2022-03-13,1,Dry January,Dry January + janvier sans alcool + detox alcool + arrêter alcool + défi alcool
2022-03-20,2,Dry January,Dry January + janvier sans alcool + detox alcool + arrêter alcool + défi alcool
2022-03-27,1,Dry January,Dry January + janvier sans alcool + detox alcool + arrêter alcool + défi alcool
2022-04-03,2,Dry January,Dry January + janvier sans alcool + detox alcool + arrêter alcool + défi alcool
2022-04-10,1,Dry January,Dry January + janvier sans alcool + detox alcool + arrêter alcool + défi alcool
2022-04-17,2,Dry January,Dry January + janvier sans alcool + detox alcool + arrêter alcool + défi alcool
2022-04-24,2,Dry January,Dry January + janvier sans alcool + detox alcool + arrêter alcool + défi alcool
2022-05-01,2,Dry January,Dry January + janvier sans alcool + detox alcool + arrêter alcool + défi alcool
2022-05-08,1,Dry January,Dry January + janvier sans alcool + detox alcool + arrêter alcool + défi alcool
2022-05-15,1,Dry January,Dry January + janvier sans alcool + detox alcool + arrêter alcool + défi alcool
2022-05-22,0,Dry January,Dry January + janvier sans alcool + detox alcool + arrêter alcool + défi alcool
2022-05-29,1,Dry January,Dry January + janvier sans alcool + detox alcool + arrêter alcool + défi alcool
2022-06-05,0,Dry January,Dry January + janvier sans alcool + detox alcool + arrêter alcool + défi alcool
2022-06-12,0,Dry January,Dry January + janvier sans alcool + detox alcool + arrêter alcool + défi alcool
2022-06-19,1,Dry January,Dry January + janvier sans alcool + detox alcool + arrêter alcool + défi alcool
2022-06-26,1,Dry January,Dry January + janvier sans alcool + detox alcool + arrêter alcool + défi alcool
2022-07-03,1,Dry January,Dry January + janvier sans alcool + detox alcool + arrêter alcool + défi alcool
2022-07-10,0,Dry January,Dry January + janvier sans alcool + detox alcool + arrêter alcool + défi alcool
2022-07-17,0,Dry January,Dry January + janvier sans alcool + detox alcool + arrêter alcool + défi alcool
2022-07-24,1,Dry January,Dry January + janvier sans alcool + detox alcool + arrêter alcool + défi alcool
2022-07-31,0,Dry January,Dry January + janvier sans alcool + detox alcool + arrêter alcool + défi alcool
2022-08-07,1,Dry January,Dry January + janvier sans alcool + detox alcool + arrêter alcool + défi alcool
2022-08-14,2,Dry January,Dry January + janvier sans alcool + detox alcool + arrêter alcool + défi alcool
2022-08-21,1,Dry January,Dry January + janvier sans alcool + detox alcool + arrêter alcool + défi alcool
2022-08-28,1,Dry January,Dry January + janvier sans alcool + detox alcool + arrêter alcool + défi alcool
2022-09-04,0,Dry January,Dry January + janvier sans alcool + detox alcool + arrêter alcool + défi alcool
2022-09-11,2,Dry January,Dry January + janvier sans alcool + detox alcool + arrêter alcool + défi alcool
2022-09-18,2,Dry January,Dry January + janvier sans alcool + detox alcool + arrêter alcool + défi alcool
2022-09-25,0,Dry January,Dry January + janvier sans alcool + detox alcool + arrêter alcool + défi alcool
2022-10-02,1,Dry January,Dry January + janvier sans alcool + detox alcool + arrêter alcool + défi alcool
2022-10-09,2,Dry January,Dry January + janvier sans alcool + detox alcool + arrêter alcool + défi alcool
2022-10-16,2,Dry January,Dry January + janvier sans alcool + detox alcool + arrêter alcool + défi alcool
2022-10-23,1,Dry January,Dry January + janvier sans alcool + detox alcool + arrêter alcool + défi alcool
2022-10-30,1,Dry January,Dry January + janvier sans alcool + detox alcool + arrêter alcool + défi alcool
2022-11-06,1,Dry January,Dry January + janvier sans alcool + detox alcool + arrêter alcool + défi alcool
2022-11-13,1,Dry January,Dry January + janvier sans alcool + detox alcool + arrêter alcool + défi alcool
2022-11-20,2,Dry January,Dry January + janvier sans alcool + detox alcool + arrêter alcool + défi alcool
2022-11-27,2,Dry January,Dry January + janvier sans alcool + detox alcool + arrêter alcool + défi alcool
2022-12-04,0,Dry January,Dry January + janvier sans alcool + detox alcool + arrêter alcool + défi alcool
2022-12-11,2,Dry January,Dry January + janvier sans alcool + detox alcool + arrêter alcool + défi alcool
2022-12-18,4,Dry January,Dry January + janvier sans alcool + detox alcool + arrêter alcool + défi alcool
2022-12-25,10,Dry January,Dry January + janvier sans alcool + detox alcool + arrêter alcool + défi alcool
2023-01-01,80,Dry January,Dry January + janvier sans alcool + detox alcool + arrêter alcool + défi alcool
2023-01-08,31,Dry January,Dry January + janvier sans alcool + detox alcool + arrêter alcool + défi alcool
2023-01-15,16,Dry January,Dry January + janvier sans alcool + detox alcool + arrêter alcool + défi alcool
2023-01-22,11,Dry January,Dry January + janvier sans alcool + detox alcool + arrêter alcool + défi alcool
2023-01-29,14,Dry January,Dry January + janvier sans alcool + detox alcool + arrêter alcool + défi alcool
2023-02-05,3,Dry January,Dry January + janvier sans alcool + detox alcool + arrêter alcool + défi alcool
2023-02-12,3,Dry January,Dry January + janvier sans alcool + detox alcool + arrêter alcool + défi alcool
2023-02-19,2,Dry January,Dry January + janvier sans alcool + detox alcool + arrêter alcool + défi alcool
2023-02-26,1,Dry January,Dry January + janvier sans alcool + detox alcool + arrêter alcool + défi alcool
2023-03-05,2,Dry January,Dry January + janvier sans alcool + detox alcool + arrêter alcool + défi alcool
2023-03-12,1,Dry January,Dry January + janvier sans alcool + detox alcool + arrêter alcool + défi alcool
2023-03-19,1,Dry January,Dry January + janvier sans alcool + detox alcool + arrêter alcool + défi alcool
2023-03-26,0,Dry January,Dry January + janvier sans alcool + detox alcool + arrêter alcool + défi alcool
2023-04-02,1,Dry January,Dry January + janvier sans alcool + detox alcool + arrêter alcool + défi alcool
2023-04-09,1,Dry January,Dry January + janvier sans alcool + detox alcool + arrêter alcool + défi alcool
2023-04-16,1,Dry January,Dry January + janvier sans alcool + detox alcool + arrêter alcool + défi alcool
2023-04-23,0,Dry January,Dry January + janvier sans alcool + detox alcool + arrêter alcool + défi alcool
2023-04-30,1,Dry January,Dry January + janvier sans alcool + detox alcool + arrêter alcool + défi alcool
2023-05-07,0,Dry January,Dry January + janvier sans alcool + detox alcool + arrêter alcool + défi alcool
2023-05-14,2,Dry January,Dry January + janvier sans alcool + detox alcool + arrêter alcool + défi alcool
2023-05-21,2,Dry January,Dry January + janvier sans alcool + detox alcool + arrêter alcool + défi alcool
2023-05-28,0,Dry January,Dry January + janvier sans alcool + detox alcool + arrêter alcool + défi alcool
2023-06-04,2,Dry January,Dry January + janvier sans alcool + detox alcool + arrêter alcool + défi alcool
2023-06-11,0,Dry January,Dry January + janvier sans alcool + detox alcool + arrêter alcool + défi alcool
2023-06-18,2,Dry January,Dry January + janvier sans alcool + detox alcool + arrêter alcool + défi alcool
2023-06-25,1,Dry January,Dry January + janvier sans alcool + detox alcool + arrêter alcool + défi alcool
2023-07-02,1,Dry January,Dry January + janvier sans alcool + detox alcool + arrêter alcool + défi alcool
2023-07-09,2,Dry January,Dry January + janvier sans alcool + detox alcool + arrêter alcool + défi alcool
2023-07-16,0,Dry January,Dry January + janvier sans alcool + detox alcool + arrêter alcool + défi alcool
2023-07-23,1,Dry January,Dry January + janvier sans alcool + detox alcool + arrêter alcool + défi alcool
2023-07-30,1,Dry January,Dry January + janvier sans alcool + detox alcool + arrêter alcool + défi alcool
2023-08-06,0,Dry January,Dry January + janvier sans alcool + detox alcool + arrêter alcool + défi alcool
2023-08-13,1,Dry January,Dry January + janvier sans alcool + detox alcool + arrêter alcool + défi alcool
2023-08-20,0,Dry January,Dry January + janvier sans alcool + detox alcool + arrêter alcool + défi alcool
2023-08-27,2,Dry January,Dry January + janvier sans alcool + detox alcool + arrêter alcool + défi alcool
2023-09-03,2,Dry January,Dry January + janvier sans alcool + detox alcool + arrêter alcool + défi alcool
2023-09-10,1,Dry January,Dry January + janvier sans alcool + detox alcool + arrêter alcool + défi alcool
2023-09-17,0,Dry January,Dry January + janvier sans alcool + detox alcool + arrêter alcool + défi alcool
2023-09-24,0,Dry January,Dry January + janvier sans alcool + detox alcool + arrêter alcool + défi alcool
2023-10-01,1,Dry January,Dry January + janvier sans alcool + detox alcool + arrêter alcool + défi alcool
2023-10-08,1,Dry January,Dry January + janvier sans alcool + detox alcool + arrêter alcool + défi alcool
2023-10-15,1,Dry January,Dry January + janvier sans alcool + detox alcool + arrêter alcool + défi alcool
2023-10-22,0,Dry January,Dry January + janvier sans alcool + detox alcool + arrêter alcool + défi alcool
2023-10-29,2,Dry January,Dry January + janvier sans alcool + detox alcool + arrêter alcool + défi alcool
2023-11-05,1,Dry January,Dry January + janvier sans alcool + detox alcool + arrêter alcool + défi alcool
2023-11-12,1,Dry January,Dry January + janvier sans alcool + detox alcool + arrêter alcool + défi alcool
2023-11-19,2,Dry January,Dry January + janvier sans alcool + detox alcool + arrêter alcool + défi alcool
2023-11-26,1,Dry January,Dry January + janvier sans alcool + detox alcool + arrêter alcool + défi alcool
2023-12-03,4,Dry January,Dry January + janvier sans alcool + detox alcool + arrêter alcool + défi alcool
2023-12-10,7,Dry January,Dry January + janvier sans alcool + detox alcool + arrêter alcool + défi alcool
2023-12-17,5,Dry January,Dry January + janvier sans alcool + detox alcool + arrêter alcool + défi alcool
2023-12-24,25,Dry January,Dry January + janvier sans alcool + detox alcool + arrêter alcool + défi alcool
2023-12-31,100,Dry January,Dry January + janvier sans alcool + detox alcool + arrêter alcool + défi alcool
2024-01-07,54,Dry January,Dry January + janvier sans alcool + detox alcool + arrêter alcool + défi alcool
2024-01-14,20,Dry January,Dry January + janvier sans alcool + detox alcool + arrêter alcool + défi alcool
2024-01-21,11,Dry January,Dry January + janvier sans alcool + detox alcool + arrêter alcool + défi alcool
2024-01-28,10,Dry January,Dry January + janvier sans alcool + detox alcool + arrêter alcool + défi alcool
2024-02-04,4,Dry January,Dry January + janvier sans alcool + detox alcool + arrêter alcool + défi alcool
2024-02-11,3,Dry January,Dry January + janvier sans alcool + detox alcool + arrêter alcool + défi alcool
2024-02-18,2,Dry January,Dry January + janvier sans alcool + detox alcool + arrêter alcool + défi alcool
2024-02-25,3,Dry January,Dry January + janvier sans alcool + detox alcool + arrêter alcool + défi alcool
2024-03-03,0,Dry January,Dry January + janvier sans alcool + detox alcool + arrêter alcool + défi alcool
2024-03-10,0,Dry January,Dry January + janvier sans alcool + detox alcool + arrêter alcool + défi alcool
2024-03-17,1,Dry January,Dry January + janvier sans alcool + detox alcool + arrêter alcool + défi alcool
2024-03-24,1,Dry January,Dry January + janvier sans alcool + detox alcool + arrêter alcool + défi alcool
2024-03-31,1,Dry January,Dry January + janvier sans alcool + detox alcool + arrêter alcool + défi alcool
2024-04-07,2,Dry January,Dry January + janvier sans alcool + detox alcool + arrêter alcool + défi alcool
2024-04-14,1,Dry January,Dry January + janvier sans alcool + detox alcool + arrêter alcool + défi alcool
2024-04-21,0,Dry January,Dry January + janvier sans alcool + detox alcool + arrêter alcool + défi alcool
2024-04-28,1,Dry January,Dry January + janvier sans alcool + detox alcool + arrêter alcool + défi alcool
2024-05-05,0,Dry January,Dry January + janvier sans alcool + detox alcool + arrêter alcool + défi alcool
2024-05-12,0,Dry January,Dry January + janvier sans alcool + detox alcool + arrêter alcool + défi alcool
2024-05-19,0,Dry January,Dry January + janvier sans alcool + detox alcool + arrêter alcool + défi alcool
2024-05-26,0,Dry January,Dry January + janvier sans alcool + detox alcool + arrêter alcool + défi alcool
2024-06-02,0,Dry January,Dry January + janvier sans alcool + detox alcool + arrêter alcool + défi alcool
2024-06-09,0,Dry January,Dry January + janvier sans alcool + detox alcool + arrêter alcool + défi alcool
2024-06-16,0,Dry January,Dry January + janvier sans alcool + detox alcool + arrêter alcool + défi alcool
2024-06-23,0,Dry January,Dry January + janvier sans alcool + detox alcool + arrêter alcool + défi alcool
2024-06-30,0,Dry January,Dry January + janvier sans alcool + detox alcool + arrêter alcool + défi alcool
2024-07-07,1,Dry January,Dry January + janvier sans alcool + detox alcool + arrêter alcool + défi alcool
2024-07-14,1,Dry January,Dry January + janvier sans alcool + detox alcool + arrêter alcool + défi alcool
2024-07-21,0,Dry January,Dry January + janvier sans alcool + detox alcool + arrêter alcool + défi alcool
2024-07-28,1,Dry January,Dry January + janvier sans alcool + detox alcool + arrêter alcool + défi alcool
2024-08-04,1,Dry January,Dry January + janvier sans alcool + detox alcool + arrêter alcool + défi alcool
2024-08-11,2,Dry January,Dry January + janvier sans alcool + detox alcool + arrêter alcool + défi alcool
2024-08-18,2,Dry January,Dry January + janvier sans alcool + detox alcool + arrêter alcool + défi alcool
2024-08-25,3,Dry January,Dry January + janvier sans alcool + detox alcool + arrêter alcool + défi alcool
2024-09-01,1,Dry January,Dry January + janvier sans alcool + detox alcool + arrêter alcool + défi alcool
2024-09-08,2,Dry January,Dry January + janvier sans alcool + detox alcool + arrêter alcool + défi alcool
2024-09-15,1,Dry January,Dry January + janvier sans alcool + detox alcool + arrêter alcool + défi alcool
2024-09-22,2,Dry January,Dry January + janvier sans alcool + detox alcool + arrêter alcool + défi alcool
2024-09-29,1,Dry January,Dry January + janvier sans alcool + detox alcool + arrêter alcool + défi alcool
2024-10-06,1,Dry January,Dry January + janvier sans alcool + detox alcool + arrêter alcool + défi alcool
2024-10-13,2,Dry January,Dry January + janvier sans alcool + detox alcool + arrêter alcool + défi alcool
2024-10-20,0,Dry January,Dry January + janvier sans alcool + detox alcool + arrêter alcool + défi alcool
2024-10-27,0,Dry January,Dry January + janvier sans alcool + detox alcool + arrêter alcool + défi alcool
2024-11-03,2,Dry January,Dry January + janvier sans alcool + detox alcool + arrêter alcool + défi alcool
2024-11-10,2,Dry January,Dry January + janvier sans alcool + detox alcool + arrêter alcool + défi alcool
2024-11-17,0,Dry January,Dry January + janvier sans alcool + detox alcool + arrêter alcool + défi alcool
2024-11-24,2,Dry January,Dry January + janvier sans alcool + detox alcool + arrêter alcool + défi alcool
2024-12-01,2,Dry January,Dry January + janvier sans alcool + detox alcool + arrêter alcool + défi alcool
2024-12-08,5,Dry January,Dry January + janvier sans alcool + detox alcool + arrêter alcool + défi alcool
2024-12-15,5,Dry January,Dry January + janvier sans alcool + detox alcool + arrêter alcool + défi alcool
2024-12-22,9,Dry January,Dry January + janvier sans alcool + detox alcool + arrêter alcool + défi alcool
2024-12-29,53,Dry January,Dry January + janvier sans alcool + detox alcool + arrêter alcool + défi alcool
2025-01-05,50,Dry January,Dry January + janvier sans alcool + detox alcool + arrêter alcool + défi alcool
2025-01-12,24,Dry January,Dry January + janvier sans alcool + detox alcool + arrêter alcool + défi alcool
2025-01-19,13,Dry January,Dry January + janvier sans alcool + detox alcool + arrêter alcool + défi alcool
2025-01-26,13,Dry January,Dry January + janvier sans alcool + detox alcool + arrêter alcool + défi alcool
2025-02-02,5,Dry January,Dry January + janvier sans alcool + detox alcool + arrêter alcool + défi alcool
2025-02-09,3,Dry January,Dry January + janvier sans alcool + detox alcool + arrêter alcool + défi alcool
2025-02-16,2,Dry January,Dry January + janvier sans alcool + detox alcool + arrêter alcool + défi alcool
2025-02-23,2,Dry January,Dry January + janvier sans alcool + detox alcool + arrêter alcool + défi alcool
2025-03-02,0,Dry January,Dry January + janvier sans alcool + detox alcool + arrêter alcool + défi alcool
2025-03-09,1,Dry January,Dry January + janvier sans alcool + detox alcool + arrêter alcool + défi alcool
2025-03-16,2,Dry January,Dry January + janvier sans alcool + detox alcool + arrêter alcool + défi alcool
2025-03-23,1,Dry January,Dry January + janvier sans alcool + detox alcool + arrêter alcool + défi alcool
2025-03-30,0,Dry January,Dry January + janvier sans alcool + detox alcool + arrêter alcool + défi alcool
2025-04-06,2,Dry January,Dry January + janvier sans alcool + detox alcool + arrêter alcool + défi alcool
2025-04-13,2,Dry January,Dry January + janvier sans alcool + detox alcool + arrêter alcool + défi alcool
2025-04-20,2,Dry January,Dry January + janvier sans alcool + detox alcool + arrêter alcool + défi alcool
2025-04-27,2,Dry January,Dry January + janvier sans alcool + detox alcool + arrêter alcool + défi alcool
2025-05-04,1,Dry January,Dry January + janvier sans alcool + detox alcool + arrêter alcool + défi alcool
2025-05-11,1,Dry January,Dry January + janvier sans alcool + detox alcool + arrêter alcool + défi alcool
2025-05-18,0,Dry January,Dry January + janvier sans alcool + detox alcool + arrêter alcool + défi alcool
2025-05-25,0,Dry January,Dry January + janvier sans alcool + detox alcool + arrêter alcool + défi alcool
2025-06-01,1,Dry January,Dry January + janvier sans alcool + detox alcool + arrêter alcool + défi alcool
2025-06-08,2,Dry January,Dry January + janvier sans alcool + detox alcool + arrêter alcool + défi alcool
2025-06-15,1,Dry January,Dry January + janvier sans alcool + detox alcool + arrêter alcool + défi alcool
2025-06-22,0,Dry January,Dry January + janvier sans alcool + detox alcool + arrêter alcool + défi alcool
2025-06-29,1,Dry January,Dry January + janvier sans alcool + detox alcool + arrêter alcool + défi alcool
2025-07-06,0,Dry January,Dry January + janvier sans alcool + detox alcool + arrêter alcool + défi alcool
2025-07-13,2,Dry January,Dry January + janvier sans alcool + detox alcool + arrêter alcool + défi alcool
2025-07-20,1,Dry January,Dry January + janvier sans alcool + detox alcool + arrêter alcool + défi alcool
2025-07-27,0,Dry January,Dry January + janvier sans alcool + detox alcool + arrêter alcool + défi alcool
2025-08-03,0,Dry January,Dry January + janvier sans alcool + detox alcool + arrêter alcool + défi alcool
2025-08-10,2,Dry January,Dry January + janvier sans alcool + detox alcool + arrêter alcool + défi alcool
2025-08-17,0,Dry January,Dry January + janvier sans alcool + detox alcool + arrêter alcool + défi alcool
2025-08-24,1,Dry January,Dry January + janvier sans alcool + detox alcool + arrêter alcool + défi alcool
2025-08-31,1,Dry January,Dry January + janvier sans alcool + detox alcool + arrêter alcool + défi alcool
2025-09-07,2,Dry January,Dry January + janvier sans alcool + detox alcool + arrêter alcool + défi alcool
2025-09-14,2,Dry January,Dry January + janvier sans alcool + detox alcool + arrêter alcool + défi alcool
2025-09-21,0,Dry January,Dry January + janvier sans alcool + detox alcool + arrêter alcool + défi alcool
2025-09-28,1,Dry January,Dry January + janvier sans alcool + detox alcool + arrêter alcool + défi alcool
2025-10-05,2,Dry January,Dry January + janvier sans alcool + detox alcool + arrêter alcool + défi alcool
2025-10-12,0,Dry January,Dry January + janvier sans alcool + detox alcool + arrêter alcool + défi alcool
2025-10-19,2,Dry January,Dry January + janvier sans alcool + detox alcool + arrêter alcool + défi alcool
2025-10-26,2,Dry January,Dry January + janvier sans alcool + detox alcool + arrêter alcool + défi alcool
2025-11-02,4,Dry January,Dry January + janvier sans alcool + detox alcool + arrêter alcool + défi alcool
2025-11-09,5,Dry January,Dry January + janvier sans alcool + detox alcool + arrêter alcool + défi alcool
2025-11-16,4,Dry January,Dry January + janvier sans alcool + detox alcool + arrêter alcool + défi alcool
2025-11-23,3,Dry January,Dry January + janvier sans alcool + detox alcool + arrêter alcool + défi alcool
2025-11-30,5,Dry January,Dry January + janvier sans alcool + detox alcool + arrêter alcool + défi alcool
2025-12-07,6,Dry January,Dry January + janvier sans alcool + detox alcool + arrêter alcool + défi alcool
2025-12-14,6,Dry January,Dry January + janvier sans alcool + detox alcool + arrêter alcool + défi alcool
2025-12-21,10,Dry January,Dry January + janvier sans alcool + detox alcool + arrêter alcool + défi alcool
2025-12-28,39,Dry January,Dry January + janvier sans alcool + detox alcool + arrêter alcool + défi alcool
2020-12-27,49,Journée mondiale de la santé mentale,world mental health day + santé mentale + dépression + burn out + bien-être mental
2021-01-03,61,Journée mondiale de la santé mentale,world mental health day + santé mentale + dépression + burn out + bien-être mental
2021-01-10,58,Journée mondiale de la santé mentale,world mental health day + santé mentale + dépression + burn out + bien-être mental
2021-01-17,58,Journée mondiale de la santé mentale,world mental health day + santé mentale + dépression + burn out + bien-être mental
2021-01-24,57,Journée mondiale de la santé mentale,world mental health day + santé mentale + dépression + burn out + bien-être mental
2021-01-31,59,Journée mondiale de la santé mentale,world mental health day + santé mentale + dépression + burn out + bien-être mental
2021-02-07,83,Journée mondiale de la santé mentale,world mental health day + santé mentale + dépression + burn out + bien-être mental
2021-02-14,63,Journée mondiale de la santé mentale,world mental health day + santé mentale + dépression + burn out + bien-être mental
2021-02-21,65,Journée mondiale de la santé mentale,world mental health day + santé mentale + dépression + burn out + bien-être mental
2021-02-28,61,Journée mondiale de la santé mentale,world mental health day + santé mentale + dépression + burn out + bien-être mental
2021-03-07,64,Journée mondiale de la santé mentale,world mental health day + santé mentale + dépression + burn out + bien-être mental
2021-03-14,65,Journée mondiale de la santé mentale,world mental health day + santé mentale + dépression + burn out + bien-être mental
2021-03-21,68,Journée mondiale de la santé mentale,world mental health day + santé mentale + dépression + burn out + bien-être mental
2021-03-28,58,Journée mondiale de la santé mentale,world mental health day + santé mentale + dépression + burn out + bien-être mental
2021-04-04,59,Journée mondiale de la santé mentale,world mental health day + santé mentale + dépression + burn out + bien-être mental
2021-04-11,61,Journée mondiale de la santé mentale,world mental health day + santé mentale + dépression + burn out + bien-être mental
2021-04-18,63,Journée mondiale de la santé mentale,world mental health day + santé mentale + dépression + burn out + bien-être mental
2021-04-25,65,Journée mondiale de la santé mentale,world mental health day + santé mentale + dépression + burn out + bien-être mental
2021-05-02,94,Journée mondiale de la santé mentale,world mental health day + santé mentale + dépression + burn out + bien-être mental
2021-05-09,78,Journée mondiale de la santé mentale,world mental health day + santé mentale + dépression + burn out + bien-être mental
2021-05-16,70,Journée mondiale de la santé mentale,world mental health day + santé mentale + dépression + burn out + bien-être mental
2021-05-23,66,Journée mondiale de la santé mentale,world mental health day + santé mentale + dépression + burn out + bien-être mental
2021-05-30,66,Journée mondiale de la santé mentale,world mental health day + santé mentale + dépression + burn out + bien-être mental
2021-06-06,63,Journée mondiale de la santé mentale,world mental health day + santé mentale + dépression + burn out + bien-être mental
2021-06-13,61,Journée mondiale de la santé mentale,world mental health day + santé mentale + dépression + burn out + bien-être mental
2021-06-20,63,Journée mondiale de la santé mentale,world mental health day + santé mentale + dépression + burn out + bien-être mental
2021-06-27,59,Journée mondiale de la santé mentale,world mental health day + santé mentale + dépression + burn out + bien-être mental
2021-07-04,58,Journée mondiale de la santé mentale,world mental health day + santé mentale + dépression + burn out + bien-être mental
2021-07-11,53,Journée mondiale de la santé mentale,world mental health day + santé mentale + dépression + burn out + bien-être mental
2021-07-18,55,Journée mondiale de la santé mentale,world mental health day + santé mentale + dépression + burn out + bien-être mental
2021-07-25,52,Journée mondiale de la santé mentale,world mental health day + santé mentale + dépression + burn out + bien-être mental
2021-08-01,51,Journée mondiale de la santé mentale,world mental health day + santé mentale + dépression + burn out + bien-être mental
2021-08-08,50,Journée mondiale de la santé mentale,world mental health day + santé mentale + dépression + burn out + bien-être mental
2021-08-15,53,Journée mondiale de la santé mentale,world mental health day + santé mentale + dépression + burn out + bien-être mental
2021-08-22,54,Journée mondiale de la santé mentale,world mental health day + santé mentale + dépression + burn out + bien-être mental
2021-08-29,54,Journée mondiale de la santé mentale,world mental health day + santé mentale + dépression + burn out + bien-être mental
2021-09-05,60,Journée mondiale de la santé mentale,world mental health day + santé mentale + dépression + burn out + bien-être mental
2021-09-12,60,Journée mondiale de la santé mentale,world mental health day + santé mentale + dépression + burn out + bien-être mental
2021-09-19,62,Journée mondiale de la santé mentale,world mental health day + santé mentale + dépression + burn out + bien-être mental
2021-09-26,71,Journée mondiale de la santé mentale,world mental health day + santé mentale + dépression + burn out + bien-être mental
2021-10-03,66,Journée mondiale de la santé mentale,world mental health day + santé mentale + dépression + burn out + bien-être mental
2021-10-10,72,Journée mondiale de la santé mentale,world mental health day + santé mentale + dépression + burn out + bien-être mental
2021-10-17,68,Journée mondiale de la santé mentale,world mental health day + santé mentale + dépression + burn out + bien-être mental
2021-10-24,65,Journée mondiale de la santé mentale,world mental health day + santé mentale + dépression + burn out + bien-être mental
2021-10-31,61,Journée mondiale de la santé mentale,world mental health day + santé mentale + dépression + burn out + bien-être mental
2021-11-07,65,Journée mondiale de la santé mentale,world mental health day + santé mentale + dépression + burn out + bien-être mental
2021-11-14,70,Journée mondiale de la santé mentale,world mental health day + santé mentale + dépression + burn out + bien-être mental
2021-11-21,67,Journée mondiale de la santé mentale,world mental health day + santé mentale + dépression + burn out + bien-être mental
2021-11-28,63,Journée mondiale de la santé mentale,world mental health day + santé mentale + dépression + burn out + bien-être mental
2021-12-05,66,Journée mondiale de la santé mentale,world mental health day + santé mentale + dépression + burn out + bien-être mental
2021-12-12,57,Journée mondiale de la santé mentale,world mental health day + santé mentale + dépression + burn out + bien-être mental
2021-12-19,49,Journée mondiale de la santé mentale,world mental health day + santé mentale + dépression + burn out + bien-être mental
2021-12-26,57,Journée mondiale de la santé mentale,world mental health day + santé mentale + dépression + burn out + bien-être mental
2022-01-02,64,Journée mondiale de la santé mentale,world mental health day + santé mentale + dépression + burn out + bien-être mental
2022-01-09,73,Journée mondiale de la santé mentale,world mental health day + santé mentale + dépression + burn out + bien-être mental
2022-01-16,66,Journée mondiale de la santé mentale,world mental health day + santé mentale + dépression + burn out + bien-être mental
2022-01-23,69,Journée mondiale de la santé mentale,world mental health day + santé mentale + dépression + burn out + bien-être mental
2022-01-30,76,Journée mondiale de la santé mentale,world mental health day + santé mentale + dépression + burn out + bien-être mental
2022-02-06,71,Journée mondiale de la santé mentale,world mental health day + santé mentale + dépression + burn out + bien-être mental
2022-02-13,74,Journée mondiale de la santé mentale,world mental health day + santé mentale + dépression + burn out + bien-être mental
2022-02-20,81,Journée mondiale de la santé mentale,world mental health day + santé mentale + dépression + burn out + bien-être mental
2022-02-27,78,Journée mondiale de la santé mentale,world mental health day + santé mentale + dépression + burn out + bien-être mental
2022-03-06,84,Journée mondiale de la santé mentale,world mental health day + santé mentale + dépression + burn out + bien-être mental
2022-03-13,79,Journée mondiale de la santé mentale,world mental health day + santé mentale + dépression + burn out + bien-être mental
2022-03-20,82,Journée mondiale de la santé mentale,world mental health day + santé mentale + dépression + burn out + bien-être mental
2022-03-27,79,Journée mondiale de la santé mentale,world mental health day + santé mentale + dépression + burn out + bien-être mental
2022-04-03,76,Journée mondiale de la santé mentale,world mental health day + santé mentale + dépression + burn out + bien-être mental
2022-04-10,77,Journée mondiale de la santé mentale,world mental health day + santé mentale + dépression + burn out + bien-être mental
2022-04-17,71,Journée mondiale de la santé mentale,world mental health day + santé mentale + dépression + burn out + bien-être mental
2022-04-24,75,Journée mondiale de la santé mentale,world mental health day + santé mentale + dépression + burn out + bien-être mental
2022-05-01,75,Journée mondiale de la santé mentale,world mental health day + santé mentale + dépression + burn out + bien-être mental
2022-05-08,81,Journée mondiale de la santé mentale,world mental health day + santé mentale + dépression + burn out + bien-être mental
2022-05-15,78,Journée mondiale de la santé mentale,world mental health day + santé mentale + dépression + burn out + bien-être mental
2022-05-22,69,Journée mondiale de la santé mentale,world mental health day + santé mentale + dépression + burn out + bien-être mental
2022-05-29,75,Journée mondiale de la santé mentale,world mental health day + santé mentale + dépression + burn out + bien-être mental
2022-06-05,75,Journée mondiale de la santé mentale,world mental health day + santé mentale + dépression + burn out + bien-être mental
2022-06-12,74,Journée mondiale de la santé mentale,world mental health day + santé mentale + dépression + burn out + bien-être mental
2022-06-19,74,Journée mondiale de la santé mentale,world mental health day + santé mentale + dépression + burn out + bien-être mental
2022-06-26,73,Journée mondiale de la santé mentale,world mental health day + santé mentale + dépression + burn out + bien-être mental
2022-07-03,63,Journée mondiale de la santé mentale,world mental health day + santé mentale + dépression + burn out + bien-être mental
2022-07-10,59,Journée mondiale de la santé mentale,world mental health day + santé mentale + dépression + burn out + bien-être mental
2022-07-17,61,Journée mondiale de la santé mentale,world mental health day + santé mentale + dépression + burn out + bien-être mental
2022-07-24,65,Journée mondiale de la santé mentale,world mental health day + santé mentale + dépression + burn out + bien-être mental
2022-07-31,59,Journée mondiale de la santé mentale,world mental health day + santé mentale + dépression + burn out + bien-être mental
2022-08-07,63,Journée mondiale de la santé mentale,world mental health day + santé mentale + dépression + burn out + bien-être mental
2022-08-14,69,Journée mondiale de la santé mentale,world mental health day + santé mentale + dépression + burn out + bien-être mental
2022-08-21,65,Journée mondiale de la santé mentale,world mental health day + santé mentale + dépression + burn out + bien-être mental
2022-08-28,66,Journée mondiale de la santé mentale,world mental health day + santé mentale + dépression + burn out + bien-être mental
2022-09-04,71,Journée mondiale de la santé mentale,world mental health day + santé mentale + dépression + burn out + bien-être mental
2022-09-11,75,Journée mondiale de la santé mentale,world mental health day + santé mentale + dépression + burn out + bien-être mental
2022-09-18,74,Journée mondiale de la santé mentale,world mental health day + santé mentale + dépression + burn out + bien-être mental
2022-09-25,73,Journée mondiale de la santé mentale,world mental health day + santé mentale + dépression + burn out + bien-être mental
2022-10-02,77,Journée mondiale de la santé mentale,world mental health day + santé mentale + dépression + burn out + bien-être mental
2022-10-09,87,Journée mondiale de la santé mentale,world mental health day + santé mentale + dépression + burn out + bien-être mental
2022-10-16,75,Journée mondiale de la santé mentale,world mental health day + santé mentale + dépression + burn out + bien-être mental
2022-10-23,74,Journée mondiale de la santé mentale,world mental health day + santé mentale + dépression + burn out + bien-être mental
2022-10-30,67,Journée mondiale de la santé mentale,world mental health day + santé mentale + dépression + burn out + bien-être mental
2022-11-06,69,Journée mondiale de la santé mentale,world mental health day + santé mentale + dépression + burn out + bien-être mental
2022-11-13,85,Journée mondiale de la santé mentale,world mental health day + santé mentale + dépression + burn out + bien-être mental
2022-11-20,70,Journée mondiale de la santé mentale,world mental health day + santé mentale + dépression + burn out + bien-être mental
2022-11-27,69,Journée mondiale de la santé mentale,world mental health day + santé mentale + dépression + burn out + bien-être mental
2022-12-04,66,Journée mondiale de la santé mentale,world mental health day + santé mentale + dépression + burn out + bien-être mental
2022-12-11,73,Journée mondiale de la santé mentale,world mental health day + santé mentale + dépression + burn out + bien-être mental
2022-12-18,63,Journée mondiale de la santé mentale,world mental health day + santé mentale + dépression + burn out + bien-être mental
2022-12-25,63,Journée mondiale de la santé mentale,world mental health day + santé mentale + dépression + burn out + bien-être mental
2023-01-01,81,Journée mondiale de la santé mentale,world mental health day + santé mentale + dépression + burn out + bien-être mental
2023-01-08,78,Journée mondiale de la santé mentale,world mental health day + santé mentale + dépression + burn out + bien-être mental
2023-01-15,85,Journée mondiale de la santé mentale,world mental health day + santé mentale + dépression + burn out + bien-être mental
2023-01-22,83,Journée mondiale de la santé mentale,world mental health day + santé mentale + dépression + burn out + bien-être mental
2023-01-29,77,Journée mondiale de la santé mentale,world mental health day + santé mentale + dépression + burn out + bien-être mental
2023-02-05,75,Journée mondiale de la santé mentale,world mental health day + santé mentale + dépression + burn out + bien-être mental
2023-02-12,74,Journée mondiale de la santé mentale,world mental health day + santé mentale + dépression + burn out + bien-être mental
2023-02-19,80,Journée mondiale de la santé mentale,world mental health day + santé mentale + dépression + burn out + bien-être mental
2023-02-26,83,Journée mondiale de la santé mentale,world mental health day + santé mentale + dépression + burn out + bien-être mental
2023-03-05,84,Journée mondiale de la santé mentale,world mental health day + santé mentale + dépression + burn out + bien-être mental
2023-03-12,95,Journée mondiale de la santé mentale,world mental health day + santé mentale + dépression + burn out + bien-être mental
2023-03-19,83,Journée mondiale de la santé mentale,world mental health day + santé mentale + dépression + burn out + bien-être mental
2023-03-26,91,Journée mondiale de la santé mentale,world mental health day + santé mentale + dépression + burn out + bien-être mental
2023-04-02,83,Journée mondiale de la santé mentale,world mental health day + santé mentale + dépression + burn out + bien-être mental
2023-04-09,86,Journée mondiale de la santé mentale,world mental health day + santé mentale + dépression + burn out + bien-être mental
2023-04-16,85,Journée mondiale de la santé mentale,world mental health day + santé mentale + dépression + burn out + bien-être mental
2023-04-23,80,Journée mondiale de la santé mentale,world mental health day + santé mentale + dépression + burn out + bien-être mental
2023-04-30,73,Journée mondiale de la santé mentale,world mental health day + santé mentale + dépression + burn out + bien-être mental
2023-05-07,81,Journée mondiale de la santé mentale,world mental health day + santé mentale + dépression + burn out + bien-être mental
2023-05-14,78,Journée mondiale de la santé mentale,world mental health day + santé mentale + dépression + burn out + bien-être mental
2023-05-21,82,Journée mondiale de la santé mentale,world mental health day + santé mentale + dépression + burn out + bien-être mental
2023-05-28,73,Journée mondiale de la santé mentale,world mental health day + santé mentale + dépression + burn out + bien-être mental
2023-06-04,72,Journée mondiale de la santé mentale,world mental health day + santé mentale + dépression + burn out + bien-être mental
2023-06-11,78,Journée mondiale de la santé mentale,world mental health day + santé mentale + dépression + burn out + bien-être mental
2023-06-18,77,Journée mondiale de la santé mentale,world mental health day + santé mentale + dépression + burn out + bien-être mental
2023-06-25,71,Journée mondiale de la santé mentale,world mental health day + santé mentale + dépression + burn out + bien-être mental
2023-07-02,68,Journée mondiale de la santé mentale,world mental health day + santé mentale + dépression + burn out + bien-être mental
2023-07-09,61,Journée mondiale de la santé mentale,world mental health day + santé mentale + dépression + burn out + bien-être mental
2023-07-16,64,Journée mondiale de la santé mentale,world mental health day + santé mentale + dépression + burn out + bien-être mental
2023-07-23,63,Journée mondiale de la santé mentale,world mental health day + santé mentale + dépression + burn out + bien-être mental
2023-07-30,62,Journée mondiale de la santé mentale,world mental health day + santé mentale + dépression + burn out + bien-être mental
2023-08-06,56,Journée mondiale de la santé mentale,world mental health day + santé mentale + dépression + burn out + bien-être mental
2023-08-13,54,Journée mondiale de la santé mentale,world mental health day + santé mentale + dépression + burn out + bien-être mental
2023-08-20,61,Journée mondiale de la santé mentale,world mental health day + santé mentale + dépression + burn out + bien-être mental
2023-08-27,62,Journée mondiale de la santé mentale,world mental health day + santé mentale + dépression + burn out + bien-être mental
2023-09-03,69,Journée mondiale de la santé mentale,world mental health day + santé mentale + dépression + burn out + bien-être mental
2023-09-10,72,Journée mondiale de la santé mentale,world mental health day + santé mentale + dépression + burn out + bien-être mental
2023-09-17,73,Journée mondiale de la santé mentale,world mental health day + santé mentale + dépression + burn out + bien-être mental
2023-09-24,79,Journée mondiale de la santé mentale,world mental health day + santé mentale + dépression + burn out + bien-être mental
2023-10-01,82,Journée mondiale de la santé mentale,world mental health day + santé mentale + dépression + burn out + bien-être mental
2023-10-08,86,Journée mondiale de la santé mentale,world mental health day + santé mentale + dépression + burn out + bien-être mental
2023-10-15,79,Journée mondiale de la santé mentale,world mental health day + santé mentale + dépression + burn out + bien-être mental
2023-10-22,72,Journée mondiale de la santé mentale,world mental health day + santé mentale + dépression + burn out + bien-être mental
2023-10-29,69,Journée mondiale de la santé mentale,world mental health day + santé mentale + dépression + burn out + bien-être mental
2023-11-05,80,Journée mondiale de la santé mentale,world mental health day + santé mentale + dépression + burn out + bien-être mental
2023-11-12,80,Journée mondiale de la santé mentale,world mental health day + santé mentale + dépression + burn out + bien-être mental
2023-11-19,86,Journée mondiale de la santé mentale,world mental health day + santé mentale + dépression + burn out + bien-être mental
2023-11-26,92,Journée mondiale de la santé mentale,world mental health day + santé mentale + dépression + burn out + bien-être mental
2023-12-03,77,Journée mondiale de la santé mentale,world mental health day + santé mentale + dépression + burn out + bien-être mental
2023-12-10,88,Journée mondiale de la santé mentale,world mental health day + santé mentale + dépression + burn out + bien-être mental
2023-12-17,68,Journée mondiale de la santé mentale,world mental health day + santé mentale + dépression + burn out + bien-être mental
2023-12-24,57,Journée mondiale de la santé mentale,world mental health day + santé mentale + dépression + burn out + bien-être mental
2023-12-31,67,Journée mondiale de la santé mentale,world mental health day + santé mentale + dépression + burn out + bien-être mental
2024-01-07,78,Journée mondiale de la santé mentale,world mental health day + santé mentale + dépression + burn out + bien-être mental
2024-01-14,79,Journée mondiale de la santé mentale,world mental health day + santé mentale + dépression + burn out + bien-être mental
2024-01-21,83,Journée mondiale de la santé mentale,world mental health day + santé mentale + dépression + burn out + bien-être mental
2024-01-28,82,Journée mondiale de la santé mentale,world mental health day + santé mentale + dépression + burn out + bien-être mental
2024-02-04,82,Journée mondiale de la santé mentale,world mental health day + santé mentale + dépression + burn out + bien-être mental
2024-02-11,83,Journée mondiale de la santé mentale,world mental health day + santé mentale + dépression + burn out + bien-être mental
2024-02-18,91,Journée mondiale de la santé mentale,world mental health day + santé mentale + dépression + burn out + bien-être mental
2024-02-25,81,Journée mondiale de la santé mentale,world mental health day + santé mentale + dépression + burn out + bien-être mental
2024-03-03,81,Journée mondiale de la santé mentale,world mental health day + santé mentale + dépression + burn out + bien-être mental
2024-03-10,82,Journée mondiale de la santé mentale,world mental health day + santé mentale + dépression + burn out + bien-être mental
2024-03-17,83,Journée mondiale de la santé mentale,world mental health day + santé mentale + dépression + burn out + bien-être mental
2024-03-24,82,Journée mondiale de la santé mentale,world mental health day + santé mentale + dépression + burn out + bien-être mental
2024-03-31,77,Journée mondiale de la santé mentale,world mental health day + santé mentale + dépression + burn out + bien-être mental
2024-04-07,80,Journée mondiale de la santé mentale,world mental health day + santé mentale + dépression + burn out + bien-être mental
2024-04-14,75,Journée mondiale de la santé mentale,world mental health day + santé mentale + dépression + burn out + bien-être mental
2024-04-21,73,Journée mondiale de la santé mentale,world mental health day + santé mentale + dépression + burn out + bien-être mental
2024-04-28,68,Journée mondiale de la santé mentale,world mental health day + santé mentale + dépression + burn out + bien-être mental
2024-05-05,59,Journée mondiale de la santé mentale,world mental health day + santé mentale + dépression + burn out + bien-être mental
2024-05-12,75,Journée mondiale de la santé mentale,world mental health day + santé mentale + dépression + burn out + bien-être mental
2024-05-19,74,Journée mondiale de la santé mentale,world mental health day + santé mentale + dépression + burn out + bien-être mental
2024-05-26,78,Journée mondiale de la santé mentale,world mental health day + santé mentale + dépression + burn out + bien-être mental
2024-06-02,73,Journée mondiale de la santé mentale,world mental health day + santé mentale + dépression + burn out + bien-être mental
2024-06-09,70,Journée mondiale de la santé mentale,world mental health day + santé mentale + dépression + burn out + bien-être mental
2024-06-16,70,Journée mondiale de la santé mentale,world mental health day + santé mentale + dépression + burn out + bien-être mental
2024-06-23,71,Journée mondiale de la santé mentale,world mental health day + santé mentale + dépression + burn out + bien-être mental
2024-06-30,56,Journée mondiale de la santé mentale,world mental health day + santé mentale + dépression + burn out + bien-être mental
2024-07-07,61,Journée mondiale de la santé mentale,world mental health day + santé mentale + dépression + burn out + bien-être mental
2024-07-14,61,Journée mondiale de la santé mentale,world mental health day + santé mentale + dépression + burn out + bien-être mental
2024-07-21,59,Journée mondiale de la santé mentale,world mental health day + santé mentale + dépression + burn out + bien-être mental
2024-07-28,53,Journée mondiale de la santé mentale,world mental health day + santé mentale + dépression + burn out + bien-être mental
2024-08-04,54,Journée mondiale de la santé mentale,world mental health day + santé mentale + dépression + burn out + bien-être mental
2024-08-11,53,Journée mondiale de la santé mentale,world mental health day + santé mentale + dépression + burn out + bien-être mental
2024-08-18,60,Journée mondiale de la santé mentale,world mental health day + santé mentale + dépression + burn out + bien-être mental
2024-08-25,65,Journée mondiale de la santé mentale,world mental health day + santé mentale + dépression + burn out + bien-être mental
2024-09-01,62,Journée mondiale de la santé mentale,world mental health day + santé mentale + dépression + burn out + bien-être mental
2024-09-08,73,Journée mondiale de la santé mentale,world mental health day + santé mentale + dépression + burn out + bien-être mental
2024-09-15,81,Journée mondiale de la santé mentale,world mental health day + santé mentale + dépression + burn out + bien-être mental
2024-09-22,88,Journée mondiale de la santé mentale,world mental health day + santé mentale + dépression + burn out + bien-être mental
2024-09-29,87,Journée mondiale de la santé mentale,world mental health day + santé mentale + dépression + burn out + bien-être mental
2024-10-06,96,Journée mondiale de la santé mentale,world mental health day + santé mentale + dépression + burn out + bien-être mental
2024-10-13,94,Journée mondiale de la santé mentale,world mental health day + santé mentale + dépression + burn out + bien-être mental
2024-10-20,83,Journée mondiale de la santé mentale,world mental health day + santé mentale + dépression + burn out + bien-être mental
2024-10-27,81,Journée mondiale de la santé mentale,world mental health day + santé mentale + dépression + burn out + bien-être mental
2024-11-03,83,Journée mondiale de la santé mentale,world mental health day + santé mentale + dépression + burn out + bien-être mental
2024-11-10,82,Journée mondiale de la santé mentale,world mental health day + santé mentale + dépression + burn out + bien-être mental
2024-11-17,86,Journée mondiale de la santé mentale,world mental health day + santé mentale + dépression + burn out + bien-être mental
2024-11-24,81,Journée mondiale de la santé mentale,world mental health day + santé mentale + dépression + burn out + bien-être mental
2024-12-01,75,Journée mondiale de la santé mentale,world mental health day + santé mentale + dépression + burn out + bien-être mental
2024-12-08,79,Journée mondiale de la santé mentale,world mental health day + santé mentale + dépression + burn out + bien-être mental
2024-12-15,77,Journée mondiale de la santé mentale,world mental health day + santé mentale + dépression + burn out + bien-être mental
2024-12-22,52,Journée mondiale de la santé mentale,world mental health day + santé mentale + dépression + burn out + bien-être mental
2024-12-29,63,Journée mondiale de la santé mentale,world mental health day + santé mentale + dépression + burn out + bien-être mental
2025-01-05,83,Journée mondiale de la santé mentale,world mental health day + santé mentale + dépression + burn out + bien-être mental
2025-01-12,79,Journée mondiale de la santé mentale,world mental health day + santé mentale + dépression + burn out + bien-être mental
2025-01-19,82,Journée mondiale de la santé mentale,world mental health day + santé mentale + dépression + burn out + bien-être mental
2025-01-26,88,Journée mondiale de la santé mentale,world mental health day + santé mentale + dépression + burn out + bien-être mental
2025-02-02,86,Journée mondiale de la santé mentale,world mental health day + santé mentale + dépression + burn out + bien-être mental
2025-02-09,78,Journée mondiale de la santé mentale,world mental health day + santé mentale + dépression + burn out + bien-être mental
2025-02-16,79,Journée mondiale de la santé mentale,world mental health day + santé mentale + dépression + burn out + bien-être mental
2025-02-23,77,Journée mondiale de la santé mentale,world mental health day + santé mentale + dépression + burn out + bien-être mental
2025-03-02,81,Journée mondiale de la santé mentale,world mental health day + santé mentale + dépression + burn out + bien-être mental
2025-03-09,84,Journée mondiale de la santé mentale,world mental health day + santé mentale + dépression + burn out + bien-être mental
2025-03-16,100,Journée mondiale de la santé mentale,world mental health day + santé mentale + dépression + burn out + bien-être mental
2025-03-23,87,Journée mondiale de la santé mentale,world mental health day + santé mentale + dépression + burn out + bien-être mental
2025-03-30,90,Journée mondiale de la santé mentale,world mental health day + santé mentale + dépression + burn out + bien-être mental
2025-04-06,80,Journée mondiale de la santé mentale,world mental health day + santé mentale + dépression + burn out + bien-être mental
2025-04-13,73,Journée mondiale de la santé mentale,world mental health day + santé mentale + dépression + burn out + bien-être mental
2025-04-20,76,Journée mondiale de la santé mentale,world mental health day + santé mentale + dépression + burn out + bien-être mental
2025-04-27,69,Journée mondiale de la santé mentale,world mental health day + santé mentale + dépression + burn out + bien-être mental
2025-05-04,91,Journée mondiale de la santé mentale,world mental health day + santé mentale + dépression + burn out + bien-être mental
2025-05-11,86,Journée mondiale de la santé mentale,world mental health day + santé mentale + dépression + burn out + bien-être mental
2025-05-18,81,Journée mondiale de la santé mentale,world mental health day + santé mentale + dépression + burn out + bien-être mental
2025-05-25,73,Journée mondiale de la santé mentale,world mental health day + santé mentale + dépression + burn out + bien-être mental
2025-06-01,80,Journée mondiale de la santé mentale,world mental health day + santé mentale + dépression + burn out + bien-être mental
2025-06-08,78,Journée mondiale de la santé mentale,world mental health day + santé mentale + dépression + burn out + bien-être mental
2025-06-15,73,Journée mondiale de la santé mentale,world mental health day + santé mentale + dépression + burn out + bien-être mental
2025-06-22,73,Journée mondiale de la santé mentale,world mental health day + santé mentale + dépression + burn out + bien-être mental
2025-06-29,61,Journée mondiale de la santé mentale,world mental health day + santé mentale + dépression + burn out + bien-être mental
2025-07-06,66,Journée mondiale de la santé mentale,world mental health day + santé mentale + dépression + burn out + bien-être mental
2025-07-13,64,Journée mondiale de la santé mentale,world mental health day + santé mentale + dépression + burn out + bien-être mental
2025-07-20,60,Journée mondiale de la santé mentale,world mental health day + santé mentale + dépression + burn out + bien-être mental
2025-07-27,59,Journée mondiale de la santé mentale,world mental health day + santé mentale + dépression + burn out + bien-être mental
2025-08-03,57,Journée mondiale de la santé mentale,world mental health day + santé mentale + dépression + burn out + bien-être mental
2025-08-10,50,Journée mondiale de la santé mentale,world mental health day + santé mentale + dépression + burn out + bien-être mental
2025-08-17,58,Journée mondiale de la santé mentale,world mental health day + santé mentale + dépression + burn out + bien-être mental
2025-08-24,62,Journée mondiale de la santé mentale,world mental health day + santé mentale + dépression + burn out + bien-être mental
2025-08-31,67,Journée mondiale de la santé mentale,world mental health day + santé mentale + dépression + burn out + bien-être mental
2025-09-07,70,Journée mondiale de la santé mentale,world mental health day + santé mentale + dépression + burn out + bien-être mental
2025-09-14,74,Journée mondiale de la santé mentale,world mental health day + santé mentale + dépression + burn out + bien-être mental
2025-09-21,74,Journée mondiale de la santé mentale,world mental health day + santé mentale + dépression + burn out + bien-être mental
2025-09-28,80,Journée mondiale de la santé mentale,world mental health day + santé mentale + dépression + burn out + bien-être mental
2025-10-05,91,Journée mondiale de la santé mentale,world mental health day + santé mentale + dépression + burn out + bien-être mental
2025-10-12,88,Journée mondiale de la santé mentale,world mental health day + santé mentale + dépression + burn out + bien-être mental
2025-10-19,74,Journée mondiale de la santé mentale,world mental health day + santé mentale + dépression + burn out + bien-être mental
2025-10-26,74,Journée mondiale de la santé mentale,world mental health day + santé mentale + dépression + burn out + bien-être mental
2025-11-02,92,Journée mondiale de la santé mentale,world mental health day + santé mentale + dépression + burn out + bien-être mental
2025-11-09,77,Journée mondiale de la santé mentale,world mental health day + santé mentale + dépression + burn out + bien-être mental
2025-11-16,79,Journée mondiale de la santé mentale,world mental health day + santé mentale + dépression + burn out + bien-être mental
2025-11-23,79,Journée mondiale de la santé mentale,world mental health day + santé mentale + dépression + burn out + bien-être mental
2025-11-30,75,Journée mondiale de la santé mentale,world mental health day + santé mentale + dépression + burn out + bien-être mental
2025-12-07,78,Journée mondiale de la santé mentale,world mental health day + santé mentale + dépression + burn out + bien-être mental
2025-12-14,76,Journée mondiale de la santé mentale,world mental health day + santé mentale + dépression + burn out + bien-être mental
2025-12-21,50,Journée mondiale de la santé mentale,world mental health day + santé mentale + dépression + burn out + bien-être mental
2025-12-28,54,Journée mondiale de la santé mentale,world mental health day + santé mentale + dépression + burn out + bien-être mental
2020-12-27,28,Journée mondiale de la trisomie 21,trisomie 21 + syndrome de Down + trisomie dépistage + trisomie sensibilisation + journée trisomie
2021-01-03,33,Journée mondiale de la trisomie 21,trisomie 21 + syndrome de Down + trisomie dépistage + trisomie sensibilisation + journée trisomie
2021-01-10,37,Journée mondiale de la trisomie 21,trisomie 21 + syndrome de Down + trisomie dépistage + trisomie sensibilisation + journée trisomie
2021-01-17,35,Journée mondiale de la trisomie 21,trisomie 21 + syndrome de Down + trisomie dépistage + trisomie sensibilisation + journée trisomie
2021-01-24,32,Journée mondiale de la trisomie 21,trisomie 21 + syndrome de Down + trisomie dépistage + trisomie sensibilisation + journée trisomie
2021-01-31,29,Journée mondiale de la trisomie 21,trisomie 21 + syndrome de Down + trisomie dépistage + trisomie sensibilisation + journée trisomie
2021-02-07,29,Journée mondiale de la trisomie 21,trisomie 21 + syndrome de Down + trisomie dépistage + trisomie sensibilisation + journée trisomie
2021-02-14,30,Journée mondiale de la trisomie 21,trisomie 21 + syndrome de Down + trisomie dépistage + trisomie sensibilisation + journée trisomie
2021-02-21,28,Journée mondiale de la trisomie 21,trisomie 21 + syndrome de Down + trisomie dépistage + trisomie sensibilisation + journée trisomie
2021-02-28,31,Journée mondiale de la trisomie 21,trisomie 21 + syndrome de Down + trisomie dépistage + trisomie sensibilisation + journée trisomie
2021-03-07,37,Journée mondiale de la trisomie 21,trisomie 21 + syndrome de Down + trisomie dépistage + trisomie sensibilisation + journée trisomie
2021-03-14,46,Journée mondiale de la trisomie 21,trisomie 21 + syndrome de Down + trisomie dépistage + trisomie sensibilisation + journée trisomie
2021-03-21,75,Journée mondiale de la trisomie 21,trisomie 21 + syndrome de Down + trisomie dépistage + trisomie sensibilisation + journée trisomie
2021-03-28,32,Journée mondiale de la trisomie 21,trisomie 21 + syndrome de Down + trisomie dépistage + trisomie sensibilisation + journée trisomie
2021-04-04,28,Journée mondiale de la trisomie 21,trisomie 21 + syndrome de Down + trisomie dépistage + trisomie sensibilisation + journée trisomie
2021-04-11,33,Journée mondiale de la trisomie 21,trisomie 21 + syndrome de Down + trisomie dépistage + trisomie sensibilisation + journée trisomie
2021-04-18,27,Journée mondiale de la trisomie 21,trisomie 21 + syndrome de Down + trisomie dépistage + trisomie sensibilisation + journée trisomie
2021-04-25,30,Journée mondiale de la trisomie 21,trisomie 21 + syndrome de Down + trisomie dépistage + trisomie sensibilisation + journée trisomie
2021-05-02,34,Journée mondiale de la trisomie 21,trisomie 21 + syndrome de Down + trisomie dépistage + trisomie sensibilisation + journée trisomie
2021-05-09,38,Journée mondiale de la trisomie 21,trisomie 21 + syndrome de Down + trisomie dépistage + trisomie sensibilisation + journée trisomie
2021-05-16,30,Journée mondiale de la trisomie 21,trisomie 21 + syndrome de Down + trisomie dépistage + trisomie sensibilisation + journée trisomie
2021-05-23,32,Journée mondiale de la trisomie 21,trisomie 21 + syndrome de Down + trisomie dépistage + trisomie sensibilisation + journée trisomie
2021-05-30,25,Journée mondiale de la trisomie 21,trisomie 21 + syndrome de Down + trisomie dépistage + trisomie sensibilisation + journée trisomie
2021-06-06,29,Journée mondiale de la trisomie 21,trisomie 21 + syndrome de Down + trisomie dépistage + trisomie sensibilisation + journée trisomie
2021-06-13,25,Journée mondiale de la trisomie 21,trisomie 21 + syndrome de Down + trisomie dépistage + trisomie sensibilisation + journée trisomie
2021-06-20,27,Journée mondiale de la trisomie 21,trisomie 21 + syndrome de Down + trisomie dépistage + trisomie sensibilisation + journée trisomie
2021-06-27,26,Journée mondiale de la trisomie 21,trisomie 21 + syndrome de Down + trisomie dépistage + trisomie sensibilisation + journée trisomie
2021-07-04,22,Journée mondiale de la trisomie 21,trisomie 21 + syndrome de Down + trisomie dépistage + trisomie sensibilisation + journée trisomie
2021-07-11,21,Journée mondiale de la trisomie 21,trisomie 21 + syndrome de Down + trisomie dépistage + trisomie sensibilisation + journée trisomie
2021-07-18,26,Journée mondiale de la trisomie 21,trisomie 21 + syndrome de Down + trisomie dépistage + trisomie sensibilisation + journée trisomie
2021-07-25,25,Journée mondiale de la trisomie 21,trisomie 21 + syndrome de Down + trisomie dépistage + trisomie sensibilisation + journée trisomie
2021-08-01,24,Journée mondiale de la trisomie 21,trisomie 21 + syndrome de Down + trisomie dépistage + trisomie sensibilisation + journée trisomie
2021-08-08,25,Journée mondiale de la trisomie 21,trisomie 21 + syndrome de Down + trisomie dépistage + trisomie sensibilisation + journée trisomie
2021-08-15,28,Journée mondiale de la trisomie 21,trisomie 21 + syndrome de Down + trisomie dépistage + trisomie sensibilisation + journée trisomie
2021-08-22,30,Journée mondiale de la trisomie 21,trisomie 21 + syndrome de Down + trisomie dépistage + trisomie sensibilisation + journée trisomie
2021-08-29,28,Journée mondiale de la trisomie 21,trisomie 21 + syndrome de Down + trisomie dépistage + trisomie sensibilisation + journée trisomie
2021-09-05,27,Journée mondiale de la trisomie 21,trisomie 21 + syndrome de Down + trisomie dépistage + trisomie sensibilisation + journée trisomie
2021-09-12,26,Journée mondiale de la trisomie 21,trisomie 21 + syndrome de Down + trisomie dépistage + trisomie sensibilisation + journée trisomie
2021-09-19,29,Journée mondiale de la trisomie 21,trisomie 21 + syndrome de Down + trisomie dépistage + trisomie sensibilisation + journée trisomie
2021-09-26,31,Journée mondiale de la trisomie 21,trisomie 21 + syndrome de Down + trisomie dépistage + trisomie sensibilisation + journée trisomie
2021-10-03,28,Journée mondiale de la trisomie 21,trisomie 21 + syndrome de Down + trisomie dépistage + trisomie sensibilisation + journée trisomie
2021-10-10,32,Journée mondiale de la trisomie 21,trisomie 21 + syndrome de Down + trisomie dépistage + trisomie sensibilisation + journée trisomie
2021-10-17,31,Journée mondiale de la trisomie 21,trisomie 21 + syndrome de Down + trisomie dépistage + trisomie sensibilisation + journée trisomie
2021-10-24,24,Journée mondiale de la trisomie 21,trisomie 21 + syndrome de Down + trisomie dépistage + trisomie sensibilisation + journée trisomie
2021-10-31,24,Journée mondiale de la trisomie 21,trisomie 21 + syndrome de Down + trisomie dépistage + trisomie sensibilisation + journée trisomie
2021-11-07,29,Journée mondiale de la trisomie 21,trisomie 21 + syndrome de Down + trisomie dépistage + trisomie sensibilisation + journée trisomie
2021-11-14,31,Journée mondiale de la trisomie 21,trisomie 21 + syndrome de Down + trisomie dépistage + trisomie sensibilisation + journée trisomie
2021-11-21,28,Journée mondiale de la trisomie 21,trisomie 21 + syndrome de Down + trisomie dépistage + trisomie sensibilisation + journée trisomie
2021-11-28,26,Journée mondiale de la trisomie 21,trisomie 21 + syndrome de Down + trisomie dépistage + trisomie sensibilisation + journée trisomie
2021-12-05,27,Journée mondiale de la trisomie 21,trisomie 21 + syndrome de Down + trisomie dépistage + trisomie sensibilisation + journée trisomie
2021-12-12,31,Journée mondiale de la trisomie 21,trisomie 21 + syndrome de Down + trisomie dépistage + trisomie sensibilisation + journée trisomie
2021-12-19,25,Journée mondiale de la trisomie 21,trisomie 21 + syndrome de Down + trisomie dépistage + trisomie sensibilisation + journée trisomie
2021-12-26,28,Journée mondiale de la trisomie 21,trisomie 21 + syndrome de Down + trisomie dépistage + trisomie sensibilisation + journée trisomie
2022-01-02,32,Journée mondiale de la trisomie 21,trisomie 21 + syndrome de Down + trisomie dépistage + trisomie sensibilisation + journée trisomie
2022-01-09,31,Journée mondiale de la trisomie 21,trisomie 21 + syndrome de Down + trisomie dépistage + trisomie sensibilisation + journée trisomie
2022-01-16,32,Journée mondiale de la trisomie 21,trisomie 21 + syndrome de Down + trisomie dépistage + trisomie sensibilisation + journée trisomie
2022-01-23,34,Journée mondiale de la trisomie 21,trisomie 21 + syndrome de Down + trisomie dépistage + trisomie sensibilisation + journée trisomie
2022-01-30,36,Journée mondiale de la trisomie 21,trisomie 21 + syndrome de Down + trisomie dépistage + trisomie sensibilisation + journée trisomie
2022-02-06,35,Journée mondiale de la trisomie 21,trisomie 21 + syndrome de Down + trisomie dépistage + trisomie sensibilisation + journée trisomie
2022-02-13,54,Journée mondiale de la trisomie 21,trisomie 21 + syndrome de Down + trisomie dépistage + trisomie sensibilisation + journée trisomie
2022-02-20,41,Journée mondiale de la trisomie 21,trisomie 21 + syndrome de Down + trisomie dépistage + trisomie sensibilisation + journée trisomie
2022-02-27,37,Journée mondiale de la trisomie 21,trisomie 21 + syndrome de Down + trisomie dépistage + trisomie sensibilisation + journée trisomie
2022-03-06,38,Journée mondiale de la trisomie 21,trisomie 21 + syndrome de Down + trisomie dépistage + trisomie sensibilisation + journée trisomie
2022-03-13,49,Journée mondiale de la trisomie 21,trisomie 21 + syndrome de Down + trisomie dépistage + trisomie sensibilisation + journée trisomie
2022-03-20,75,Journée mondiale de la trisomie 21,trisomie 21 + syndrome de Down + trisomie dépistage + trisomie sensibilisation + journée trisomie
2022-03-27,34,Journée mondiale de la trisomie 21,trisomie 21 + syndrome de Down + trisomie dépistage + trisomie sensibilisation + journée trisomie
2022-04-03,36,Journée mondiale de la trisomie 21,trisomie 21 + syndrome de Down + trisomie dépistage + trisomie sensibilisation + journée trisomie
2022-04-10,31,Journée mondiale de la trisomie 21,trisomie 21 + syndrome de Down + trisomie dépistage + trisomie sensibilisation + journée trisomie
2022-04-17,28,Journée mondiale de la trisomie 21,trisomie 21 + syndrome de Down + trisomie dépistage + trisomie sensibilisation + journée trisomie
2022-04-24,30,Journée mondiale de la trisomie 21,trisomie 21 + syndrome de Down + trisomie dépistage + trisomie sensibilisation + journée trisomie
2022-05-01,33,Journée mondiale de la trisomie 21,trisomie 21 + syndrome de Down + trisomie dépistage + trisomie sensibilisation + journée trisomie
2022-05-08,33,Journée mondiale de la trisomie 21,trisomie 21 + syndrome de Down + trisomie dépistage + trisomie sensibilisation + journée trisomie
2022-05-15,32,Journée mondiale de la trisomie 21,trisomie 21 + syndrome de Down + trisomie dépistage + trisomie sensibilisation + journée trisomie
2022-05-22,31,Journée mondiale de la trisomie 21,trisomie 21 + syndrome de Down + trisomie dépistage + trisomie sensibilisation + journée trisomie
2022-05-29,72,Journée mondiale de la trisomie 21,trisomie 21 + syndrome de Down + trisomie dépistage + trisomie sensibilisation + journée trisomie
2022-06-05,57,Journée mondiale de la trisomie 21,trisomie 21 + syndrome de Down + trisomie dépistage + trisomie sensibilisation + journée trisomie
2022-06-12,45,Journée mondiale de la trisomie 21,trisomie 21 + syndrome de Down + trisomie dépistage + trisomie sensibilisation + journée trisomie
2022-06-19,39,Journée mondiale de la trisomie 21,trisomie 21 + syndrome de Down + trisomie dépistage + trisomie sensibilisation + journée trisomie
2022-06-26,28,Journée mondiale de la trisomie 21,trisomie 21 + syndrome de Down + trisomie dépistage + trisomie sensibilisation + journée trisomie
2022-07-03,33,Journée mondiale de la trisomie 21,trisomie 21 + syndrome de Down + trisomie dépistage + trisomie sensibilisation + journée trisomie
2022-07-10,25,Journée mondiale de la trisomie 21,trisomie 21 + syndrome de Down + trisomie dépistage + trisomie sensibilisation + journée trisomie
2022-07-17,29,Journée mondiale de la trisomie 21,trisomie 21 + syndrome de Down + trisomie dépistage + trisomie sensibilisation + journée trisomie
2022-07-24,31,Journée mondiale de la trisomie 21,trisomie 21 + syndrome de Down + trisomie dépistage + trisomie sensibilisation + journée trisomie
2022-07-31,27,Journée mondiale de la trisomie 21,trisomie 21 + syndrome de Down + trisomie dépistage + trisomie sensibilisation + journée trisomie
2022-08-07,27,Journée mondiale de la trisomie 21,trisomie 21 + syndrome de Down + trisomie dépistage + trisomie sensibilisation + journée trisomie
2022-08-14,27,Journée mondiale de la trisomie 21,trisomie 21 + syndrome de Down + trisomie dépistage + trisomie sensibilisation + journée trisomie
2022-08-21,28,Journée mondiale de la trisomie 21,trisomie 21 + syndrome de Down + trisomie dépistage + trisomie sensibilisation + journée trisomie
2022-08-28,33,Journée mondiale de la trisomie 21,trisomie 21 + syndrome de Down + trisomie dépistage + trisomie sensibilisation + journée trisomie
2022-09-04,29,Journée mondiale de la trisomie 21,trisomie 21 + syndrome de Down + trisomie dépistage + trisomie sensibilisation + journée trisomie
2022-09-11,35,Journée mondiale de la trisomie 21,trisomie 21 + syndrome de Down + trisomie dépistage + trisomie sensibilisation + journée trisomie
2022-09-18,33,Journée mondiale de la trisomie 21,trisomie 21 + syndrome de Down + trisomie dépistage + trisomie sensibilisation + journée trisomie
2022-09-25,32,Journée mondiale de la trisomie 21,trisomie 21 + syndrome de Down + trisomie dépistage + trisomie sensibilisation + journée trisomie
2022-10-02,33,Journée mondiale de la trisomie 21,trisomie 21 + syndrome de Down + trisomie dépistage + trisomie sensibilisation + journée trisomie
2022-10-09,35,Journée mondiale de la trisomie 21,trisomie 21 + syndrome de Down + trisomie dépistage + trisomie sensibilisation + journée trisomie
2022-10-16,33,Journée mondiale de la trisomie 21,trisomie 21 + syndrome de Down + trisomie dépistage + trisomie sensibilisation + journée trisomie
2022-10-23,27,Journée mondiale de la trisomie 21,trisomie 21 + syndrome de Down + trisomie dépistage + trisomie sensibilisation + journée trisomie
2022-10-30,28,Journée mondiale de la trisomie 21,trisomie 21 + syndrome de Down + trisomie dépistage + trisomie sensibilisation + journée trisomie
2022-11-06,33,Journée mondiale de la trisomie 21,trisomie 21 + syndrome de Down + trisomie dépistage + trisomie sensibilisation + journée trisomie
2022-11-13,33,Journée mondiale de la trisomie 21,trisomie 21 + syndrome de Down + trisomie dépistage + trisomie sensibilisation + journée trisomie
2022-11-20,32,Journée mondiale de la trisomie 21,trisomie 21 + syndrome de Down + trisomie dépistage + trisomie sensibilisation + journée trisomie
2022-11-27,31,Journée mondiale de la trisomie 21,trisomie 21 + syndrome de Down + trisomie dépistage + trisomie sensibilisation + journée trisomie
2022-12-04,31,Journée mondiale de la trisomie 21,trisomie 21 + syndrome de Down + trisomie dépistage + trisomie sensibilisation + journée trisomie
2022-12-11,26,Journée mondiale de la trisomie 21,trisomie 21 + syndrome de Down + trisomie dépistage + trisomie sensibilisation + journée trisomie
2022-12-18,26,Journée mondiale de la trisomie 21,trisomie 21 + syndrome de Down + trisomie dépistage + trisomie sensibilisation + journée trisomie
2022-12-25,26,Journée mondiale de la trisomie 21,trisomie 21 + syndrome de Down + trisomie dépistage + trisomie sensibilisation + journée trisomie
2023-01-01,29,Journée mondiale de la trisomie 21,trisomie 21 + syndrome de Down + trisomie dépistage + trisomie sensibilisation + journée trisomie
2023-01-08,33,Journée mondiale de la trisomie 21,trisomie 21 + syndrome de Down + trisomie dépistage + trisomie sensibilisation + journée trisomie
2023-01-15,28,Journée mondiale de la trisomie 21,trisomie 21 + syndrome de Down + trisomie dépistage + trisomie sensibilisation + journée trisomie
2023-01-22,32,Journée mondiale de la trisomie 21,trisomie 21 + syndrome de Down + trisomie dépistage + trisomie sensibilisation + journée trisomie
2023-01-29,29,Journée mondiale de la trisomie 21,trisomie 21 + syndrome de Down + trisomie dépistage + trisomie sensibilisation + journée trisomie
2023-02-05,31,Journée mondiale de la trisomie 21,trisomie 21 + syndrome de Down + trisomie dépistage + trisomie sensibilisation + journée trisomie
2023-02-12,29,Journée mondiale de la trisomie 21,trisomie 21 + syndrome de Down + trisomie dépistage + trisomie sensibilisation + journée trisomie
2023-02-19,29,Journée mondiale de la trisomie 21,trisomie 21 + syndrome de Down + trisomie dépistage + trisomie sensibilisation + journée trisomie
2023-02-26,29,Journée mondiale de la trisomie 21,trisomie 21 + syndrome de Down + trisomie dépistage + trisomie sensibilisation + journée trisomie
2023-03-05,34,Journée mondiale de la trisomie 21,trisomie 21 + syndrome de Down + trisomie dépistage + trisomie sensibilisation + journée trisomie
2023-03-12,40,Journée mondiale de la trisomie 21,trisomie 21 + syndrome de Down + trisomie dépistage + trisomie sensibilisation + journée trisomie
2023-03-19,100,Journée mondiale de la trisomie 21,trisomie 21 + syndrome de Down + trisomie dépistage + trisomie sensibilisation + journée trisomie
2023-03-26,36,Journée mondiale de la trisomie 21,trisomie 21 + syndrome de Down + trisomie dépistage + trisomie sensibilisation + journée trisomie
2023-04-02,40,Journée mondiale de la trisomie 21,trisomie 21 + syndrome de Down + trisomie dépistage + trisomie sensibilisation + journée trisomie
2023-04-09,31,Journée mondiale de la trisomie 21,trisomie 21 + syndrome de Down + trisomie dépistage + trisomie sensibilisation + journée trisomie
2023-04-16,34,Journée mondiale de la trisomie 21,trisomie 21 + syndrome de Down + trisomie dépistage + trisomie sensibilisation + journée trisomie
2023-04-23,73,Journée mondiale de la trisomie 21,trisomie 21 + syndrome de Down + trisomie dépistage + trisomie sensibilisation + journée trisomie
2023-04-30,36,Journée mondiale de la trisomie 21,trisomie 21 + syndrome de Down + trisomie dépistage + trisomie sensibilisation + journée trisomie
2023-05-07,33,Journée mondiale de la trisomie 21,trisomie 21 + syndrome de Down + trisomie dépistage + trisomie sensibilisation + journée trisomie
2023-05-14,29,Journée mondiale de la trisomie 21,trisomie 21 + syndrome de Down + trisomie dépistage + trisomie sensibilisation + journée trisomie
2023-05-21,31,Journée mondiale de la trisomie 21,trisomie 21 + syndrome de Down + trisomie dépistage + trisomie sensibilisation + journée trisomie
2023-05-28,29,Journée mondiale de la trisomie 21,trisomie 21 + syndrome de Down + trisomie dépistage + trisomie sensibilisation + journée trisomie
2023-06-04,30,Journée mondiale de la trisomie 21,trisomie 21 + syndrome de Down + trisomie dépistage + trisomie sensibilisation + journée trisomie
2023-06-11,30,Journée mondiale de la trisomie 21,trisomie 21 + syndrome de Down + trisomie dépistage + trisomie sensibilisation + journée trisomie
2023-06-18,34,Journée mondiale de la trisomie 21,trisomie 21 + syndrome de Down + trisomie dépistage + trisomie sensibilisation + journée trisomie
2023-06-25,25,Journée mondiale de la trisomie 21,trisomie 21 + syndrome de Down + trisomie dépistage + trisomie sensibilisation + journée trisomie
2023-07-02,27,Journée mondiale de la trisomie 21,trisomie 21 + syndrome de Down + trisomie dépistage + trisomie sensibilisation + journée trisomie
2023-07-09,24,Journée mondiale de la trisomie 21,trisomie 21 + syndrome de Down + trisomie dépistage + trisomie sensibilisation + journée trisomie
2023-07-16,31,Journée mondiale de la trisomie 21,trisomie 21 + syndrome de Down + trisomie dépistage + trisomie sensibilisation + journée trisomie
2023-07-23,28,Journée mondiale de la trisomie 21,trisomie 21 + syndrome de Down + trisomie dépistage + trisomie sensibilisation + journée trisomie
2023-07-30,25,Journée mondiale de la trisomie 21,trisomie 21 + syndrome de Down + trisomie dépistage + trisomie sensibilisation + journée trisomie
2023-08-06,30,Journée mondiale de la trisomie 21,trisomie 21 + syndrome de Down + trisomie dépistage + trisomie sensibilisation + journée trisomie
2023-08-13,25,Journée mondiale de la trisomie 21,trisomie 21 + syndrome de Down + trisomie dépistage + trisomie sensibilisation + journée trisomie
2023-08-20,29,Journée mondiale de la trisomie 21,trisomie 21 + syndrome de Down + trisomie dépistage + trisomie sensibilisation + journée trisomie
2023-08-27,25,Journée mondiale de la trisomie 21,trisomie 21 + syndrome de Down + trisomie dépistage + trisomie sensibilisation + journée trisomie
2023-09-03,32,Journée mondiale de la trisomie 21,trisomie 21 + syndrome de Down + trisomie dépistage + trisomie sensibilisation + journée trisomie
2023-09-10,27,Journée mondiale de la trisomie 21,trisomie 21 + syndrome de Down + trisomie dépistage + trisomie sensibilisation + journée trisomie
2023-09-17,28,Journée mondiale de la trisomie 21,trisomie 21 + syndrome de Down + trisomie dépistage + trisomie sensibilisation + journée trisomie
2023-09-24,35,Journée mondiale de la trisomie 21,trisomie 21 + syndrome de Down + trisomie dépistage + trisomie sensibilisation + journée trisomie
2023-10-01,32,Journée mondiale de la trisomie 21,trisomie 21 + syndrome de Down + trisomie dépistage + trisomie sensibilisation + journée trisomie
2023-10-08,33,Journée mondiale de la trisomie 21,trisomie 21 + syndrome de Down + trisomie dépistage + trisomie sensibilisation + journée trisomie
2023-10-15,31,Journée mondiale de la trisomie 21,trisomie 21 + syndrome de Down + trisomie dépistage + trisomie sensibilisation + journée trisomie
2023-10-22,28,Journée mondiale de la trisomie 21,trisomie 21 + syndrome de Down + trisomie dépistage + trisomie sensibilisation + journée trisomie
2023-10-29,28,Journée mondiale de la trisomie 21,trisomie 21 + syndrome de Down + trisomie dépistage + trisomie sensibilisation + journée trisomie
2023-11-05,30,Journée mondiale de la trisomie 21,trisomie 21 + syndrome de Down + trisomie dépistage + trisomie sensibilisation + journée trisomie
2023-11-12,32,Journée mondiale de la trisomie 21,trisomie 21 + syndrome de Down + trisomie dépistage + trisomie sensibilisation + journée trisomie
2023-11-19,31,Journée mondiale de la trisomie 21,trisomie 21 + syndrome de Down + trisomie dépistage + trisomie sensibilisation + journée trisomie
2023-11-26,28,Journée mondiale de la trisomie 21,trisomie 21 + syndrome de Down + trisomie dépistage + trisomie sensibilisation + journée trisomie
2023-12-03,31,Journée mondiale de la trisomie 21,trisomie 21 + syndrome de Down + trisomie dépistage + trisomie sensibilisation + journée trisomie
2023-12-10,32,Journée mondiale de la trisomie 21,trisomie 21 + syndrome de Down + trisomie dépistage + trisomie sensibilisation + journée trisomie
2023-12-17,30,Journée mondiale de la trisomie 21,trisomie 21 + syndrome de Down + trisomie dépistage + trisomie sensibilisation + journée trisomie
2023-12-24,27,Journée mondiale de la trisomie 21,trisomie 21 + syndrome de Down + trisomie dépistage + trisomie sensibilisation + journée trisomie
2023-12-31,26,Journée mondiale de la trisomie 21,trisomie 21 + syndrome de Down + trisomie dépistage + trisomie sensibilisation + journée trisomie
2024-01-07,36,Journée mondiale de la trisomie 21,trisomie 21 + syndrome de Down + trisomie dépistage + trisomie sensibilisation + journée trisomie
2024-01-14,35,Journée mondiale de la trisomie 21,trisomie 21 + syndrome de Down + trisomie dépistage + trisomie sensibilisation + journée trisomie
2024-01-21,32,Journée mondiale de la trisomie 21,trisomie 21 + syndrome de Down + trisomie dépistage + trisomie sensibilisation + journée trisomie
2024-01-28,29,Journée mondiale de la trisomie 21,trisomie 21 + syndrome de Down + trisomie dépistage + trisomie sensibilisation + journée trisomie
2024-02-04,29,Journée mondiale de la trisomie 21,trisomie 21 + syndrome de Down + trisomie dépistage + trisomie sensibilisation + journée trisomie
2024-02-11,29,Journée mondiale de la trisomie 21,trisomie 21 + syndrome de Down + trisomie dépistage + trisomie sensibilisation + journée trisomie
2024-02-18,29,Journée mondiale de la trisomie 21,trisomie 21 + syndrome de Down + trisomie dépistage + trisomie sensibilisation + journée trisomie
2024-02-25,31,Journée mondiale de la trisomie 21,trisomie 21 + syndrome de Down + trisomie dépistage + trisomie sensibilisation + journée trisomie
2024-03-03,29,Journée mondiale de la trisomie 21,trisomie 21 + syndrome de Down + trisomie dépistage + trisomie sensibilisation + journée trisomie
2024-03-10,34,Journée mondiale de la trisomie 21,trisomie 21 + syndrome de Down + trisomie dépistage + trisomie sensibilisation + journée trisomie
2024-03-17,85,Journée mondiale de la trisomie 21,trisomie 21 + syndrome de Down + trisomie dépistage + trisomie sensibilisation + journée trisomie
2024-03-24,33,Journée mondiale de la trisomie 21,trisomie 21 + syndrome de Down + trisomie dépistage + trisomie sensibilisation + journée trisomie
2024-03-31,31,Journée mondiale de la trisomie 21,trisomie 21 + syndrome de Down + trisomie dépistage + trisomie sensibilisation + journée trisomie
2024-04-07,30,Journée mondiale de la trisomie 21,trisomie 21 + syndrome de Down + trisomie dépistage + trisomie sensibilisation + journée trisomie
2024-04-14,30,Journée mondiale de la trisomie 21,trisomie 21 + syndrome de Down + trisomie dépistage + trisomie sensibilisation + journée trisomie
2024-04-21,29,Journée mondiale de la trisomie 21,trisomie 21 + syndrome de Down + trisomie dépistage + trisomie sensibilisation + journée trisomie
2024-04-28,29,Journée mondiale de la trisomie 21,trisomie 21 + syndrome de Down + trisomie dépistage + trisomie sensibilisation + journée trisomie
2024-05-05,30,Journée mondiale de la trisomie 21,trisomie 21 + syndrome de Down + trisomie dépistage + trisomie sensibilisation + journée trisomie
2024-05-12,34,Journée mondiale de la trisomie 21,trisomie 21 + syndrome de Down + trisomie dépistage + trisomie sensibilisation + journée trisomie
2024-05-19,33,Journée mondiale de la trisomie 21,trisomie 21 + syndrome de Down + trisomie dépistage + trisomie sensibilisation + journée trisomie
2024-05-26,32,Journée mondiale de la trisomie 21,trisomie 21 + syndrome de Down + trisomie dépistage + trisomie sensibilisation + journée trisomie
2024-06-02,34,Journée mondiale de la trisomie 21,trisomie 21 + syndrome de Down + trisomie dépistage + trisomie sensibilisation + journée trisomie
2024-06-09,30,Journée mondiale de la trisomie 21,trisomie 21 + syndrome de Down + trisomie dépistage + trisomie sensibilisation + journée trisomie
2024-06-16,26,Journée mondiale de la trisomie 21,trisomie 21 + syndrome de Down + trisomie dépistage + trisomie sensibilisation + journée trisomie
2024-06-23,30,Journée mondiale de la trisomie 21,trisomie 21 + syndrome de Down + trisomie dépistage + trisomie sensibilisation + journée trisomie
2024-06-30,23,Journée mondiale de la trisomie 21,trisomie 21 + syndrome de Down + trisomie dépistage + trisomie sensibilisation + journée trisomie
2024-07-07,23,Journée mondiale de la trisomie 21,trisomie 21 + syndrome de Down + trisomie dépistage + trisomie sensibilisation + journée trisomie
2024-07-14,25,Journée mondiale de la trisomie 21,trisomie 21 + syndrome de Down + trisomie dépistage + trisomie sensibilisation + journée trisomie
2024-07-21,26,Journée mondiale de la trisomie 21,trisomie 21 + syndrome de Down + trisomie dépistage + trisomie sensibilisation + journée trisomie
2024-07-28,23,Journée mondiale de la trisomie 21,trisomie 21 + syndrome de Down + trisomie dépistage + trisomie sensibilisation + journée trisomie
2024-08-04,24,Journée mondiale de la trisomie 21,trisomie 21 + syndrome de Down + trisomie dépistage + trisomie sensibilisation + journée trisomie
2024-08-11,22,Journée mondiale de la trisomie 21,trisomie 21 + syndrome de Down + trisomie dépistage + trisomie sensibilisation + journée trisomie
2024-08-18,23,Journée mondiale de la trisomie 21,trisomie 21 + syndrome de Down + trisomie dépistage + trisomie sensibilisation + journée trisomie
2024-08-25,25,Journée mondiale de la trisomie 21,trisomie 21 + syndrome de Down + trisomie dépistage + trisomie sensibilisation + journée trisomie
2024-09-01,25,Journée mondiale de la trisomie 21,trisomie 21 + syndrome de Down + trisomie dépistage + trisomie sensibilisation + journée trisomie
2024-09-08,26,Journée mondiale de la trisomie 21,trisomie 21 + syndrome de Down + trisomie dépistage + trisomie sensibilisation + journée trisomie
2024-09-15,31,Journée mondiale de la trisomie 21,trisomie 21 + syndrome de Down + trisomie dépistage + trisomie sensibilisation + journée trisomie
2024-09-22,42,Journée mondiale de la trisomie 21,trisomie 21 + syndrome de Down + trisomie dépistage + trisomie sensibilisation + journée trisomie
2024-09-29,31,Journée mondiale de la trisomie 21,trisomie 21 + syndrome de Down + trisomie dépistage + trisomie sensibilisation + journée trisomie
2024-10-06,31,Journée mondiale de la trisomie 21,trisomie 21 + syndrome de Down + trisomie dépistage + trisomie sensibilisation + journée trisomie
2024-10-13,34,Journée mondiale de la trisomie 21,trisomie 21 + syndrome de Down + trisomie dépistage + trisomie sensibilisation + journée trisomie
2024-10-20,27,Journée mondiale de la trisomie 21,trisomie 21 + syndrome de Down + trisomie dépistage + trisomie sensibilisation + journée trisomie
2024-10-27,25,Journée mondiale de la trisomie 21,trisomie 21 + syndrome de Down + trisomie dépistage + trisomie sensibilisation + journée trisomie
2024-11-03,31,Journée mondiale de la trisomie 21,trisomie 21 + syndrome de Down + trisomie dépistage + trisomie sensibilisation + journée trisomie
2024-11-10,28,Journée mondiale de la trisomie 21,trisomie 21 + syndrome de Down + trisomie dépistage + trisomie sensibilisation + journée trisomie
2024-11-17,29,Journée mondiale de la trisomie 21,trisomie 21 + syndrome de Down + trisomie dépistage + trisomie sensibilisation + journée trisomie
2024-11-24,28,Journée mondiale de la trisomie 21,trisomie 21 + syndrome de Down + trisomie dépistage + trisomie sensibilisation + journée trisomie
2024-12-01,25,Journée mondiale de la trisomie 21,trisomie 21 + syndrome de Down + trisomie dépistage + trisomie sensibilisation + journée trisomie
2024-12-08,31,Journée mondiale de la trisomie 21,trisomie 21 + syndrome de Down + trisomie dépistage + trisomie sensibilisation + journée trisomie
2024-12-15,28,Journée mondiale de la trisomie 21,trisomie 21 + syndrome de Down + trisomie dépistage + trisomie sensibilisation + journée trisomie
2024-12-22,22,Journée mondiale de la trisomie 21,trisomie 21 + syndrome de Down + trisomie dépistage + trisomie sensibilisation + journée trisomie
2024-12-29,30,Journée mondiale de la trisomie 21,trisomie 21 + syndrome de Down + trisomie dépistage + trisomie sensibilisation + journée trisomie
2025-01-05,28,Journée mondiale de la trisomie 21,trisomie 21 + syndrome de Down + trisomie dépistage + trisomie sensibilisation + journée trisomie
2025-01-12,32,Journée mondiale de la trisomie 21,trisomie 21 + syndrome de Down + trisomie dépistage + trisomie sensibilisation + journée trisomie
2025-01-19,26,Journée mondiale de la trisomie 21,trisomie 21 + syndrome de Down + trisomie dépistage + trisomie sensibilisation + journée trisomie
2025-01-26,32,Journée mondiale de la trisomie 21,trisomie 21 + syndrome de Down + trisomie dépistage + trisomie sensibilisation + journée trisomie
2025-02-02,32,Journée mondiale de la trisomie 21,trisomie 21 + syndrome de Down + trisomie dépistage + trisomie sensibilisation + journée trisomie
2025-02-09,46,Journée mondiale de la trisomie 21,trisomie 21 + syndrome de Down + trisomie dépistage + trisomie sensibilisation + journée trisomie
2025-02-16,32,Journée mondiale de la trisomie 21,trisomie 21 + syndrome de Down + trisomie dépistage + trisomie sensibilisation + journée trisomie
2025-02-23,32,Journée mondiale de la trisomie 21,trisomie 21 + syndrome de Down + trisomie dépistage + trisomie sensibilisation + journée trisomie
2025-03-02,31,Journée mondiale de la trisomie 21,trisomie 21 + syndrome de Down + trisomie dépistage + trisomie sensibilisation + journée trisomie
2025-03-09,35,Journée mondiale de la trisomie 21,trisomie 21 + syndrome de Down + trisomie dépistage + trisomie sensibilisation + journée trisomie
2025-03-16,100,Journée mondiale de la trisomie 21,trisomie 21 + syndrome de Down + trisomie dépistage + trisomie sensibilisation + journée trisomie
2025-03-23,39,Journée mondiale de la trisomie 21,trisomie 21 + syndrome de Down + trisomie dépistage + trisomie sensibilisation + journée trisomie
2025-03-30,33,Journée mondiale de la trisomie 21,trisomie 21 + syndrome de Down + trisomie dépistage + trisomie sensibilisation + journée trisomie
2025-04-06,29,Journée mondiale de la trisomie 21,trisomie 21 + syndrome de Down + trisomie dépistage + trisomie sensibilisation + journée trisomie
2025-04-13,29,Journée mondiale de la trisomie 21,trisomie 21 + syndrome de Down + trisomie dépistage + trisomie sensibilisation + journée trisomie
2025-04-20,29,Journée mondiale de la trisomie 21,trisomie 21 + syndrome de Down + trisomie dépistage + trisomie sensibilisation + journée trisomie
2025-04-27,25,Journée mondiale de la trisomie 21,trisomie 21 + syndrome de Down + trisomie dépistage + trisomie sensibilisation + journée trisomie
2025-05-04,25,Journée mondiale de la trisomie 21,trisomie 21 + syndrome de Down + trisomie dépistage + trisomie sensibilisation + journée trisomie
2025-05-11,28,Journée mondiale de la trisomie 21,trisomie 21 + syndrome de Down + trisomie dépistage + trisomie sensibilisation + journée trisomie
2025-05-18,28,Journée mondiale de la trisomie 21,trisomie 21 + syndrome de Down + trisomie dépistage + trisomie sensibilisation + journée trisomie
2025-05-25,23,Journée mondiale de la trisomie 21,trisomie 21 + syndrome de Down + trisomie dépistage + trisomie sensibilisation + journée trisomie
2025-06-01,26,Journée mondiale de la trisomie 21,trisomie 21 + syndrome de Down + trisomie dépistage + trisomie sensibilisation + journée trisomie
2025-06-08,25,Journée mondiale de la trisomie 21,trisomie 21 + syndrome de Down + trisomie dépistage + trisomie sensibilisation + journée trisomie
2025-06-15,25,Journée mondiale de la trisomie 21,trisomie 21 + syndrome de Down + trisomie dépistage + trisomie sensibilisation + journée trisomie
2025-06-22,23,Journée mondiale de la trisomie 21,trisomie 21 + syndrome de Down + trisomie dépistage + trisomie sensibilisation + journée trisomie
2025-06-29,24,Journée mondiale de la trisomie 21,trisomie 21 + syndrome de Down + trisomie dépistage + trisomie sensibilisation + journée trisomie
2025-07-06,30,Journée mondiale de la trisomie 21,trisomie 21 + syndrome de Down + trisomie dépistage + trisomie sensibilisation + journée trisomie
2025-07-13,23,Journée mondiale de la trisomie 21,trisomie 21 + syndrome de Down + trisomie dépistage + trisomie sensibilisation + journée trisomie
2025-07-20,20,Journée mondiale de la trisomie 21,trisomie 21 + syndrome de Down + trisomie dépistage + trisomie sensibilisation + journée trisomie
2025-07-27,24,Journée mondiale de la trisomie 21,trisomie 21 + syndrome de Down + trisomie dépistage + trisomie sensibilisation + journée trisomie
2025-08-03,23,Journée mondiale de la trisomie 21,trisomie 21 + syndrome de Down + trisomie dépistage + trisomie sensibilisation + journée trisomie
2025-08-10,21,Journée mondiale de la trisomie 21,trisomie 21 + syndrome de Down + trisomie dépistage + trisomie sensibilisation + journée trisomie
2025-08-17,23,Journée mondiale de la trisomie 21,trisomie 21 + syndrome de Down + trisomie dépistage + trisomie sensibilisation + journée trisomie
2025-08-24,23,Journée mondiale de la trisomie 21,trisomie 21 + syndrome de Down + trisomie dépistage + trisomie sensibilisation + journée trisomie
2025-08-31,22,Journée mondiale de la trisomie 21,trisomie 21 + syndrome de Down + trisomie dépistage + trisomie sensibilisation + journée trisomie
2025-09-07,28,Journée mondiale de la trisomie 21,trisomie 21 + syndrome de Down + trisomie dépistage + trisomie sensibilisation + journée trisomie
2025-09-14,25,Journée mondiale de la trisomie 21,trisomie 21 + syndrome de Down + trisomie dépistage + trisomie sensibilisation + journée trisomie
2025-09-21,26,Journée mondiale de la trisomie 21,trisomie 21 + syndrome de Down + trisomie dépistage + trisomie sensibilisation + journée trisomie
2025-09-28,24,Journée mondiale de la trisomie 21,trisomie 21 + syndrome de Down + trisomie dépistage + trisomie sensibilisation + journée trisomie
2025-10-05,27,Journée mondiale de la trisomie 21,trisomie 21 + syndrome de Down + trisomie dépistage + trisomie sensibilisation + journée trisomie
2025-10-12,29,Journée mondiale de la trisomie 21,trisomie 21 + syndrome de Down + trisomie dépistage + trisomie sensibilisation + journée trisomie
2025-10-19,29,Journée mondiale de la trisomie 21,trisomie 21 + syndrome de Down + trisomie dépistage + trisomie sensibilisation + journée trisomie
2025-10-26,21,Journée mondiale de la trisomie 21,trisomie 21 + syndrome de Down + trisomie dépistage + trisomie sensibilisation + journée trisomie
2025-11-02,29,Journée mondiale de la trisomie 21,trisomie 21 + syndrome de Down + trisomie dépistage + trisomie sensibilisation + journée trisomie
2025-11-09,26,Journée mondiale de la trisomie 21,trisomie 21 + syndrome de Down + trisomie dépistage + trisomie sensibilisation + journée trisomie
2025-11-16,32,Journée mondiale de la trisomie 21,trisomie 21 + syndrome de Down + trisomie dépistage + trisomie sensibilisation + journée trisomie
2025-11-23,42,Journée mondiale de la trisomie 21,trisomie 21 + syndrome de Down + trisomie dépistage + trisomie sensibilisation + journée trisomie
2025-11-30,30,Journée mondiale de la trisomie 21,trisomie 21 + syndrome de Down + trisomie dépistage + trisomie sensibilisation + journée trisomie
2025-12-07,28,Journée mondiale de la trisomie 21,trisomie 21 + syndrome de Down + trisomie dépistage + trisomie sensibilisation + journée trisomie
2025-12-14,27,Journée mondiale de la trisomie 21,trisomie 21 + syndrome de Down + trisomie dépistage + trisomie sensibilisation + journée trisomie
2025-12-21,23,Journée mondiale de la trisomie 21,trisomie 21 + syndrome de Down + trisomie dépistage + trisomie sensibilisation + journée trisomie
2025-12-28,23,Journée mondiale de la trisomie 21,trisomie 21 + syndrome de Down + trisomie dépistage + trisomie sensibilisation + journée trisomie
2020-12-27,44,Journée mondiale de lutte contre l'obésité,world obesity day + obésité causes + prévention obésité + surpoids + journée obésité
2021-01-03,53,Journée mondiale de lutte contre l'obésité,world obesity day + obésité causes + prévention obésité + surpoids + journée obésité
2021-01-10,59,Journée mondiale de lutte contre l'obésité,world obesity day + obésité causes + prévention obésité + surpoids + journée obésité
2021-01-17,62,Journée mondiale de lutte contre l'obésité,world obesity day + obésité causes + prévention obésité + surpoids + journée obésité
2021-01-24,53,Journée mondiale de lutte contre l'obésité,world obesity day + obésité causes + prévention obésité + surpoids + journée obésité
2021-01-31,45,Journée mondiale de lutte contre l'obésité,world obesity day + obésité causes + prévention obésité + surpoids + journée obésité
2021-02-07,49,Journée mondiale de lutte contre l'obésité,world obesity day + obésité causes + prévention obésité + surpoids + journée obésité
2021-02-14,52,Journée mondiale de lutte contre l'obésité,world obesity day + obésité causes + prévention obésité + surpoids + journée obésité
2021-02-21,58,Journée mondiale de lutte contre l'obésité,world obesity day + obésité causes + prévention obésité + surpoids + journée obésité
2021-02-28,55,Journée mondiale de lutte contre l'obésité,world obesity day + obésité causes + prévention obésité + surpoids + journée obésité
2021-03-07,42,Journée mondiale de lutte contre l'obésité,world obesity day + obésité causes + prévention obésité + surpoids + journée obésité
2021-03-14,47,Journée mondiale de lutte contre l'obésité,world obesity day + obésité causes + prévention obésité + surpoids + journée obésité
2021-03-21,52,Journée mondiale de lutte contre l'obésité,world obesity day + obésité causes + prévention obésité + surpoids + journée obésité
2021-03-28,50,Journée mondiale de lutte contre l'obésité,world obesity day + obésité causes + prévention obésité + surpoids + journée obésité
2021-04-04,45,Journée mondiale de lutte contre l'obésité,world obesity day + obésité causes + prévention obésité + surpoids + journée obésité
2021-04-11,47,Journée mondiale de lutte contre l'obésité,world obesity day + obésité causes + prévention obésité + surpoids + journée obésité
2021-04-18,55,Journée mondiale de lutte contre l'obésité,world obesity day + obésité causes + prévention obésité + surpoids + journée obésité
2021-04-25,100,Journée mondiale de lutte contre l'obésité,world obesity day + obésité causes + prévention obésité + surpoids + journée obésité
2021-05-02,75,Journée mondiale de lutte contre l'obésité,world obesity day + obésité causes + prévention obésité + surpoids + journée obésité
2021-05-09,56,Journée mondiale de lutte contre l'obésité,world obesity day + obésité causes + prévention obésité + surpoids + journée obésité
2021-05-16,52,Journée mondiale de lutte contre l'obésité,world obesity day + obésité causes + prévention obésité + surpoids + journée obésité
2021-05-23,48,Journée mondiale de lutte contre l'obésité,world obesity day + obésité causes + prévention obésité + surpoids + journée obésité
2021-05-30,43,Journée mondiale de lutte contre l'obésité,world obesity day + obésité causes + prévention obésité + surpoids + journée obésité
2021-06-06,48,Journée mondiale de lutte contre l'obésité,world obesity day + obésité causes + prévention obésité + surpoids + journée obésité
2021-06-13,45,Journée mondiale de lutte contre l'obésité,world obesity day + obésité causes + prévention obésité + surpoids + journée obésité
2021-06-20,39,Journée mondiale de lutte contre l'obésité,world obesity day + obésité causes + prévention obésité + surpoids + journée obésité
2021-06-27,51,Journée mondiale de lutte contre l'obésité,world obesity day + obésité causes + prévention obésité + surpoids + journée obésité
2021-07-04,40,Journée mondiale de lutte contre l'obésité,world obesity day + obésité causes + prévention obésité + surpoids + journée obésité
2021-07-11,45,Journée mondiale de lutte contre l'obésité,world obesity day + obésité causes + prévention obésité + surpoids + journée obésité
2021-07-18,39,Journée mondiale de lutte contre l'obésité,world obesity day + obésité causes + prévention obésité + surpoids + journée obésité
2021-07-25,45,Journée mondiale de lutte contre l'obésité,world obesity day + obésité causes + prévention obésité + surpoids + journée obésité
2021-08-01,53,Journée mondiale de lutte contre l'obésité,world obesity day + obésité causes + prévention obésité + surpoids + journée obésité
2021-08-08,51,Journée mondiale de lutte contre l'obésité,world obesity day + obésité causes + prévention obésité + surpoids + journée obésité
2021-08-15,45,Journée mondiale de lutte contre l'obésité,world obesity day + obésité causes + prévention obésité + surpoids + journée obésité
2021-08-22,49,Journée mondiale de lutte contre l'obésité,world obesity day + obésité causes + prévention obésité + surpoids + journée obésité
2021-08-29,46,Journée mondiale de lutte contre l'obésité,world obesity day + obésité causes + prévention obésité + surpoids + journée obésité
2021-09-05,43,Journée mondiale de lutte contre l'obésité,world obesity day + obésité causes + prévention obésité + surpoids + journée obésité
2021-09-12,35,Journée mondiale de lutte contre l'obésité,world obesity day + obésité causes + prévention obésité + surpoids + journée obésité
2021-09-19,35,Journée mondiale de lutte contre l'obésité,world obesity day + obésité causes + prévention obésité + surpoids + journée obésité
2021-09-26,38,Journée mondiale de lutte contre l'obésité,world obesity day + obésité causes + prévention obésité + surpoids + journée obésité
2021-10-03,37,Journée mondiale de lutte contre l'obésité,world obesity day + obésité causes + prévention obésité + surpoids + journée obésité
2021-10-10,35,Journée mondiale de lutte contre l'obésité,world obesity day + obésité causes + prévention obésité + surpoids + journée obésité
2021-10-17,37,Journée mondiale de lutte contre l'obésité,world obesity day + obésité causes + prévention obésité + surpoids + journée obésité
2021-10-24,36,Journée mondiale de lutte contre l'obésité,world obesity day + obésité causes + prévention obésité + surpoids + journée obésité
2021-10-31,41,Journée mondiale de lutte contre l'obésité,world obesity day + obésité causes + prévention obésité + surpoids + journée obésité
2021-11-07,36,Journée mondiale de lutte contre l'obésité,world obesity day + obésité causes + prévention obésité + surpoids + journée obésité
2021-11-14,35,Journée mondiale de lutte contre l'obésité,world obesity day + obésité causes + prévention obésité + surpoids + journée obésité
2021-11-21,35,Journée mondiale de lutte contre l'obésité,world obesity day + obésité causes + prévention obésité + surpoids + journée obésité
2021-11-28,30,Journée mondiale de lutte contre l'obésité,world obesity day + obésité causes + prévention obésité + surpoids + journée obésité
2021-12-05,33,Journée mondiale de lutte contre l'obésité,world obesity day + obésité causes + prévention obésité + surpoids + journée obésité
2021-12-12,28,Journée mondiale de lutte contre l'obésité,world obesity day + obésité causes + prévention obésité + surpoids + journée obésité
2021-12-19,25,Journée mondiale de lutte contre l'obésité,world obesity day + obésité causes + prévention obésité + surpoids + journée obésité
2021-12-26,34,Journée mondiale de lutte contre l'obésité,world obesity day + obésité causes + prévention obésité + surpoids + journée obésité
2022-01-02,41,Journée mondiale de lutte contre l'obésité,world obesity day + obésité causes + prévention obésité + surpoids + journée obésité
2022-01-09,53,Journée mondiale de lutte contre l'obésité,world obesity day + obésité causes + prévention obésité + surpoids + journée obésité
2022-01-16,39,Journée mondiale de lutte contre l'obésité,world obesity day + obésité causes + prévention obésité + surpoids + journée obésité
2022-01-23,41,Journée mondiale de lutte contre l'obésité,world obesity day + obésité causes + prévention obésité + surpoids + journée obésité
2022-01-30,37,Journée mondiale de lutte contre l'obésité,world obesity day + obésité causes + prévention obésité + surpoids + journée obésité
2022-02-06,39,Journée mondiale de lutte contre l'obésité,world obesity day + obésité causes + prévention obésité + surpoids + journée obésité
2022-02-13,42,Journée mondiale de lutte contre l'obésité,world obesity day + obésité causes + prévention obésité + surpoids + journée obésité
2022-02-20,44,Journée mondiale de lutte contre l'obésité,world obesity day + obésité causes + prévention obésité + surpoids + journée obésité
2022-02-27,44,Journée mondiale de lutte contre l'obésité,world obesity day + obésité causes + prévention obésité + surpoids + journée obésité
2022-03-06,38,Journée mondiale de lutte contre l'obésité,world obesity day + obésité causes + prévention obésité + surpoids + journée obésité
2022-03-13,43,Journée mondiale de lutte contre l'obésité,world obesity day + obésité causes + prévention obésité + surpoids + journée obésité
2022-03-20,46,Journée mondiale de lutte contre l'obésité,world obesity day + obésité causes + prévention obésité + surpoids + journée obésité
2022-03-27,40,Journée mondiale de lutte contre l'obésité,world obesity day + obésité causes + prévention obésité + surpoids + journée obésité
2022-04-03,36,Journée mondiale de lutte contre l'obésité,world obesity day + obésité causes + prévention obésité + surpoids + journée obésité
2022-04-10,41,Journée mondiale de lutte contre l'obésité,world obesity day + obésité causes + prévention obésité + surpoids + journée obésité
2022-04-17,45,Journée mondiale de lutte contre l'obésité,world obesity day + obésité causes + prévention obésité + surpoids + journée obésité
2022-04-24,42,Journée mondiale de lutte contre l'obésité,world obesity day + obésité causes + prévention obésité + surpoids + journée obésité
2022-05-01,48,Journée mondiale de lutte contre l'obésité,world obesity day + obésité causes + prévention obésité + surpoids + journée obésité
2022-05-08,46,Journée mondiale de lutte contre l'obésité,world obesity day + obésité causes + prévention obésité + surpoids + journée obésité
2022-05-15,42,Journée mondiale de lutte contre l'obésité,world obesity day + obésité causes + prévention obésité + surpoids + journée obésité
2022-05-22,45,Journée mondiale de lutte contre l'obésité,world obesity day + obésité causes + prévention obésité + surpoids + journée obésité
2022-05-29,42,Journée mondiale de lutte contre l'obésité,world obesity day + obésité causes + prévention obésité + surpoids + journée obésité
2022-06-05,35,Journée mondiale de lutte contre l'obésité,world obesity day + obésité causes + prévention obésité + surpoids + journée obésité
2022-06-12,37,Journée mondiale de lutte contre l'obésité,world obesity day + obésité causes + prévention obésité + surpoids + journée obésité
2022-06-19,33,Journée mondiale de lutte contre l'obésité,world obesity day + obésité causes + prévention obésité + surpoids + journée obésité
2022-06-26,34,Journée mondiale de lutte contre l'obésité,world obesity day + obésité causes + prévention obésité + surpoids + journée obésité
2022-07-03,33,Journée mondiale de lutte contre l'obésité,world obesity day + obésité causes + prévention obésité + surpoids + journée obésité
2022-07-10,35,Journée mondiale de lutte contre l'obésité,world obesity day + obésité causes + prévention obésité + surpoids + journée obésité
2022-07-17,37,Journée mondiale de lutte contre l'obésité,world obesity day + obésité causes + prévention obésité + surpoids + journée obésité
2022-07-24,37,Journée mondiale de lutte contre l'obésité,world obesity day + obésité causes + prévention obésité + surpoids + journée obésité
2022-07-31,36,Journée mondiale de lutte contre l'obésité,world obesity day + obésité causes + prévention obésité + surpoids + journée obésité
2022-08-07,38,Journée mondiale de lutte contre l'obésité,world obesity day + obésité causes + prévention obésité + surpoids + journée obésité
2022-08-14,42,Journée mondiale de lutte contre l'obésité,world obesity day + obésité causes + prévention obésité + surpoids + journée obésité
2022-08-21,38,Journée mondiale de lutte contre l'obésité,world obesity day + obésité causes + prévention obésité + surpoids + journée obésité
2022-08-28,34,Journée mondiale de lutte contre l'obésité,world obesity day + obésité causes + prévention obésité + surpoids + journée obésité
2022-09-04,32,Journée mondiale de lutte contre l'obésité,world obesity day + obésité causes + prévention obésité + surpoids + journée obésité
2022-09-11,39,Journée mondiale de lutte contre l'obésité,world obesity day + obésité causes + prévention obésité + surpoids + journée obésité
2022-09-18,29,Journée mondiale de lutte contre l'obésité,world obesity day + obésité causes + prévention obésité + surpoids + journée obésité
2022-09-25,32,Journée mondiale de lutte contre l'obésité,world obesity day + obésité causes + prévention obésité + surpoids + journée obésité
2022-10-02,33,Journée mondiale de lutte contre l'obésité,world obesity day + obésité causes + prévention obésité + surpoids + journée obésité
2022-10-09,36,Journée mondiale de lutte contre l'obésité,world obesity day + obésité causes + prévention obésité + surpoids + journée obésité
2022-10-16,32,Journée mondiale de lutte contre l'obésité,world obesity day + obésité causes + prévention obésité + surpoids + journée obésité
2022-10-23,32,Journée mondiale de lutte contre l'obésité,world obesity day + obésité causes + prévention obésité + surpoids + journée obésité
2022-10-30,33,Journée mondiale de lutte contre l'obésité,world obesity day + obésité causes + prévention obésité + surpoids + journée obésité
2022-11-06,38,Journée mondiale de lutte contre l'obésité,world obesity day + obésité causes + prévention obésité + surpoids + journée obésité
2022-11-13,39,Journée mondiale de lutte contre l'obésité,world obesity day + obésité causes + prévention obésité + surpoids + journée obésité
2022-11-20,31,Journée mondiale de lutte contre l'obésité,world obesity day + obésité causes + prévention obésité + surpoids + journée obésité
2022-11-27,31,Journée mondiale de lutte contre l'obésité,world obesity day + obésité causes + prévention obésité + surpoids + journée obésité
2022-12-04,32,Journée mondiale de lutte contre l'obésité,world obesity day + obésité causes + prévention obésité + surpoids + journée obésité
2022-12-11,32,Journée mondiale de lutte contre l'obésité,world obesity day + obésité causes + prévention obésité + surpoids + journée obésité
2022-12-18,32,Journée mondiale de lutte contre l'obésité,world obesity day + obésité causes + prévention obésité + surpoids + journée obésité
2022-12-25,40,Journée mondiale de lutte contre l'obésité,world obesity day + obésité causes + prévention obésité + surpoids + journée obésité
2023-01-01,40,Journée mondiale de lutte contre l'obésité,world obesity day + obésité causes + prévention obésité + surpoids + journée obésité
2023-01-08,43,Journée mondiale de lutte contre l'obésité,world obesity day + obésité causes + prévention obésité + surpoids + journée obésité
2023-01-15,40,Journée mondiale de lutte contre l'obésité,world obesity day + obésité causes + prévention obésité + surpoids + journée obésité
2023-01-22,41,Journée mondiale de lutte contre l'obésité,world obesity day + obésité causes + prévention obésité + surpoids + journée obésité
2023-01-29,32,Journée mondiale de lutte contre l'obésité,world obesity day + obésité causes + prévention obésité + surpoids + journée obésité
2023-02-05,36,Journée mondiale de lutte contre l'obésité,world obesity day + obésité causes + prévention obésité + surpoids + journée obésité
2023-02-12,42,Journée mondiale de lutte contre l'obésité,world obesity day + obésité causes + prévention obésité + surpoids + journée obésité
2023-02-19,69,Journée mondiale de lutte contre l'obésité,world obesity day + obésité causes + prévention obésité + surpoids + journée obésité
2023-02-26,50,Journée mondiale de lutte contre l'obésité,world obesity day + obésité causes + prévention obésité + surpoids + journée obésité
2023-03-05,49,Journée mondiale de lutte contre l'obésité,world obesity day + obésité causes + prévention obésité + surpoids + journée obésité
2023-03-12,43,Journée mondiale de lutte contre l'obésité,world obesity day + obésité causes + prévention obésité + surpoids + journée obésité
2023-03-19,44,Journée mondiale de lutte contre l'obésité,world obesity day + obésité causes + prévention obésité + surpoids + journée obésité
2023-03-26,38,Journée mondiale de lutte contre l'obésité,world obesity day + obésité causes + prévention obésité + surpoids + journée obésité
2023-04-02,43,Journée mondiale de lutte contre l'obésité,world obesity day + obésité causes + prévention obésité + surpoids + journée obésité
2023-04-09,39,Journée mondiale de lutte contre l'obésité,world obesity day + obésité causes + prévention obésité + surpoids + journée obésité
2023-04-16,47,Journée mondiale de lutte contre l'obésité,world obesity day + obésité causes + prévention obésité + surpoids + journée obésité
2023-04-23,42,Journée mondiale de lutte contre l'obésité,world obesity day + obésité causes + prévention obésité + surpoids + journée obésité
2023-04-30,48,Journée mondiale de lutte contre l'obésité,world obesity day + obésité causes + prévention obésité + surpoids + journée obésité
2023-05-07,49,Journée mondiale de lutte contre l'obésité,world obesity day + obésité causes + prévention obésité + surpoids + journée obésité
2023-05-14,45,Journée mondiale de lutte contre l'obésité,world obesity day + obésité causes + prévention obésité + surpoids + journée obésité
2023-05-21,42,Journée mondiale de lutte contre l'obésité,world obesity day + obésité causes + prévention obésité + surpoids + journée obésité
2023-05-28,48,Journée mondiale de lutte contre l'obésité,world obesity day + obésité causes + prévention obésité + surpoids + journée obésité
2023-06-04,43,Journée mondiale de lutte contre l'obésité,world obesity day + obésité causes + prévention obésité + surpoids + journée obésité
2023-06-11,44,Journée mondiale de lutte contre l'obésité,world obesity day + obésité causes + prévention obésité + surpoids + journée obésité
2023-06-18,49,Journée mondiale de lutte contre l'obésité,world obesity day + obésité causes + prévention obésité + surpoids + journée obésité
2023-06-25,44,Journée mondiale de lutte contre l'obésité,world obesity day + obésité causes + prévention obésité + surpoids + journée obésité
2023-07-02,37,Journée mondiale de lutte contre l'obésité,world obesity day + obésité causes + prévention obésité + surpoids + journée obésité
2023-07-09,47,Journée mondiale de lutte contre l'obésité,world obesity day + obésité causes + prévention obésité + surpoids + journée obésité
2023-07-16,48,Journée mondiale de lutte contre l'obésité,world obesity day + obésité causes + prévention obésité + surpoids + journée obésité
2023-07-23,34,Journée mondiale de lutte contre l'obésité,world obesity day + obésité causes + prévention obésité + surpoids + journée obésité
2023-07-30,40,Journée mondiale de lutte contre l'obésité,world obesity day + obésité causes + prévention obésité + surpoids + journée obésité
2023-08-06,42,Journée mondiale de lutte contre l'obésité,world obesity day + obésité causes + prévention obésité + surpoids + journée obésité
2023-08-13,44,Journée mondiale de lutte contre l'obésité,world obesity day + obésité causes + prévention obésité + surpoids + journée obésité
2023-08-20,43,Journée mondiale de lutte contre l'obésité,world obesity day + obésité causes + prévention obésité + surpoids + journée obésité
2023-08-27,38,Journée mondiale de lutte contre l'obésité,world obesity day + obésité causes + prévention obésité + surpoids + journée obésité
2023-09-03,38,Journée mondiale de lutte contre l'obésité,world obesity day + obésité causes + prévention obésité + surpoids + journée obésité
2023-09-10,38,Journée mondiale de lutte contre l'obésité,world obesity day + obésité causes + prévention obésité + surpoids + journée obésité
2023-09-17,37,Journée mondiale de lutte contre l'obésité,world obesity day + obésité causes + prévention obésité + surpoids + journée obésité
2023-09-24,32,Journée mondiale de lutte contre l'obésité,world obesity day + obésité causes + prévention obésité + surpoids + journée obésité
2023-10-01,32,Journée mondiale de lutte contre l'obésité,world obesity day + obésité causes + prévention obésité + surpoids + journée obésité
2023-10-08,32,Journée mondiale de lutte contre l'obésité,world obesity day + obésité causes + prévention obésité + surpoids + journée obésité
2023-10-15,34,Journée mondiale de lutte contre l'obésité,world obesity day + obésité causes + prévention obésité + surpoids + journée obésité
2023-10-22,38,Journée mondiale de lutte contre l'obésité,world obesity day + obésité causes + prévention obésité + surpoids + journée obésité
2023-10-29,37,Journée mondiale de lutte contre l'obésité,world obesity day + obésité causes + prévention obésité + surpoids + journée obésité
2023-11-05,37,Journée mondiale de lutte contre l'obésité,world obesity day + obésité causes + prévention obésité + surpoids + journée obésité
2023-11-12,35,Journée mondiale de lutte contre l'obésité,world obesity day + obésité causes + prévention obésité + surpoids + journée obésité
2023-11-19,33,Journée mondiale de lutte contre l'obésité,world obesity day + obésité causes + prévention obésité + surpoids + journée obésité
2023-11-26,34,Journée mondiale de lutte contre l'obésité,world obesity day + obésité causes + prévention obésité + surpoids + journée obésité
2023-12-03,29,Journée mondiale de lutte contre l'obésité,world obesity day + obésité causes + prévention obésité + surpoids + journée obésité
2023-12-10,33,Journée mondiale de lutte contre l'obésité,world obesity day + obésité causes + prévention obésité + surpoids + journée obésité
2023-12-17,29,Journée mondiale de lutte contre l'obésité,world obesity day + obésité causes + prévention obésité + surpoids + journée obésité
2023-12-24,39,Journée mondiale de lutte contre l'obésité,world obesity day + obésité causes + prévention obésité + surpoids + journée obésité
2023-12-31,51,Journée mondiale de lutte contre l'obésité,world obesity day + obésité causes + prévention obésité + surpoids + journée obésité
2024-01-07,46,Journée mondiale de lutte contre l'obésité,world obesity day + obésité causes + prévention obésité + surpoids + journée obésité
2024-01-14,45,Journée mondiale de lutte contre l'obésité,world obesity day + obésité causes + prévention obésité + surpoids + journée obésité
2024-01-21,41,Journée mondiale de lutte contre l'obésité,world obesity day + obésité causes + prévention obésité + surpoids + journée obésité
2024-01-28,43,Journée mondiale de lutte contre l'obésité,world obesity day + obésité causes + prévention obésité + surpoids + journée obésité
2024-02-04,36,Journée mondiale de lutte contre l'obésité,world obesity day + obésité causes + prévention obésité + surpoids + journée obésité
2024-02-11,36,Journée mondiale de lutte contre l'obésité,world obesity day + obésité causes + prévention obésité + surpoids + journée obésité
2024-02-18,45,Journée mondiale de lutte contre l'obésité,world obesity day + obésité causes + prévention obésité + surpoids + journée obésité
2024-02-25,47,Journée mondiale de lutte contre l'obésité,world obesity day + obésité causes + prévention obésité + surpoids + journée obésité
2024-03-03,51,Journée mondiale de lutte contre l'obésité,world obesity day + obésité causes + prévention obésité + surpoids + journée obésité
2024-03-10,51,Journée mondiale de lutte contre l'obésité,world obesity day + obésité causes + prévention obésité + surpoids + journée obésité
2024-03-17,54,Journée mondiale de lutte contre l'obésité,world obesity day + obésité causes + prévention obésité + surpoids + journée obésité
2024-03-24,48,Journée mondiale de lutte contre l'obésité,world obesity day + obésité causes + prévention obésité + surpoids + journée obésité
2024-03-31,36,Journée mondiale de lutte contre l'obésité,world obesity day + obésité causes + prévention obésité + surpoids + journée obésité
2024-04-07,51,Journée mondiale de lutte contre l'obésité,world obesity day + obésité causes + prévention obésité + surpoids + journée obésité
2024-04-14,41,Journée mondiale de lutte contre l'obésité,world obesity day + obésité causes + prévention obésité + surpoids + journée obésité
2024-04-21,39,Journée mondiale de lutte contre l'obésité,world obesity day + obésité causes + prévention obésité + surpoids + journée obésité
2024-04-28,35,Journée mondiale de lutte contre l'obésité,world obesity day + obésité causes + prévention obésité + surpoids + journée obésité
2024-05-05,43,Journée mondiale de lutte contre l'obésité,world obesity day + obésité causes + prévention obésité + surpoids + journée obésité
2024-05-12,48,Journée mondiale de lutte contre l'obésité,world obesity day + obésité causes + prévention obésité + surpoids + journée obésité
2024-05-19,45,Journée mondiale de lutte contre l'obésité,world obesity day + obésité causes + prévention obésité + surpoids + journée obésité
2024-05-26,48,Journée mondiale de lutte contre l'obésité,world obesity day + obésité causes + prévention obésité + surpoids + journée obésité
2024-06-02,40,Journée mondiale de lutte contre l'obésité,world obesity day + obésité causes + prévention obésité + surpoids + journée obésité
2024-06-09,39,Journée mondiale de lutte contre l'obésité,world obesity day + obésité causes + prévention obésité + surpoids + journée obésité
2024-06-16,35,Journée mondiale de lutte contre l'obésité,world obesity day + obésité causes + prévention obésité + surpoids + journée obésité
2024-06-23,35,Journée mondiale de lutte contre l'obésité,world obesity day + obésité causes + prévention obésité + surpoids + journée obésité
2024-06-30,35,Journée mondiale de lutte contre l'obésité,world obesity day + obésité causes + prévention obésité + surpoids + journée obésité
2024-07-07,33,Journée mondiale de lutte contre l'obésité,world obesity day + obésité causes + prévention obésité + surpoids + journée obésité
2024-07-14,42,Journée mondiale de lutte contre l'obésité,world obesity day + obésité causes + prévention obésité + surpoids + journée obésité
2024-07-21,44,Journée mondiale de lutte contre l'obésité,world obesity day + obésité causes + prévention obésité + surpoids + journée obésité
2024-07-28,43,Journée mondiale de lutte contre l'obésité,world obesity day + obésité causes + prévention obésité + surpoids + journée obésité
2024-08-04,46,Journée mondiale de lutte contre l'obésité,world obesity day + obésité causes + prévention obésité + surpoids + journée obésité
2024-08-11,47,Journée mondiale de lutte contre l'obésité,world obesity day + obésité causes + prévention obésité + surpoids + journée obésité
2024-08-18,43,Journée mondiale de lutte contre l'obésité,world obesity day + obésité causes + prévention obésité + surpoids + journée obésité
2024-08-25,39,Journée mondiale de lutte contre l'obésité,world obesity day + obésité causes + prévention obésité + surpoids + journée obésité
2024-09-01,36,Journée mondiale de lutte contre l'obésité,world obesity day + obésité causes + prévention obésité + surpoids + journée obésité
2024-09-08,38,Journée mondiale de lutte contre l'obésité,world obesity day + obésité causes + prévention obésité + surpoids + journée obésité
2024-09-15,36,Journée mondiale de lutte contre l'obésité,world obesity day + obésité causes + prévention obésité + surpoids + journée obésité
2024-09-22,35,Journée mondiale de lutte contre l'obésité,world obesity day + obésité causes + prévention obésité + surpoids + journée obésité
2024-09-29,41,Journée mondiale de lutte contre l'obésité,world obesity day + obésité causes + prévention obésité + surpoids + journée obésité
2024-10-06,40,Journée mondiale de lutte contre l'obésité,world obesity day + obésité causes + prévention obésité + surpoids + journée obésité
2024-10-13,37,Journée mondiale de lutte contre l'obésité,world obesity day + obésité causes + prévention obésité + surpoids + journée obésité
2024-10-20,34,Journée mondiale de lutte contre l'obésité,world obesity day + obésité causes + prévention obésité + surpoids + journée obésité
2024-10-27,39,Journée mondiale de lutte contre l'obésité,world obesity day + obésité causes + prévention obésité + surpoids + journée obésité
2024-11-03,40,Journée mondiale de lutte contre l'obésité,world obesity day + obésité causes + prévention obésité + surpoids + journée obésité
2024-11-10,39,Journée mondiale de lutte contre l'obésité,world obesity day + obésité causes + prévention obésité + surpoids + journée obésité
2024-11-17,40,Journée mondiale de lutte contre l'obésité,world obesity day + obésité causes + prévention obésité + surpoids + journée obésité
2024-11-24,35,Journée mondiale de lutte contre l'obésité,world obesity day + obésité causes + prévention obésité + surpoids + journée obésité
2024-12-01,30,Journée mondiale de lutte contre l'obésité,world obesity day + obésité causes + prévention obésité + surpoids + journée obésité
2024-12-08,35,Journée mondiale de lutte contre l'obésité,world obesity day + obésité causes + prévention obésité + surpoids + journée obésité
2024-12-15,33,Journée mondiale de lutte contre l'obésité,world obesity day + obésité causes + prévention obésité + surpoids + journée obésité
2024-12-22,31,Journée mondiale de lutte contre l'obésité,world obesity day + obésité causes + prévention obésité + surpoids + journée obésité
2024-12-29,39,Journée mondiale de lutte contre l'obésité,world obesity day + obésité causes + prévention obésité + surpoids + journée obésité
2025-01-05,34,Journée mondiale de lutte contre l'obésité,world obesity day + obésité causes + prévention obésité + surpoids + journée obésité
2025-01-12,38,Journée mondiale de lutte contre l'obésité,world obesity day + obésité causes + prévention obésité + surpoids + journée obésité
2025-01-19,42,Journée mondiale de lutte contre l'obésité,world obesity day + obésité causes + prévention obésité + surpoids + journée obésité
2025-01-26,44,Journée mondiale de lutte contre l'obésité,world obesity day + obésité causes + prévention obésité + surpoids + journée obésité
2025-02-02,39,Journée mondiale de lutte contre l'obésité,world obesity day + obésité causes + prévention obésité + surpoids + journée obésité
2025-02-09,34,Journée mondiale de lutte contre l'obésité,world obesity day + obésité causes + prévention obésité + surpoids + journée obésité
2025-02-16,42,Journée mondiale de lutte contre l'obésité,world obesity day + obésité causes + prévention obésité + surpoids + journée obésité
2025-02-23,39,Journée mondiale de lutte contre l'obésité,world obesity day + obésité causes + prévention obésité + surpoids + journée obésité
2025-03-02,57,Journée mondiale de lutte contre l'obésité,world obesity day + obésité causes + prévention obésité + surpoids + journée obésité
2025-03-09,41,Journée mondiale de lutte contre l'obésité,world obesity day + obésité causes + prévention obésité + surpoids + journée obésité
2025-03-16,42,Journée mondiale de lutte contre l'obésité,world obesity day + obésité causes + prévention obésité + surpoids + journée obésité
2025-03-23,36,Journée mondiale de lutte contre l'obésité,world obesity day + obésité causes + prévention obésité + surpoids + journée obésité
2025-03-30,43,Journée mondiale de lutte contre l'obésité,world obesity day + obésité causes + prévention obésité + surpoids + journée obésité
2025-04-06,42,Journée mondiale de lutte contre l'obésité,world obesity day + obésité causes + prévention obésité + surpoids + journée obésité
2025-04-13,40,Journée mondiale de lutte contre l'obésité,world obesity day + obésité causes + prévention obésité + surpoids + journée obésité
2025-04-20,43,Journée mondiale de lutte contre l'obésité,world obesity day + obésité causes + prévention obésité + surpoids + journée obésité
2025-04-27,44,Journée mondiale de lutte contre l'obésité,world obesity day + obésité causes + prévention obésité + surpoids + journée obésité
2025-05-04,42,Journée mondiale de lutte contre l'obésité,world obesity day + obésité causes + prévention obésité + surpoids + journée obésité
2025-05-11,46,Journée mondiale de lutte contre l'obésité,world obesity day + obésité causes + prévention obésité + surpoids + journée obésité
2025-05-18,44,Journée mondiale de lutte contre l'obésité,world obesity day + obésité causes + prévention obésité + surpoids + journée obésité
2025-05-25,43,Journée mondiale de lutte contre l'obésité,world obesity day + obésité causes + prévention obésité + surpoids + journée obésité
2025-06-01,38,Journée mondiale de lutte contre l'obésité,world obesity day + obésité causes + prévention obésité + surpoids + journée obésité
2025-06-08,42,Journée mondiale de lutte contre l'obésité,world obesity day + obésité causes + prévention obésité + surpoids + journée obésité
2025-06-15,40,Journée mondiale de lutte contre l'obésité,world obesity day + obésité causes + prévention obésité + surpoids + journée obésité
2025-06-22,39,Journée mondiale de lutte contre l'obésité,world obesity day + obésité causes + prévention obésité + surpoids + journée obésité
2025-06-29,38,Journée mondiale de lutte contre l'obésité,world obesity day + obésité causes + prévention obésité + surpoids + journée obésité
2025-07-06,36,Journée mondiale de lutte contre l'obésité,world obesity day + obésité causes + prévention obésité + surpoids + journée obésité
2025-07-13,38,Journée mondiale de lutte contre l'obésité,world obesity day + obésité causes + prévention obésité + surpoids + journée obésité
2025-07-20,38,Journée mondiale de lutte contre l'obésité,world obesity day + obésité causes + prévention obésité + surpoids + journée obésité
2025-07-27,35,Journée mondiale de lutte contre l'obésité,world obesity day + obésité causes + prévention obésité + surpoids + journée obésité
2025-08-03,37,Journée mondiale de lutte contre l'obésité,world obesity day + obésité causes + prévention obésité + surpoids + journée obésité
2025-08-10,46,Journée mondiale de lutte contre l'obésité,world obesity day + obésité causes + prévention obésité + surpoids + journée obésité
2025-08-17,46,Journée mondiale de lutte contre l'obésité,world obesity day + obésité causes + prévention obésité + surpoids + journée obésité
2025-08-24,40,Journée mondiale de lutte contre l'obésité,world obesity day + obésité causes + prévention obésité + surpoids + journée obésité
2025-08-31,41,Journée mondiale de lutte contre l'obésité,world obesity day + obésité causes + prévention obésité + surpoids + journée obésité
2025-09-07,36,Journée mondiale de lutte contre l'obésité,world obesity day + obésité causes + prévention obésité + surpoids + journée obésité
2025-09-14,39,Journée mondiale de lutte contre l'obésité,world obesity day + obésité causes + prévention obésité + surpoids + journée obésité
2025-09-21,31,Journée mondiale de lutte contre l'obésité,world obesity day + obésité causes + prévention obésité + surpoids + journée obésité
2025-09-28,32,Journée mondiale de lutte contre l'obésité,world obesity day + obésité causes + prévention obésité + surpoids + journée obésité
2025-10-05,31,Journée mondiale de lutte contre l'obésité,world obesity day + obésité causes + prévention obésité + surpoids + journée obésité
2025-10-12,37,Journée mondiale de lutte contre l'obésité,world obesity day + obésité causes + prévention obésité + surpoids + journée obésité
2025-10-19,27,Journée mondiale de lutte contre l'obésité,world obesity day + obésité causes + prévention obésité + surpoids + journée obésité
2025-10-26,34,Journée mondiale de lutte contre l'obésité,world obesity day + obésité causes + prévention obésité + surpoids + journée obésité
2025-11-02,35,Journée mondiale de lutte contre l'obésité,world obesity day + obésité causes + prévention obésité + surpoids + journée obésité
2025-11-09,46,Journée mondiale de lutte contre l'obésité,world obesity day + obésité causes + prévention obésité + surpoids + journée obésité
2025-11-16,37,Journée mondiale de lutte contre l'obésité,world obesity day + obésité causes + prévention obésité + surpoids + journée obésité
2025-11-23,32,Journée mondiale de lutte contre l'obésité,world obesity day + obésité causes + prévention obésité + surpoids + journée obésité
2025-11-30,37,Journée mondiale de lutte contre l'obésité,world obesity day + obésité causes + prévention obésité + surpoids + journée obésité
2025-12-07,34,Journée mondiale de lutte contre l'obésité,world obesity day + obésité causes + prévention obésité + surpoids + journée obésité
2025-12-14,35,Journée mondiale de lutte contre l'obésité,world obesity day + obésité causes + prévention obésité + surpoids + journée obésité
2025-12-21,38,Journée mondiale de lutte contre l'obésité,world obesity day + obésité causes + prévention obésité + surpoids + journée obésité
2025-12-28,41,Journée mondiale de lutte contre l'obésité,world obesity day + obésité causes + prévention obésité + surpoids + journée obésité
2020-12-27,14,Journée mondiale de lutte contre le cancer,world cancer day + prévention cancer + dépistage cancer + cancer awareness + journée cancer
2021-01-03,27,Journée mondiale de lutte contre le cancer,world cancer day + prévention cancer + dépistage cancer + cancer awareness + journée cancer
2021-01-10,23,Journée mondiale de lutte contre le cancer,world cancer day + prévention cancer + dépistage cancer + cancer awareness + journée cancer
2021-01-17,22,Journée mondiale de lutte contre le cancer,world cancer day + prévention cancer + dépistage cancer + cancer awareness + journée cancer
2021-01-24,34,Journée mondiale de lutte contre le cancer,world cancer day + prévention cancer + dépistage cancer + cancer awareness + journée cancer
2021-01-31,80,Journée mondiale de lutte contre le cancer,world cancer day + prévention cancer + dépistage cancer + cancer awareness + journée cancer
2021-02-07,35,Journée mondiale de lutte contre le cancer,world cancer day + prévention cancer + dépistage cancer + cancer awareness + journée cancer
2021-02-14,36,Journée mondiale de lutte contre le cancer,world cancer day + prévention cancer + dépistage cancer + cancer awareness + journée cancer
2021-02-21,23,Journée mondiale de lutte contre le cancer,world cancer day + prévention cancer + dépistage cancer + cancer awareness + journée cancer
2021-02-28,33,Journée mondiale de lutte contre le cancer,world cancer day + prévention cancer + dépistage cancer + cancer awareness + journée cancer
2021-03-07,33,Journée mondiale de lutte contre le cancer,world cancer day + prévention cancer + dépistage cancer + cancer awareness + journée cancer
2021-03-14,28,Journée mondiale de lutte contre le cancer,world cancer day + prévention cancer + dépistage cancer + cancer awareness + journée cancer
2021-03-21,31,Journée mondiale de lutte contre le cancer,world cancer day + prévention cancer + dépistage cancer + cancer awareness + journée cancer
2021-03-28,30,Journée mondiale de lutte contre le cancer,world cancer day + prévention cancer + dépistage cancer + cancer awareness + journée cancer
2021-04-04,27,Journée mondiale de lutte contre le cancer,world cancer day + prévention cancer + dépistage cancer + cancer awareness + journée cancer
2021-04-11,28,Journée mondiale de lutte contre le cancer,world cancer day + prévention cancer + dépistage cancer + cancer awareness + journée cancer
2021-04-18,26,Journée mondiale de lutte contre le cancer,world cancer day + prévention cancer + dépistage cancer + cancer awareness + journée cancer
2021-04-25,30,Journée mondiale de lutte contre le cancer,world cancer day + prévention cancer + dépistage cancer + cancer awareness + journée cancer
2021-05-02,29,Journée mondiale de lutte contre le cancer,world cancer day + prévention cancer + dépistage cancer + cancer awareness + journée cancer
2021-05-09,26,Journée mondiale de lutte contre le cancer,world cancer day + prévention cancer + dépistage cancer + cancer awareness + journée cancer
2021-05-16,24,Journée mondiale de lutte contre le cancer,world cancer day + prévention cancer + dépistage cancer + cancer awareness + journée cancer
2021-05-23,23,Journée mondiale de lutte contre le cancer,world cancer day + prévention cancer + dépistage cancer + cancer awareness + journée cancer
2021-05-30,23,Journée mondiale de lutte contre le cancer,world cancer day + prévention cancer + dépistage cancer + cancer awareness + journée cancer
2021-06-06,20,Journée mondiale de lutte contre le cancer,world cancer day + prévention cancer + dépistage cancer + cancer awareness + journée cancer
2021-06-13,19,Journée mondiale de lutte contre le cancer,world cancer day + prévention cancer + dépistage cancer + cancer awareness + journée cancer
2021-06-20,25,Journée mondiale de lutte contre le cancer,world cancer day + prévention cancer + dépistage cancer + cancer awareness + journée cancer
2021-06-27,14,Journée mondiale de lutte contre le cancer,world cancer day + prévention cancer + dépistage cancer + cancer awareness + journée cancer
2021-07-04,17,Journée mondiale de lutte contre le cancer,world cancer day + prévention cancer + dépistage cancer + cancer awareness + journée cancer
2021-07-11,18,Journée mondiale de lutte contre le cancer,world cancer day + prévention cancer + dépistage cancer + cancer awareness + journée cancer
2021-07-18,20,Journée mondiale de lutte contre le cancer,world cancer day + prévention cancer + dépistage cancer + cancer awareness + journée cancer
2021-07-25,22,Journée mondiale de lutte contre le cancer,world cancer day + prévention cancer + dépistage cancer + cancer awareness + journée cancer
2021-08-01,18,Journée mondiale de lutte contre le cancer,world cancer day + prévention cancer + dépistage cancer + cancer awareness + journée cancer
2021-08-08,11,Journée mondiale de lutte contre le cancer,world cancer day + prévention cancer + dépistage cancer + cancer awareness + journée cancer
2021-08-15,18,Journée mondiale de lutte contre le cancer,world cancer day + prévention cancer + dépistage cancer + cancer awareness + journée cancer
2021-08-22,24,Journée mondiale de lutte contre le cancer,world cancer day + prévention cancer + dépistage cancer + cancer awareness + journée cancer
2021-08-29,23,Journée mondiale de lutte contre le cancer,world cancer day + prévention cancer + dépistage cancer + cancer awareness + journée cancer
2021-09-05,23,Journée mondiale de lutte contre le cancer,world cancer day + prévention cancer + dépistage cancer + cancer awareness + journée cancer
2021-09-12,29,Journée mondiale de lutte contre le cancer,world cancer day + prévention cancer + dépistage cancer + cancer awareness + journée cancer
2021-09-19,31,Journée mondiale de lutte contre le cancer,world cancer day + prévention cancer + dépistage cancer + cancer awareness + journée cancer
2021-09-26,38,Journée mondiale de lutte contre le cancer,world cancer day + prévention cancer + dépistage cancer + cancer awareness + journée cancer
2021-10-03,48,Journée mondiale de lutte contre le cancer,world cancer day + prévention cancer + dépistage cancer + cancer awareness + journée cancer
2021-10-10,40,Journée mondiale de lutte contre le cancer,world cancer day + prévention cancer + dépistage cancer + cancer awareness + journée cancer
2021-10-17,39,Journée mondiale de lutte contre le cancer,world cancer day + prévention cancer + dépistage cancer + cancer awareness + journée cancer
2021-10-24,32,Journée mondiale de lutte contre le cancer,world cancer day + prévention cancer + dépistage cancer + cancer awareness + journée cancer
2021-10-31,25,Journée mondiale de lutte contre le cancer,world cancer day + prévention cancer + dépistage cancer + cancer awareness + journée cancer
2021-11-07,20,Journée mondiale de lutte contre le cancer,world cancer day + prévention cancer + dépistage cancer + cancer awareness + journée cancer
2021-11-14,27,Journée mondiale de lutte contre le cancer,world cancer day + prévention cancer + dépistage cancer + cancer awareness + journée cancer
2021-11-21,27,Journée mondiale de lutte contre le cancer,world cancer day + prévention cancer + dépistage cancer + cancer awareness + journée cancer
2021-11-28,39,Journée mondiale de lutte contre le cancer,world cancer day + prévention cancer + dépistage cancer + cancer awareness + journée cancer
2021-12-05,26,Journée mondiale de lutte contre le cancer,world cancer day + prévention cancer + dépistage cancer + cancer awareness + journée cancer
2021-12-12,28,Journée mondiale de lutte contre le cancer,world cancer day + prévention cancer + dépistage cancer + cancer awareness + journée cancer
2021-12-19,14,Journée mondiale de lutte contre le cancer,world cancer day + prévention cancer + dépistage cancer + cancer awareness + journée cancer
2021-12-26,19,Journée mondiale de lutte contre le cancer,world cancer day + prévention cancer + dépistage cancer + cancer awareness + journée cancer
2022-01-02,35,Journée mondiale de lutte contre le cancer,world cancer day + prévention cancer + dépistage cancer + cancer awareness + journée cancer
2022-01-09,33,Journée mondiale de lutte contre le cancer,world cancer day + prévention cancer + dépistage cancer + cancer awareness + journée cancer
2022-01-16,31,Journée mondiale de lutte contre le cancer,world cancer day + prévention cancer + dépistage cancer + cancer awareness + journée cancer
2022-01-23,45,Journée mondiale de lutte contre le cancer,world cancer day + prévention cancer + dépistage cancer + cancer awareness + journée cancer
2022-01-30,86,Journée mondiale de lutte contre le cancer,world cancer day + prévention cancer + dépistage cancer + cancer awareness + journée cancer
2022-02-06,34,Journée mondiale de lutte contre le cancer,world cancer day + prévention cancer + dépistage cancer + cancer awareness + journée cancer
2022-02-13,46,Journée mondiale de lutte contre le cancer,world cancer day + prévention cancer + dépistage cancer + cancer awareness + journée cancer
2022-02-20,41,Journée mondiale de lutte contre le cancer,world cancer day + prévention cancer + dépistage cancer + cancer awareness + journée cancer
2022-02-27,32,Journée mondiale de lutte contre le cancer,world cancer day + prévention cancer + dépistage cancer + cancer awareness + journée cancer
2022-03-06,39,Journée mondiale de lutte contre le cancer,world cancer day + prévention cancer + dépistage cancer + cancer awareness + journée cancer
2022-03-13,32,Journée mondiale de lutte contre le cancer,world cancer day + prévention cancer + dépistage cancer + cancer awareness + journée cancer
2022-03-20,34,Journée mondiale de lutte contre le cancer,world cancer day + prévention cancer + dépistage cancer + cancer awareness + journée cancer
2022-03-27,33,Journée mondiale de lutte contre le cancer,world cancer day + prévention cancer + dépistage cancer + cancer awareness + journée cancer
2022-04-03,34,Journée mondiale de lutte contre le cancer,world cancer day + prévention cancer + dépistage cancer + cancer awareness + journée cancer
2022-04-10,27,Journée mondiale de lutte contre le cancer,world cancer day + prévention cancer + dépistage cancer + cancer awareness + journée cancer
2022-04-17,30,Journée mondiale de lutte contre le cancer,world cancer day + prévention cancer + dépistage cancer + cancer awareness + journée cancer
2022-04-24,25,Journée mondiale de lutte contre le cancer,world cancer day + prévention cancer + dépistage cancer + cancer awareness + journée cancer
2022-05-01,30,Journée mondiale de lutte contre le cancer,world cancer day + prévention cancer + dépistage cancer + cancer awareness + journée cancer
2022-05-08,29,Journée mondiale de lutte contre le cancer,world cancer day + prévention cancer + dépistage cancer + cancer awareness + journée cancer
2022-05-15,34,Journée mondiale de lutte contre le cancer,world cancer day + prévention cancer + dépistage cancer + cancer awareness + journée cancer
2022-05-22,26,Journée mondiale de lutte contre le cancer,world cancer day + prévention cancer + dépistage cancer + cancer awareness + journée cancer
2022-05-29,31,Journée mondiale de lutte contre le cancer,world cancer day + prévention cancer + dépistage cancer + cancer awareness + journée cancer
2022-06-05,32,Journée mondiale de lutte contre le cancer,world cancer day + prévention cancer + dépistage cancer + cancer awareness + journée cancer
2022-06-12,31,Journée mondiale de lutte contre le cancer,world cancer day + prévention cancer + dépistage cancer + cancer awareness + journée cancer
2022-06-19,34,Journée mondiale de lutte contre le cancer,world cancer day + prévention cancer + dépistage cancer + cancer awareness + journée cancer
2022-06-26,28,Journée mondiale de lutte contre le cancer,world cancer day + prévention cancer + dépistage cancer + cancer awareness + journée cancer
2022-07-03,26,Journée mondiale de lutte contre le cancer,world cancer day + prévention cancer + dépistage cancer + cancer awareness + journée cancer
2022-07-10,23,Journée mondiale de lutte contre le cancer,world cancer day + prévention cancer + dépistage cancer + cancer awareness + journée cancer
2022-07-17,24,Journée mondiale de lutte contre le cancer,world cancer day + prévention cancer + dépistage cancer + cancer awareness + journée cancer
2022-07-24,30,Journée mondiale de lutte contre le cancer,world cancer day + prévention cancer + dépistage cancer + cancer awareness + journée cancer
2022-07-31,25,Journée mondiale de lutte contre le cancer,world cancer day + prévention cancer + dépistage cancer + cancer awareness + journée cancer
2022-08-07,27,Journée mondiale de lutte contre le cancer,world cancer day + prévention cancer + dépistage cancer + cancer awareness + journée cancer
2022-08-14,24,Journée mondiale de lutte contre le cancer,world cancer day + prévention cancer + dépistage cancer + cancer awareness + journée cancer
2022-08-21,24,Journée mondiale de lutte contre le cancer,world cancer day + prévention cancer + dépistage cancer + cancer awareness + journée cancer
2022-08-28,26,Journée mondiale de lutte contre le cancer,world cancer day + prévention cancer + dépistage cancer + cancer awareness + journée cancer
2022-09-04,30,Journée mondiale de lutte contre le cancer,world cancer day + prévention cancer + dépistage cancer + cancer awareness + journée cancer
2022-09-11,40,Journée mondiale de lutte contre le cancer,world cancer day + prévention cancer + dépistage cancer + cancer awareness + journée cancer
2022-09-18,42,Journée mondiale de lutte contre le cancer,world cancer day + prévention cancer + dépistage cancer + cancer awareness + journée cancer
2022-09-25,46,Journée mondiale de lutte contre le cancer,world cancer day + prévention cancer + dépistage cancer + cancer awareness + journée cancer
2022-10-02,71,Journée mondiale de lutte contre le cancer,world cancer day + prévention cancer + dépistage cancer + cancer awareness + journée cancer
2022-10-09,60,Journée mondiale de lutte contre le cancer,world cancer day + prévention cancer + dépistage cancer + cancer awareness + journée cancer
2022-10-16,65,Journée mondiale de lutte contre le cancer,world cancer day + prévention cancer + dépistage cancer + cancer awareness + journée cancer
2022-10-23,54,Journée mondiale de lutte contre le cancer,world cancer day + prévention cancer + dépistage cancer + cancer awareness + journée cancer
2022-10-30,33,Journée mondiale de lutte contre le cancer,world cancer day + prévention cancer + dépistage cancer + cancer awareness + journée cancer
2022-11-06,37,Journée mondiale de lutte contre le cancer,world cancer day + prévention cancer + dépistage cancer + cancer awareness + journée cancer
2022-11-13,48,Journée mondiale de lutte contre le cancer,world cancer day + prévention cancer + dépistage cancer + cancer awareness + journée cancer
2022-11-20,37,Journée mondiale de lutte contre le cancer,world cancer day + prévention cancer + dépistage cancer + cancer awareness + journée cancer
2022-11-27,32,Journée mondiale de lutte contre le cancer,world cancer day + prévention cancer + dépistage cancer + cancer awareness + journée cancer
2022-12-04,34,Journée mondiale de lutte contre le cancer,world cancer day + prévention cancer + dépistage cancer + cancer awareness + journée cancer
2022-12-11,29,Journée mondiale de lutte contre le cancer,world cancer day + prévention cancer + dépistage cancer + cancer awareness + journée cancer
2022-12-18,25,Journée mondiale de lutte contre le cancer,world cancer day + prévention cancer + dépistage cancer + cancer awareness + journée cancer
2022-12-25,26,Journée mondiale de lutte contre le cancer,world cancer day + prévention cancer + dépistage cancer + cancer awareness + journée cancer
2023-01-01,33,Journée mondiale de lutte contre le cancer,world cancer day + prévention cancer + dépistage cancer + cancer awareness + journée cancer
2023-01-08,40,Journée mondiale de lutte contre le cancer,world cancer day + prévention cancer + dépistage cancer + cancer awareness + journée cancer
2023-01-15,44,Journée mondiale de lutte contre le cancer,world cancer day + prévention cancer + dépistage cancer + cancer awareness + journée cancer
2023-01-22,42,Journée mondiale de lutte contre le cancer,world cancer day + prévention cancer + dépistage cancer + cancer awareness + journée cancer
2023-01-29,65,Journée mondiale de lutte contre le cancer,world cancer day + prévention cancer + dépistage cancer + cancer awareness + journée cancer
2023-02-05,40,Journée mondiale de lutte contre le cancer,world cancer day + prévention cancer + dépistage cancer + cancer awareness + journée cancer
2023-02-12,40,Journée mondiale de lutte contre le cancer,world cancer day + prévention cancer + dépistage cancer + cancer awareness + journée cancer
2023-02-19,40,Journée mondiale de lutte contre le cancer,world cancer day + prévention cancer + dépistage cancer + cancer awareness + journée cancer
2023-02-26,48,Journée mondiale de lutte contre le cancer,world cancer day + prévention cancer + dépistage cancer + cancer awareness + journée cancer
2023-03-05,56,Journée mondiale de lutte contre le cancer,world cancer day + prévention cancer + dépistage cancer + cancer awareness + journée cancer
2023-03-12,60,Journée mondiale de lutte contre le cancer,world cancer day + prévention cancer + dépistage cancer + cancer awareness + journée cancer
2023-03-19,44,Journée mondiale de lutte contre le cancer,world cancer day + prévention cancer + dépistage cancer + cancer awareness + journée cancer
2023-03-26,51,Journée mondiale de lutte contre le cancer,world cancer day + prévention cancer + dépistage cancer + cancer awareness + journée cancer
2023-04-02,42,Journée mondiale de lutte contre le cancer,world cancer day + prévention cancer + dépistage cancer + cancer awareness + journée cancer
2023-04-09,34,Journée mondiale de lutte contre le cancer,world cancer day + prévention cancer + dépistage cancer + cancer awareness + journée cancer
2023-04-16,40,Journée mondiale de lutte contre le cancer,world cancer day + prévention cancer + dépistage cancer + cancer awareness + journée cancer
2023-04-23,31,Journée mondiale de lutte contre le cancer,world cancer day + prévention cancer + dépistage cancer + cancer awareness + journée cancer
2023-04-30,39,Journée mondiale de lutte contre le cancer,world cancer day + prévention cancer + dépistage cancer + cancer awareness + journée cancer
2023-05-07,34,Journée mondiale de lutte contre le cancer,world cancer day + prévention cancer + dépistage cancer + cancer awareness + journée cancer
2023-05-14,33,Journée mondiale de lutte contre le cancer,world cancer day + prévention cancer + dépistage cancer + cancer awareness + journée cancer
2023-05-21,36,Journée mondiale de lutte contre le cancer,world cancer day + prévention cancer + dépistage cancer + cancer awareness + journée cancer
2023-05-28,32,Journée mondiale de lutte contre le cancer,world cancer day + prévention cancer + dépistage cancer + cancer awareness + journée cancer
2023-06-04,34,Journée mondiale de lutte contre le cancer,world cancer day + prévention cancer + dépistage cancer + cancer awareness + journée cancer
2023-06-11,40,Journée mondiale de lutte contre le cancer,world cancer day + prévention cancer + dépistage cancer + cancer awareness + journée cancer
2023-06-18,30,Journée mondiale de lutte contre le cancer,world cancer day + prévention cancer + dépistage cancer + cancer awareness + journée cancer
2023-06-25,25,Journée mondiale de lutte contre le cancer,world cancer day + prévention cancer + dépistage cancer + cancer awareness + journée cancer
2023-07-02,24,Journée mondiale de lutte contre le cancer,world cancer day + prévention cancer + dépistage cancer + cancer awareness + journée cancer
2023-07-09,33,Journée mondiale de lutte contre le cancer,world cancer day + prévention cancer + dépistage cancer + cancer awareness + journée cancer
2023-07-16,23,Journée mondiale de lutte contre le cancer,world cancer day + prévention cancer + dépistage cancer + cancer awareness + journée cancer
2023-07-23,29,Journée mondiale de lutte contre le cancer,world cancer day + prévention cancer + dépistage cancer + cancer awareness + journée cancer
2023-07-30,21,Journée mondiale de lutte contre le cancer,world cancer day + prévention cancer + dépistage cancer + cancer awareness + journée cancer
2023-08-06,25,Journée mondiale de lutte contre le cancer,world cancer day + prévention cancer + dépistage cancer + cancer awareness + journée cancer
2023-08-13,18,Journée mondiale de lutte contre le cancer,world cancer day + prévention cancer + dépistage cancer + cancer awareness + journée cancer
2023-08-20,27,Journée mondiale de lutte contre le cancer,world cancer day + prévention cancer + dépistage cancer + cancer awareness + journée cancer
2023-08-27,26,Journée mondiale de lutte contre le cancer,world cancer day + prévention cancer + dépistage cancer + cancer awareness + journée cancer
2023-09-03,32,Journée mondiale de lutte contre le cancer,world cancer day + prévention cancer + dépistage cancer + cancer awareness + journée cancer
2023-09-10,34,Journée mondiale de lutte contre le cancer,world cancer day + prévention cancer + dépistage cancer + cancer awareness + journée cancer
2023-09-17,37,Journée mondiale de lutte contre le cancer,world cancer day + prévention cancer + dépistage cancer + cancer awareness + journée cancer
2023-09-24,46,Journée mondiale de lutte contre le cancer,world cancer day + prévention cancer + dépistage cancer + cancer awareness + journée cancer
2023-10-01,79,Journée mondiale de lutte contre le cancer,world cancer day + prévention cancer + dépistage cancer + cancer awareness + journée cancer
2023-10-08,62,Journée mondiale de lutte contre le cancer,world cancer day + prévention cancer + dépistage cancer + cancer awareness + journée cancer
2023-10-15,64,Journée mondiale de lutte contre le cancer,world cancer day + prévention cancer + dépistage cancer + cancer awareness + journée cancer
2023-10-22,41,Journée mondiale de lutte contre le cancer,world cancer day + prévention cancer + dépistage cancer + cancer awareness + journée cancer
2023-10-29,35,Journée mondiale de lutte contre le cancer,world cancer day + prévention cancer + dépistage cancer + cancer awareness + journée cancer
2023-11-05,34,Journée mondiale de lutte contre le cancer,world cancer day + prévention cancer + dépistage cancer + cancer awareness + journée cancer
2023-11-12,44,Journée mondiale de lutte contre le cancer,world cancer day + prévention cancer + dépistage cancer + cancer awareness + journée cancer
2023-11-19,35,Journée mondiale de lutte contre le cancer,world cancer day + prévention cancer + dépistage cancer + cancer awareness + journée cancer
2023-11-26,32,Journée mondiale de lutte contre le cancer,world cancer day + prévention cancer + dépistage cancer + cancer awareness + journée cancer
2023-12-03,32,Journée mondiale de lutte contre le cancer,world cancer day + prévention cancer + dépistage cancer + cancer awareness + journée cancer
2023-12-10,33,Journée mondiale de lutte contre le cancer,world cancer day + prévention cancer + dépistage cancer + cancer awareness + journée cancer
2023-12-17,33,Journée mondiale de lutte contre le cancer,world cancer day + prévention cancer + dépistage cancer + cancer awareness + journée cancer
2023-12-24,24,Journée mondiale de lutte contre le cancer,world cancer day + prévention cancer + dépistage cancer + cancer awareness + journée cancer
2023-12-31,38,Journée mondiale de lutte contre le cancer,world cancer day + prévention cancer + dépistage cancer + cancer awareness + journée cancer
2024-01-07,44,Journée mondiale de lutte contre le cancer,world cancer day + prévention cancer + dépistage cancer + cancer awareness + journée cancer
2024-01-14,40,Journée mondiale de lutte contre le cancer,world cancer day + prévention cancer + dépistage cancer + cancer awareness + journée cancer
2024-01-21,52,Journée mondiale de lutte contre le cancer,world cancer day + prévention cancer + dépistage cancer + cancer awareness + journée cancer
2024-01-28,58,Journée mondiale de lutte contre le cancer,world cancer day + prévention cancer + dépistage cancer + cancer awareness + journée cancer
2024-02-04,68,Journée mondiale de lutte contre le cancer,world cancer day + prévention cancer + dépistage cancer + cancer awareness + journée cancer
2024-02-11,47,Journée mondiale de lutte contre le cancer,world cancer day + prévention cancer + dépistage cancer + cancer awareness + journée cancer
2024-02-18,41,Journée mondiale de lutte contre le cancer,world cancer day + prévention cancer + dépistage cancer + cancer awareness + journée cancer
2024-02-25,46,Journée mondiale de lutte contre le cancer,world cancer day + prévention cancer + dépistage cancer + cancer awareness + journée cancer
2024-03-03,60,Journée mondiale de lutte contre le cancer,world cancer day + prévention cancer + dépistage cancer + cancer awareness + journée cancer
2024-03-10,67,Journée mondiale de lutte contre le cancer,world cancer day + prévention cancer + dépistage cancer + cancer awareness + journée cancer
2024-03-17,58,Journée mondiale de lutte contre le cancer,world cancer day + prévention cancer + dépistage cancer + cancer awareness + journée cancer
2024-03-24,49,Journée mondiale de lutte contre le cancer,world cancer day + prévention cancer + dépistage cancer + cancer awareness + journée cancer
2024-03-31,46,Journée mondiale de lutte contre le cancer,world cancer day + prévention cancer + dépistage cancer + cancer awareness + journée cancer
2024-04-07,50,Journée mondiale de lutte contre le cancer,world cancer day + prévention cancer + dépistage cancer + cancer awareness + journée cancer
2024-04-14,38,Journée mondiale de lutte contre le cancer,world cancer day + prévention cancer + dépistage cancer + cancer awareness + journée cancer
2024-04-21,40,Journée mondiale de lutte contre le cancer,world cancer day + prévention cancer + dépistage cancer + cancer awareness + journée cancer
2024-04-28,35,Journée mondiale de lutte contre le cancer,world cancer day + prévention cancer + dépistage cancer + cancer awareness + journée cancer
2024-05-05,33,Journée mondiale de lutte contre le cancer,world cancer day + prévention cancer + dépistage cancer + cancer awareness + journée cancer
2024-05-12,46,Journée mondiale de lutte contre le cancer,world cancer day + prévention cancer + dépistage cancer + cancer awareness + journée cancer
2024-05-19,41,Journée mondiale de lutte contre le cancer,world cancer day + prévention cancer + dépistage cancer + cancer awareness + journée cancer
2024-05-26,43,Journée mondiale de lutte contre le cancer,world cancer day + prévention cancer + dépistage cancer + cancer awareness + journée cancer
2024-06-02,42,Journée mondiale de lutte contre le cancer,world cancer day + prévention cancer + dépistage cancer + cancer awareness + journée cancer
2024-06-09,42,Journée mondiale de lutte contre le cancer,world cancer day + prévention cancer + dépistage cancer + cancer awareness + journée cancer
2024-06-16,41,Journée mondiale de lutte contre le cancer,world cancer day + prévention cancer + dépistage cancer + cancer awareness + journée cancer
2024-06-23,35,Journée mondiale de lutte contre le cancer,world cancer day + prévention cancer + dépistage cancer + cancer awareness + journée cancer
2024-06-30,31,Journée mondiale de lutte contre le cancer,world cancer day + prévention cancer + dépistage cancer + cancer awareness + journée cancer
2024-07-07,32,Journée mondiale de lutte contre le cancer,world cancer day + prévention cancer + dépistage cancer + cancer awareness + journée cancer
2024-07-14,28,Journée mondiale de lutte contre le cancer,world cancer day + prévention cancer + dépistage cancer + cancer awareness + journée cancer
2024-07-21,31,Journée mondiale de lutte contre le cancer,world cancer day + prévention cancer + dépistage cancer + cancer awareness + journée cancer
2024-07-28,28,Journée mondiale de lutte contre le cancer,world cancer day + prévention cancer + dépistage cancer + cancer awareness + journée cancer
2024-08-04,28,Journée mondiale de lutte contre le cancer,world cancer day + prévention cancer + dépistage cancer + cancer awareness + journée cancer
2024-08-11,63,Journée mondiale de lutte contre le cancer,world cancer day + prévention cancer + dépistage cancer + cancer awareness + journée cancer
2024-08-18,38,Journée mondiale de lutte contre le cancer,world cancer day + prévention cancer + dépistage cancer + cancer awareness + journée cancer
2024-08-25,41,Journée mondiale de lutte contre le cancer,world cancer day + prévention cancer + dépistage cancer + cancer awareness + journée cancer
2024-09-01,51,Journée mondiale de lutte contre le cancer,world cancer day + prévention cancer + dépistage cancer + cancer awareness + journée cancer
2024-09-08,47,Journée mondiale de lutte contre le cancer,world cancer day + prévention cancer + dépistage cancer + cancer awareness + journée cancer
2024-09-15,45,Journée mondiale de lutte contre le cancer,world cancer day + prévention cancer + dépistage cancer + cancer awareness + journée cancer
2024-09-22,48,Journée mondiale de lutte contre le cancer,world cancer day + prévention cancer + dépistage cancer + cancer awareness + journée cancer
2024-09-29,85,Journée mondiale de lutte contre le cancer,world cancer day + prévention cancer + dépistage cancer + cancer awareness + journée cancer
2024-10-06,73,Journée mondiale de lutte contre le cancer,world cancer day + prévention cancer + dépistage cancer + cancer awareness + journée cancer
2024-10-13,64,Journée mondiale de lutte contre le cancer,world cancer day + prévention cancer + dépistage cancer + cancer awareness + journée cancer
2024-10-20,47,Journée mondiale de lutte contre le cancer,world cancer day + prévention cancer + dépistage cancer + cancer awareness + journée cancer
2024-10-27,45,Journée mondiale de lutte contre le cancer,world cancer day + prévention cancer + dépistage cancer + cancer awareness + journée cancer
2024-11-03,44,Journée mondiale de lutte contre le cancer,world cancer day + prévention cancer + dépistage cancer + cancer awareness + journée cancer
2024-11-10,41,Journée mondiale de lutte contre le cancer,world cancer day + prévention cancer + dépistage cancer + cancer awareness + journée cancer
2024-11-17,44,Journée mondiale de lutte contre le cancer,world cancer day + prévention cancer + dépistage cancer + cancer awareness + journée cancer
2024-11-24,42,Journée mondiale de lutte contre le cancer,world cancer day + prévention cancer + dépistage cancer + cancer awareness + journée cancer
2024-12-01,45,Journée mondiale de lutte contre le cancer,world cancer day + prévention cancer + dépistage cancer + cancer awareness + journée cancer
2024-12-08,39,Journée mondiale de lutte contre le cancer,world cancer day + prévention cancer + dépistage cancer + cancer awareness + journée cancer
2024-12-15,39,Journée mondiale de lutte contre le cancer,world cancer day + prévention cancer + dépistage cancer + cancer awareness + journée cancer
2024-12-22,25,Journée mondiale de lutte contre le cancer,world cancer day + prévention cancer + dépistage cancer + cancer awareness + journée cancer
2024-12-29,31,Journée mondiale de lutte contre le cancer,world cancer day + prévention cancer + dépistage cancer + cancer awareness + journée cancer
2025-01-05,44,Journée mondiale de lutte contre le cancer,world cancer day + prévention cancer + dépistage cancer + cancer awareness + journée cancer
2025-01-12,50,Journée mondiale de lutte contre le cancer,world cancer day + prévention cancer + dépistage cancer + cancer awareness + journée cancer
2025-01-19,54,Journée mondiale de lutte contre le cancer,world cancer day + prévention cancer + dépistage cancer + cancer awareness + journée cancer
2025-01-26,47,Journée mondiale de lutte contre le cancer,world cancer day + prévention cancer + dépistage cancer + cancer awareness + journée cancer
2025-02-02,100,Journée mondiale de lutte contre le cancer,world cancer day + prévention cancer + dépistage cancer + cancer awareness + journée cancer
2025-02-09,50,Journée mondiale de lutte contre le cancer,world cancer day + prévention cancer + dépistage cancer + cancer awareness + journée cancer
2025-02-16,61,Journée mondiale de lutte contre le cancer,world cancer day + prévention cancer + dépistage cancer + cancer awareness + journée cancer
2025-02-23,47,Journée mondiale de lutte contre le cancer,world cancer day + prévention cancer + dépistage cancer + cancer awareness + journée cancer
2025-03-02,81,Journée mondiale de lutte contre le cancer,world cancer day + prévention cancer + dépistage cancer + cancer awareness + journée cancer
2025-03-09,71,Journée mondiale de lutte contre le cancer,world cancer day + prévention cancer + dépistage cancer + cancer awareness + journée cancer
2025-03-16,81,Journée mondiale de lutte contre le cancer,world cancer day + prévention cancer + dépistage cancer + cancer awareness + journée cancer
2025-03-23,85,Journée mondiale de lutte contre le cancer,world cancer day + prévention cancer + dépistage cancer + cancer awareness + journée cancer
2025-03-30,67,Journée mondiale de lutte contre le cancer,world cancer day + prévention cancer + dépistage cancer + cancer awareness + journée cancer
2025-04-06,70,Journée mondiale de lutte contre le cancer,world cancer day + prévention cancer + dépistage cancer + cancer awareness + journée cancer
2025-04-13,46,Journée mondiale de lutte contre le cancer,world cancer day + prévention cancer + dépistage cancer + cancer awareness + journée cancer
2025-04-20,55,Journée mondiale de lutte contre le cancer,world cancer day + prévention cancer + dépistage cancer + cancer awareness + journée cancer
2025-04-27,50,Journée mondiale de lutte contre le cancer,world cancer day + prévention cancer + dépistage cancer + cancer awareness + journée cancer
2025-05-04,53,Journée mondiale de lutte contre le cancer,world cancer day + prévention cancer + dépistage cancer + cancer awareness + journée cancer
2025-05-11,54,Journée mondiale de lutte contre le cancer,world cancer day + prévention cancer + dépistage cancer + cancer awareness + journée cancer
2025-05-18,51,Journée mondiale de lutte contre le cancer,world cancer day + prévention cancer + dépistage cancer + cancer awareness + journée cancer
2025-05-25,47,Journée mondiale de lutte contre le cancer,world cancer day + prévention cancer + dépistage cancer + cancer awareness + journée cancer
2025-06-01,50,Journée mondiale de lutte contre le cancer,world cancer day + prévention cancer + dépistage cancer + cancer awareness + journée cancer
2025-06-08,41,Journée mondiale de lutte contre le cancer,world cancer day + prévention cancer + dépistage cancer + cancer awareness + journée cancer
2025-06-15,49,Journée mondiale de lutte contre le cancer,world cancer day + prévention cancer + dépistage cancer + cancer awareness + journée cancer
2025-06-22,40,Journée mondiale de lutte contre le cancer,world cancer day + prévention cancer + dépistage cancer + cancer awareness + journée cancer
2025-06-29,32,Journée mondiale de lutte contre le cancer,world cancer day + prévention cancer + dépistage cancer + cancer awareness + journée cancer
2025-07-06,41,Journée mondiale de lutte contre le cancer,world cancer day + prévention cancer + dépistage cancer + cancer awareness + journée cancer
2025-07-13,28,Journée mondiale de lutte contre le cancer,world cancer day + prévention cancer + dépistage cancer + cancer awareness + journée cancer
2025-07-20,32,Journée mondiale de lutte contre le cancer,world cancer day + prévention cancer + dépistage cancer + cancer awareness + journée cancer
2025-07-27,34,Journée mondiale de lutte contre le cancer,world cancer day + prévention cancer + dépistage cancer + cancer awareness + journée cancer
2025-08-03,39,Journée mondiale de lutte contre le cancer,world cancer day + prévention cancer + dépistage cancer + cancer awareness + journée cancer
2025-08-10,25,Journée mondiale de lutte contre le cancer,world cancer day + prévention cancer + dépistage cancer + cancer awareness + journée cancer
2025-08-17,37,Journée mondiale de lutte contre le cancer,world cancer day + prévention cancer + dépistage cancer + cancer awareness + journée cancer
2025-08-24,39,Journée mondiale de lutte contre le cancer,world cancer day + prévention cancer + dépistage cancer + cancer awareness + journée cancer
2025-08-31,46,Journée mondiale de lutte contre le cancer,world cancer day + prévention cancer + dépistage cancer + cancer awareness + journée cancer
2025-09-07,46,Journée mondiale de lutte contre le cancer,world cancer day + prévention cancer + dépistage cancer + cancer awareness + journée cancer
2025-09-14,52,Journée mondiale de lutte contre le cancer,world cancer day + prévention cancer + dépistage cancer + cancer awareness + journée cancer
2025-09-21,50,Journée mondiale de lutte contre le cancer,world cancer day + prévention cancer + dépistage cancer + cancer awareness + journée cancer
2025-09-28,81,Journée mondiale de lutte contre le cancer,world cancer day + prévention cancer + dépistage cancer + cancer awareness + journée cancer
2025-10-05,88,Journée mondiale de lutte contre le cancer,world cancer day + prévention cancer + dépistage cancer + cancer awareness + journée cancer
2025-10-12,83,Journée mondiale de lutte contre le cancer,world cancer day + prévention cancer + dépistage cancer + cancer awareness + journée cancer
2025-10-19,63,Journée mondiale de lutte contre le cancer,world cancer day + prévention cancer + dépistage cancer + cancer awareness + journée cancer
2025-10-26,56,Journée mondiale de lutte contre le cancer,world cancer day + prévention cancer + dépistage cancer + cancer awareness + journée cancer
2025-11-02,60,Journée mondiale de lutte contre le cancer,world cancer day + prévention cancer + dépistage cancer + cancer awareness + journée cancer
2025-11-09,51,Journée mondiale de lutte contre le cancer,world cancer day + prévention cancer + dépistage cancer + cancer awareness + journée cancer
2025-11-16,58,Journée mondiale de lutte contre le cancer,world cancer day + prévention cancer + dépistage cancer + cancer awareness + journée cancer
2025-11-23,49,Journée mondiale de lutte contre le cancer,world cancer day + prévention cancer + dépistage cancer + cancer awareness + journée cancer
2025-11-30,47,Journée mondiale de lutte contre le cancer,world cancer day + prévention cancer + dépistage cancer + cancer awareness + journée cancer
2025-12-07,46,Journée mondiale de lutte contre le cancer,world cancer day + prévention cancer + dépistage cancer + cancer awareness + journée cancer
2025-12-14,41,Journée mondiale de lutte contre le cancer,world cancer day + prévention cancer + dépistage cancer + cancer awareness + journée cancer
2025-12-21,26,Journée mondiale de lutte contre le cancer,world cancer day + prévention cancer + dépistage cancer + cancer awareness + journée cancer
2025-12-28,33,Journée mondiale de lutte contre le cancer,world cancer day + prévention cancer + dépistage cancer + cancer awareness + journée cancer
2020-12-27,14,Journée mondiale du handicap,journée handicap + inclusion handicap + accessibilité handicap + handicap invisible
2021-01-03,24,Journée mondiale du handicap,journée handicap + inclusion handicap + accessibilité handicap + handicap invisible
2021-01-10,22,Journée mondiale du handicap,journée handicap + inclusion handicap + accessibilité handicap + handicap invisible
2021-01-17,21,Journée mondiale du handicap,journée handicap + inclusion handicap + accessibilité handicap + handicap invisible
2021-01-24,21,Journée mondiale du handicap,journée handicap + inclusion handicap + accessibilité handicap + handicap invisible
2021-01-31,24,Journée mondiale du handicap,journée handicap + inclusion handicap + accessibilité handicap + handicap invisible
2021-02-07,25,Journée mondiale du handicap,journée handicap + inclusion handicap + accessibilité handicap + handicap invisible
2021-02-14,22,Journée mondiale du handicap,journée handicap + inclusion handicap + accessibilité handicap + handicap invisible
2021-02-21,24,Journée mondiale du handicap,journée handicap + inclusion handicap + accessibilité handicap + handicap invisible
2021-02-28,29,Journée mondiale du handicap,journée handicap + inclusion handicap + accessibilité handicap + handicap invisible
2021-03-07,27,Journée mondiale du handicap,journée handicap + inclusion handicap + accessibilité handicap + handicap invisible
2021-03-14,27,Journée mondiale du handicap,journée handicap + inclusion handicap + accessibilité handicap + handicap invisible
2021-03-21,28,Journée mondiale du handicap,journée handicap + inclusion handicap + accessibilité handicap + handicap invisible
2021-03-28,25,Journée mondiale du handicap,journée handicap + inclusion handicap + accessibilité handicap + handicap invisible
2021-04-04,21,Journée mondiale du handicap,journée handicap + inclusion handicap + accessibilité handicap + handicap invisible
2021-04-11,19,Journée mondiale du handicap,journée handicap + inclusion handicap + accessibilité handicap + handicap invisible
2021-04-18,19,Journée mondiale du handicap,journée handicap + inclusion handicap + accessibilité handicap + handicap invisible
2021-04-25,26,Journée mondiale du handicap,journée handicap + inclusion handicap + accessibilité handicap + handicap invisible
2021-05-02,29,Journée mondiale du handicap,journée handicap + inclusion handicap + accessibilité handicap + handicap invisible
2021-05-09,23,Journée mondiale du handicap,journée handicap + inclusion handicap + accessibilité handicap + handicap invisible
2021-05-16,31,Journée mondiale du handicap,journée handicap + inclusion handicap + accessibilité handicap + handicap invisible
2021-05-23,27,Journée mondiale du handicap,journée handicap + inclusion handicap + accessibilité handicap + handicap invisible
2021-05-30,21,Journée mondiale du handicap,journée handicap + inclusion handicap + accessibilité handicap + handicap invisible
2021-06-06,25,Journée mondiale du handicap,journée handicap + inclusion handicap + accessibilité handicap + handicap invisible
2021-06-13,16,Journée mondiale du handicap,journée handicap + inclusion handicap + accessibilité handicap + handicap invisible
2021-06-20,19,Journée mondiale du handicap,journée handicap + inclusion handicap + accessibilité handicap + handicap invisible
2021-06-27,19,Journée mondiale du handicap,journée handicap + inclusion handicap + accessibilité handicap + handicap invisible
2021-07-04,17,Journée mondiale du handicap,journée handicap + inclusion handicap + accessibilité handicap + handicap invisible
2021-07-11,16,Journée mondiale du handicap,journée handicap + inclusion handicap + accessibilité handicap + handicap invisible
2021-07-18,16,Journée mondiale du handicap,journée handicap + inclusion handicap + accessibilité handicap + handicap invisible
2021-07-25,16,Journée mondiale du handicap,journée handicap + inclusion handicap + accessibilité handicap + handicap invisible
2021-08-01,11,Journée mondiale du handicap,journée handicap + inclusion handicap + accessibilité handicap + handicap invisible
2021-08-08,18,Journée mondiale du handicap,journée handicap + inclusion handicap + accessibilité handicap + handicap invisible
2021-08-15,14,Journée mondiale du handicap,journée handicap + inclusion handicap + accessibilité handicap + handicap invisible
2021-08-22,14,Journée mondiale du handicap,journée handicap + inclusion handicap + accessibilité handicap + handicap invisible
2021-08-29,22,Journée mondiale du handicap,journée handicap + inclusion handicap + accessibilité handicap + handicap invisible
2021-09-05,24,Journée mondiale du handicap,journée handicap + inclusion handicap + accessibilité handicap + handicap invisible
2021-09-12,27,Journée mondiale du handicap,journée handicap + inclusion handicap + accessibilité handicap + handicap invisible
2021-09-19,29,Journée mondiale du handicap,journée handicap + inclusion handicap + accessibilité handicap + handicap invisible
2021-09-26,35,Journée mondiale du handicap,journée handicap + inclusion handicap + accessibilité handicap + handicap invisible
2021-10-03,41,Journée mondiale du handicap,journée handicap + inclusion handicap + accessibilité handicap + handicap invisible
2021-10-10,30,Journée mondiale du handicap,journée handicap + inclusion handicap + accessibilité handicap + handicap invisible
2021-10-17,35,Journée mondiale du handicap,journée handicap + inclusion handicap + accessibilité handicap + handicap invisible
2021-10-24,38,Journée mondiale du handicap,journée handicap + inclusion handicap + accessibilité handicap + handicap invisible
2021-10-31,32,Journée mondiale du handicap,journée handicap + inclusion handicap + accessibilité handicap + handicap invisible
2021-11-07,30,Journée mondiale du handicap,journée handicap + inclusion handicap + accessibilité handicap + handicap invisible
2021-11-14,58,Journée mondiale du handicap,journée handicap + inclusion handicap + accessibilité handicap + handicap invisible
2021-11-21,42,Journée mondiale du handicap,journée handicap + inclusion handicap + accessibilité handicap + handicap invisible
2021-11-28,67,Journée mondiale du handicap,journée handicap + inclusion handicap + accessibilité handicap + handicap invisible
2021-12-05,27,Journée mondiale du handicap,journée handicap + inclusion handicap + accessibilité handicap + handicap invisible
2021-12-12,31,Journée mondiale du handicap,journée handicap + inclusion handicap + accessibilité handicap + handicap invisible
2021-12-19,16,Journée mondiale du handicap,journée handicap + inclusion handicap + accessibilité handicap + handicap invisible
2021-12-26,11,Journée mondiale du handicap,journée handicap + inclusion handicap + accessibilité handicap + handicap invisible
2022-01-02,28,Journée mondiale du handicap,journée handicap + inclusion handicap + accessibilité handicap + handicap invisible
2022-01-09,42,Journée mondiale du handicap,journée handicap + inclusion handicap + accessibilité handicap + handicap invisible
2022-01-16,19,Journée mondiale du handicap,journée handicap + inclusion handicap + accessibilité handicap + handicap invisible
2022-01-23,34,Journée mondiale du handicap,journée handicap + inclusion handicap + accessibilité handicap + handicap invisible
2022-01-30,36,Journée mondiale du handicap,journée handicap + inclusion handicap + accessibilité handicap + handicap invisible
2022-02-06,33,Journée mondiale du handicap,journée handicap + inclusion handicap + accessibilité handicap + handicap invisible
2022-02-13,38,Journée mondiale du handicap,journée handicap + inclusion handicap + accessibilité handicap + handicap invisible
2022-02-20,43,Journée mondiale du handicap,journée handicap + inclusion handicap + accessibilité handicap + handicap invisible
2022-02-27,30,Journée mondiale du handicap,journée handicap + inclusion handicap + accessibilité handicap + handicap invisible
2022-03-06,49,Journée mondiale du handicap,journée handicap + inclusion handicap + accessibilité handicap + handicap invisible
2022-03-13,53,Journée mondiale du handicap,journée handicap + inclusion handicap + accessibilité handicap + handicap invisible
2022-03-20,59,Journée mondiale du handicap,journée handicap + inclusion handicap + accessibilité handicap + handicap invisible
2022-03-27,43,Journée mondiale du handicap,journée handicap + inclusion handicap + accessibilité handicap + handicap invisible
2022-04-03,45,Journée mondiale du handicap,journée handicap + inclusion handicap + accessibilité handicap + handicap invisible
2022-04-10,33,Journée mondiale du handicap,journée handicap + inclusion handicap + accessibilité handicap + handicap invisible
2022-04-17,42,Journée mondiale du handicap,journée handicap + inclusion handicap + accessibilité handicap + handicap invisible
2022-04-24,42,Journée mondiale du handicap,journée handicap + inclusion handicap + accessibilité handicap + handicap invisible
2022-05-01,44,Journée mondiale du handicap,journée handicap + inclusion handicap + accessibilité handicap + handicap invisible
2022-05-08,45,Journée mondiale du handicap,journée handicap + inclusion handicap + accessibilité handicap + handicap invisible
2022-05-15,46,Journée mondiale du handicap,journée handicap + inclusion handicap + accessibilité handicap + handicap invisible
2022-05-22,34,Journée mondiale du handicap,journée handicap + inclusion handicap + accessibilité handicap + handicap invisible
2022-05-29,38,Journée mondiale du handicap,journée handicap + inclusion handicap + accessibilité handicap + handicap invisible
2022-06-05,36,Journée mondiale du handicap,journée handicap + inclusion handicap + accessibilité handicap + handicap invisible
2022-06-12,25,Journée mondiale du handicap,journée handicap + inclusion handicap + accessibilité handicap + handicap invisible
2022-06-19,31,Journée mondiale du handicap,journée handicap + inclusion handicap + accessibilité handicap + handicap invisible
2022-06-26,22,Journée mondiale du handicap,journée handicap + inclusion handicap + accessibilité handicap + handicap invisible
2022-07-03,25,Journée mondiale du handicap,journée handicap + inclusion handicap + accessibilité handicap + handicap invisible
2022-07-10,16,Journée mondiale du handicap,journée handicap + inclusion handicap + accessibilité handicap + handicap invisible
2022-07-17,22,Journée mondiale du handicap,journée handicap + inclusion handicap + accessibilité handicap + handicap invisible
2022-07-24,21,Journée mondiale du handicap,journée handicap + inclusion handicap + accessibilité handicap + handicap invisible
2022-07-31,15,Journée mondiale du handicap,journée handicap + inclusion handicap + accessibilité handicap + handicap invisible
2022-08-07,18,Journée mondiale du handicap,journée handicap + inclusion handicap + accessibilité handicap + handicap invisible
2022-08-14,15,Journée mondiale du handicap,journée handicap + inclusion handicap + accessibilité handicap + handicap invisible
2022-08-21,32,Journée mondiale du handicap,journée handicap + inclusion handicap + accessibilité handicap + handicap invisible
2022-08-28,24,Journée mondiale du handicap,journée handicap + inclusion handicap + accessibilité handicap + handicap invisible
2022-09-04,32,Journée mondiale du handicap,journée handicap + inclusion handicap + accessibilité handicap + handicap invisible
2022-09-11,37,Journée mondiale du handicap,journée handicap + inclusion handicap + accessibilité handicap + handicap invisible
2022-09-18,42,Journée mondiale du handicap,journée handicap + inclusion handicap + accessibilité handicap + handicap invisible
2022-09-25,52,Journée mondiale du handicap,journée handicap + inclusion handicap + accessibilité handicap + handicap invisible
2022-10-02,46,Journée mondiale du handicap,journée handicap + inclusion handicap + accessibilité handicap + handicap invisible
2022-10-09,53,Journée mondiale du handicap,journée handicap + inclusion handicap + accessibilité handicap + handicap invisible
2022-10-16,35,Journée mondiale du handicap,journée handicap + inclusion handicap + accessibilité handicap + handicap invisible
2022-10-23,36,Journée mondiale du handicap,journée handicap + inclusion handicap + accessibilité handicap + handicap invisible
2022-10-30,44,Journée mondiale du handicap,journée handicap + inclusion handicap + accessibilité handicap + handicap invisible
2022-11-06,49,Journée mondiale du handicap,journée handicap + inclusion handicap + accessibilité handicap + handicap invisible
2022-11-13,97,Journée mondiale du handicap,journée handicap + inclusion handicap + accessibilité handicap + handicap invisible
2022-11-20,53,Journée mondiale du handicap,journée handicap + inclusion handicap + accessibilité handicap + handicap invisible
2022-11-27,54,Journée mondiale du handicap,journée handicap + inclusion handicap + accessibilité handicap + handicap invisible
2022-12-04,45,Journée mondiale du handicap,journée handicap + inclusion handicap + accessibilité handicap + handicap invisible
2022-12-11,40,Journée mondiale du handicap,journée handicap + inclusion handicap + accessibilité handicap + handicap invisible
2022-12-18,26,Journée mondiale du handicap,journée handicap + inclusion handicap + accessibilité handicap + handicap invisible
2022-12-25,18,Journée mondiale du handicap,journée handicap + inclusion handicap + accessibilité handicap + handicap invisible
2023-01-01,32,Journée mondiale du handicap,journée handicap + inclusion handicap + accessibilité handicap + handicap invisible
2023-01-08,37,Journée mondiale du handicap,journée handicap + inclusion handicap + accessibilité handicap + handicap invisible
2023-01-15,33,Journée mondiale du handicap,journée handicap + inclusion handicap + accessibilité handicap + handicap invisible
2023-01-22,45,Journée mondiale du handicap,journée handicap + inclusion handicap + accessibilité handicap + handicap invisible
2023-01-29,56,Journée mondiale du handicap,journée handicap + inclusion handicap + accessibilité handicap + handicap invisible
2023-02-05,57,Journée mondiale du handicap,journée handicap + inclusion handicap + accessibilité handicap + handicap invisible
2023-02-12,38,Journée mondiale du handicap,journée handicap + inclusion handicap + accessibilité handicap + handicap invisible
2023-02-19,53,Journée mondiale du handicap,journée handicap + inclusion handicap + accessibilité handicap + handicap invisible
2023-02-26,36,Journée mondiale du handicap,journée handicap + inclusion handicap + accessibilité handicap + handicap invisible
2023-03-05,42,Journée mondiale du handicap,journée handicap + inclusion handicap + accessibilité handicap + handicap invisible
2023-03-12,40,Journée mondiale du handicap,journée handicap + inclusion handicap + accessibilité handicap + handicap invisible
2023-03-19,45,Journée mondiale du handicap,journée handicap + inclusion handicap + accessibilité handicap + handicap invisible
2023-03-26,35,Journée mondiale du handicap,journée handicap + inclusion handicap + accessibilité handicap + handicap invisible
2023-04-02,45,Journée mondiale du handicap,journée handicap + inclusion handicap + accessibilité handicap + handicap invisible
2023-04-09,49,Journée mondiale du handicap,journée handicap + inclusion handicap + accessibilité handicap + handicap invisible
2023-04-16,32,Journée mondiale du handicap,journée handicap + inclusion handicap + accessibilité handicap + handicap invisible
2023-04-23,56,Journée mondiale du handicap,journée handicap + inclusion handicap + accessibilité handicap + handicap invisible
2023-04-30,50,Journée mondiale du handicap,journée handicap + inclusion handicap + accessibilité handicap + handicap invisible
2023-05-07,46,Journée mondiale du handicap,journée handicap + inclusion handicap + accessibilité handicap + handicap invisible
2023-05-14,36,Journée mondiale du handicap,journée handicap + inclusion handicap + accessibilité handicap + handicap invisible
2023-05-21,56,Journée mondiale du handicap,journée handicap + inclusion handicap + accessibilité handicap + handicap invisible
2023-05-28,39,Journée mondiale du handicap,journée handicap + inclusion handicap + accessibilité handicap + handicap invisible
2023-06-04,47,Journée mondiale du handicap,journée handicap + inclusion handicap + accessibilité handicap + handicap invisible
2023-06-11,50,Journée mondiale du handicap,journée handicap + inclusion handicap + accessibilité handicap + handicap invisible
2023-06-18,41,Journée mondiale du handicap,journée handicap + inclusion handicap + accessibilité handicap + handicap invisible
2023-06-25,35,Journée mondiale du handicap,journée handicap + inclusion handicap + accessibilité handicap + handicap invisible
2023-07-02,29,Journée mondiale du handicap,journée handicap + inclusion handicap + accessibilité handicap + handicap invisible
2023-07-09,29,Journée mondiale du handicap,journée handicap + inclusion handicap + accessibilité handicap + handicap invisible
2023-07-16,29,Journée mondiale du handicap,journée handicap + inclusion handicap + accessibilité handicap + handicap invisible
2023-07-23,20,Journée mondiale du handicap,journée handicap + inclusion handicap + accessibilité handicap + handicap invisible
2023-07-30,21,Journée mondiale du handicap,journée handicap + inclusion handicap + accessibilité handicap + handicap invisible
2023-08-06,18,Journée mondiale du handicap,journée handicap + inclusion handicap + accessibilité handicap + handicap invisible
2023-08-13,21,Journée mondiale du handicap,journée handicap + inclusion handicap + accessibilité handicap + handicap invisible
2023-08-20,23,Journée mondiale du handicap,journée handicap + inclusion handicap + accessibilité handicap + handicap invisible
2023-08-27,22,Journée mondiale du handicap,journée handicap + inclusion handicap + accessibilité handicap + handicap invisible
2023-09-03,48,Journée mondiale du handicap,journée handicap + inclusion handicap + accessibilité handicap + handicap invisible
2023-09-10,51,Journée mondiale du handicap,journée handicap + inclusion handicap + accessibilité handicap + handicap invisible
2023-09-17,46,Journée mondiale du handicap,journée handicap + inclusion handicap + accessibilité handicap + handicap invisible
2023-09-24,59,Journée mondiale du handicap,journée handicap + inclusion handicap + accessibilité handicap + handicap invisible
2023-10-01,53,Journée mondiale du handicap,journée handicap + inclusion handicap + accessibilité handicap + handicap invisible
2023-10-08,56,Journée mondiale du handicap,journée handicap + inclusion handicap + accessibilité handicap + handicap invisible
2023-10-15,46,Journée mondiale du handicap,journée handicap + inclusion handicap + accessibilité handicap + handicap invisible
2023-10-22,42,Journée mondiale du handicap,journée handicap + inclusion handicap + accessibilité handicap + handicap invisible
2023-10-29,33,Journée mondiale du handicap,journée handicap + inclusion handicap + accessibilité handicap + handicap invisible
2023-11-05,44,Journée mondiale du handicap,journée handicap + inclusion handicap + accessibilité handicap + handicap invisible
2023-11-12,55,Journée mondiale du handicap,journée handicap + inclusion handicap + accessibilité handicap + handicap invisible
2023-11-19,100,Journée mondiale du handicap,journée handicap + inclusion handicap + accessibilité handicap + handicap invisible
2023-11-26,61,Journée mondiale du handicap,journée handicap + inclusion handicap + accessibilité handicap + handicap invisible
2023-12-03,54,Journée mondiale du handicap,journée handicap + inclusion handicap + accessibilité handicap + handicap invisible
2023-12-10,45,Journée mondiale du handicap,journée handicap + inclusion handicap + accessibilité handicap + handicap invisible
2023-12-17,42,Journée mondiale du handicap,journée handicap + inclusion handicap + accessibilité handicap + handicap invisible
2023-12-24,15,Journée mondiale du handicap,journée handicap + inclusion handicap + accessibilité handicap + handicap invisible
2023-12-31,32,Journée mondiale du handicap,journée handicap + inclusion handicap + accessibilité handicap + handicap invisible
2024-01-07,48,Journée mondiale du handicap,journée handicap + inclusion handicap + accessibilité handicap + handicap invisible
2024-01-14,39,Journée mondiale du handicap,journée handicap + inclusion handicap + accessibilité handicap + handicap invisible
2024-01-21,57,Journée mondiale du handicap,journée handicap + inclusion handicap + accessibilité handicap + handicap invisible
2024-01-28,50,Journée mondiale du handicap,journée handicap + inclusion handicap + accessibilité handicap + handicap invisible
2024-02-04,63,Journée mondiale du handicap,journée handicap + inclusion handicap + accessibilité handicap + handicap invisible
2024-02-11,46,Journée mondiale du handicap,journée handicap + inclusion handicap + accessibilité handicap + handicap invisible
2024-02-18,56,Journée mondiale du handicap,journée handicap + inclusion handicap + accessibilité handicap + handicap invisible
2024-02-25,42,Journée mondiale du handicap,journée handicap + inclusion handicap + accessibilité handicap + handicap invisible
2024-03-03,48,Journée mondiale du handicap,journée handicap + inclusion handicap + accessibilité handicap + handicap invisible
2024-03-10,43,Journée mondiale du handicap,journée handicap + inclusion handicap + accessibilité handicap + handicap invisible
2024-03-17,59,Journée mondiale du handicap,journée handicap + inclusion handicap + accessibilité handicap + handicap invisible
2024-03-24,53,Journée mondiale du handicap,journée handicap + inclusion handicap + accessibilité handicap + handicap invisible
2024-03-31,52,Journée mondiale du handicap,journée handicap + inclusion handicap + accessibilité handicap + handicap invisible
2024-04-07,40,Journée mondiale du handicap,journée handicap + inclusion handicap + accessibilité handicap + handicap invisible
2024-04-14,47,Journée mondiale du handicap,journée handicap + inclusion handicap + accessibilité handicap + handicap invisible
2024-04-21,58,Journée mondiale du handicap,journée handicap + inclusion handicap + accessibilité handicap + handicap invisible
2024-04-28,46,Journée mondiale du handicap,journée handicap + inclusion handicap + accessibilité handicap + handicap invisible
2024-05-05,28,Journée mondiale du handicap,journée handicap + inclusion handicap + accessibilité handicap + handicap invisible
2024-05-12,46,Journée mondiale du handicap,journée handicap + inclusion handicap + accessibilité handicap + handicap invisible
2024-05-19,44,Journée mondiale du handicap,journée handicap + inclusion handicap + accessibilité handicap + handicap invisible
2024-05-26,57,Journée mondiale du handicap,journée handicap + inclusion handicap + accessibilité handicap + handicap invisible
2024-06-02,47,Journée mondiale du handicap,journée handicap + inclusion handicap + accessibilité handicap + handicap invisible
2024-06-09,34,Journée mondiale du handicap,journée handicap + inclusion handicap + accessibilité handicap + handicap invisible
2024-06-16,41,Journée mondiale du handicap,journée handicap + inclusion handicap + accessibilité handicap + handicap invisible
2024-06-23,46,Journée mondiale du handicap,journée handicap + inclusion handicap + accessibilité handicap + handicap invisible
2024-06-30,32,Journée mondiale du handicap,journée handicap + inclusion handicap + accessibilité handicap + handicap invisible
2024-07-07,30,Journée mondiale du handicap,journée handicap + inclusion handicap + accessibilité handicap + handicap invisible
2024-07-14,44,Journée mondiale du handicap,journée handicap + inclusion handicap + accessibilité handicap + handicap invisible
2024-07-21,24,Journée mondiale du handicap,journée handicap + inclusion handicap + accessibilité handicap + handicap invisible
2024-07-28,21,Journée mondiale du handicap,journée handicap + inclusion handicap + accessibilité handicap + handicap invisible
2024-08-04,21,Journée mondiale du handicap,journée handicap + inclusion handicap + accessibilité handicap + handicap invisible
2024-08-11,25,Journée mondiale du handicap,journée handicap + inclusion handicap + accessibilité handicap + handicap invisible
2024-08-18,31,Journée mondiale du handicap,journée handicap + inclusion handicap + accessibilité handicap + handicap invisible
2024-08-25,55,Journée mondiale du handicap,journée handicap + inclusion handicap + accessibilité handicap + handicap invisible
2024-09-01,45,Journée mondiale du handicap,journée handicap + inclusion handicap + accessibilité handicap + handicap invisible
2024-09-08,45,Journée mondiale du handicap,journée handicap + inclusion handicap + accessibilité handicap + handicap invisible
2024-09-15,49,Journée mondiale du handicap,journée handicap + inclusion handicap + accessibilité handicap + handicap invisible
2024-09-22,62,Journée mondiale du handicap,journée handicap + inclusion handicap + accessibilité handicap + handicap invisible
2024-09-29,40,Journée mondiale du handicap,journée handicap + inclusion handicap + accessibilité handicap + handicap invisible
2024-10-06,63,Journée mondiale du handicap,journée handicap + inclusion handicap + accessibilité handicap + handicap invisible
2024-10-13,63,Journée mondiale du handicap,journée handicap + inclusion handicap + accessibilité handicap + handicap invisible
2024-10-20,50,Journée mondiale du handicap,journée handicap + inclusion handicap + accessibilité handicap + handicap invisible
2024-10-27,39,Journée mondiale du handicap,journée handicap + inclusion handicap + accessibilité handicap + handicap invisible
2024-11-03,65,Journée mondiale du handicap,journée handicap + inclusion handicap + accessibilité handicap + handicap invisible
2024-11-10,54,Journée mondiale du handicap,journée handicap + inclusion handicap + accessibilité handicap + handicap invisible
2024-11-17,100,Journée mondiale du handicap,journée handicap + inclusion handicap + accessibilité handicap + handicap invisible
2024-11-24,67,Journée mondiale du handicap,journée handicap + inclusion handicap + accessibilité handicap + handicap invisible
2024-12-01,66,Journée mondiale du handicap,journée handicap + inclusion handicap + accessibilité handicap + handicap invisible
2024-12-08,49,Journée mondiale du handicap,journée handicap + inclusion handicap + accessibilité handicap + handicap invisible
2024-12-15,36,Journée mondiale du handicap,journée handicap + inclusion handicap + accessibilité handicap + handicap invisible
2024-12-22,29,Journée mondiale du handicap,journée handicap + inclusion handicap + accessibilité handicap + handicap invisible
2024-12-29,26,Journée mondiale du handicap,journée handicap + inclusion handicap + accessibilité handicap + handicap invisible
2025-01-05,48,Journée mondiale du handicap,journée handicap + inclusion handicap + accessibilité handicap + handicap invisible
2025-01-12,45,Journée mondiale du handicap,journée handicap + inclusion handicap + accessibilité handicap + handicap invisible
2025-01-19,49,Journée mondiale du handicap,journée handicap + inclusion handicap + accessibilité handicap + handicap invisible
2025-01-26,58,Journée mondiale du handicap,journée handicap + inclusion handicap + accessibilité handicap + handicap invisible
2025-02-02,49,Journée mondiale du handicap,journée handicap + inclusion handicap + accessibilité handicap + handicap invisible
2025-02-09,61,Journée mondiale du handicap,journée handicap + inclusion handicap + accessibilité handicap + handicap invisible
2025-02-16,56,Journée mondiale du handicap,journée handicap + inclusion handicap + accessibilité handicap + handicap invisible
2025-02-23,53,Journée mondiale du handicap,journée handicap + inclusion handicap + accessibilité handicap + handicap invisible
2025-03-02,56,Journée mondiale du handicap,journée handicap + inclusion handicap + accessibilité handicap + handicap invisible
2025-03-09,38,Journée mondiale du handicap,journée handicap + inclusion handicap + accessibilité handicap + handicap invisible
2025-03-16,74,Journée mondiale du handicap,journée handicap + inclusion handicap + accessibilité handicap + handicap invisible
2025-03-23,51,Journée mondiale du handicap,journée handicap + inclusion handicap + accessibilité handicap + handicap invisible
2025-03-30,66,Journée mondiale du handicap,journée handicap + inclusion handicap + accessibilité handicap + handicap invisible
2025-04-06,56,Journée mondiale du handicap,journée handicap + inclusion handicap + accessibilité handicap + handicap invisible
2025-04-13,42,Journée mondiale du handicap,journée handicap + inclusion handicap + accessibilité handicap + handicap invisible
2025-04-20,43,Journée mondiale du handicap,journée handicap + inclusion handicap + accessibilité handicap + handicap invisible
2025-04-27,39,Journée mondiale du handicap,journée handicap + inclusion handicap + accessibilité handicap + handicap invisible
2025-05-04,36,Journée mondiale du handicap,journée handicap + inclusion handicap + accessibilité handicap + handicap invisible
2025-05-11,53,Journée mondiale du handicap,journée handicap + inclusion handicap + accessibilité handicap + handicap invisible
2025-05-18,46,Journée mondiale du handicap,journée handicap + inclusion handicap + accessibilité handicap + handicap invisible
2025-05-25,38,Journée mondiale du handicap,journée handicap + inclusion handicap + accessibilité handicap + handicap invisible
2025-06-01,41,Journée mondiale du handicap,journée handicap + inclusion handicap + accessibilité handicap + handicap invisible
2025-06-08,48,Journée mondiale du handicap,journée handicap + inclusion handicap + accessibilité handicap + handicap invisible
2025-06-15,41,Journée mondiale du handicap,journée handicap + inclusion handicap + accessibilité handicap + handicap invisible
2025-06-22,44,Journée mondiale du handicap,journée handicap + inclusion handicap + accessibilité handicap + handicap invisible
2025-06-29,29,Journée mondiale du handicap,journée handicap + inclusion handicap + accessibilité handicap + handicap invisible
2025-07-06,34,Journée mondiale du handicap,journée handicap + inclusion handicap + accessibilité handicap + handicap invisible
2025-07-13,35,Journée mondiale du handicap,journée handicap + inclusion handicap + accessibilité handicap + handicap invisible
2025-07-20,26,Journée mondiale du handicap,journée handicap + inclusion handicap + accessibilité handicap + handicap invisible
2025-07-27,25,Journée mondiale du handicap,journée handicap + inclusion handicap + accessibilité handicap + handicap invisible
2025-08-03,25,Journée mondiale du handicap,journée handicap + inclusion handicap + accessibilité handicap + handicap invisible
2025-08-10,18,Journée mondiale du handicap,journée handicap + inclusion handicap + accessibilité handicap + handicap invisible
2025-08-17,24,Journée mondiale du handicap,journée handicap + inclusion handicap + accessibilité handicap + handicap invisible
2025-08-24,30,Journée mondiale du handicap,journée handicap + inclusion handicap + accessibilité handicap + handicap invisible
2025-08-31,26,Journée mondiale du handicap,journée handicap + inclusion handicap + accessibilité handicap + handicap invisible
2025-09-07,39,Journée mondiale du handicap,journée handicap + inclusion handicap + accessibilité handicap + handicap invisible
2025-09-14,38,Journée mondiale du handicap,journée handicap + inclusion handicap + accessibilité handicap + handicap invisible
2025-09-21,46,Journée mondiale du handicap,journée handicap + inclusion handicap + accessibilité handicap + handicap invisible
2025-09-28,59,Journée mondiale du handicap,journée handicap + inclusion handicap + accessibilité handicap + handicap invisible
2025-10-05,62,Journée mondiale du handicap,journée handicap + inclusion handicap + accessibilité handicap + handicap invisible
2025-10-12,51,Journée mondiale du handicap,journée handicap + inclusion handicap + accessibilité handicap + handicap invisible
2025-10-19,39,Journée mondiale du handicap,journée handicap + inclusion handicap + accessibilité handicap + handicap invisible
2025-10-26,42,Journée mondiale du handicap,journée handicap + inclusion handicap + accessibilité handicap + handicap invisible
2025-11-02,58,Journée mondiale du handicap,journée handicap + inclusion handicap + accessibilité handicap + handicap invisible
2025-11-09,48,Journée mondiale du handicap,journée handicap + inclusion handicap + accessibilité handicap + handicap invisible
2025-11-16,95,Journée mondiale du handicap,journée handicap + inclusion handicap + accessibilité handicap + handicap invisible
2025-11-23,51,Journée mondiale du handicap,journée handicap + inclusion handicap + accessibilité handicap + handicap invisible
2025-11-30,68,Journée mondiale du handicap,journée handicap + inclusion handicap + accessibilité handicap + handicap invisible
2025-12-07,56,Journée mondiale du handicap,journée handicap + inclusion handicap + accessibilité handicap + handicap invisible
2025-12-14,47,Journée mondiale du handicap,journée handicap + inclusion handicap + accessibilité handicap + handicap invisible
2025-12-21,18,Journée mondiale du handicap,journée handicap + inclusion handicap + accessibilité handicap + handicap invisible
2025-12-28,26,Journée mondiale du handicap,journée handicap + inclusion handicap + accessibilité handicap + handicap invisible
2020-12-27,39,Journée mondiale sans tabac,world no tobacco day + arrêter fumer + dangers tabac + aide arrêt tabac + journée tabac
2021-01-03,49,Journée mondiale sans tabac,world no tobacco day + arrêter fumer + dangers tabac + aide arrêt tabac + journée tabac
2021-01-10,44,Journée mondiale sans tabac,world no tobacco day + arrêter fumer + dangers tabac + aide arrêt tabac + journée tabac
2021-01-17,46,Journée mondiale sans tabac,world no tobacco day + arrêter fumer + dangers tabac + aide arrêt tabac + journée tabac
2021-01-24,40,Journée mondiale sans tabac,world no tobacco day + arrêter fumer + dangers tabac + aide arrêt tabac + journée tabac
2021-01-31,44,Journée mondiale sans tabac,world no tobacco day + arrêter fumer + dangers tabac + aide arrêt tabac + journée tabac
2021-02-07,38,Journée mondiale sans tabac,world no tobacco day + arrêter fumer + dangers tabac + aide arrêt tabac + journée tabac
2021-02-14,37,Journée mondiale sans tabac,world no tobacco day + arrêter fumer + dangers tabac + aide arrêt tabac + journée tabac
2021-02-21,40,Journée mondiale sans tabac,world no tobacco day + arrêter fumer + dangers tabac + aide arrêt tabac + journée tabac
2021-02-28,34,Journée mondiale sans tabac,world no tobacco day + arrêter fumer + dangers tabac + aide arrêt tabac + journée tabac
2021-03-07,43,Journée mondiale sans tabac,world no tobacco day + arrêter fumer + dangers tabac + aide arrêt tabac + journée tabac
2021-03-14,43,Journée mondiale sans tabac,world no tobacco day + arrêter fumer + dangers tabac + aide arrêt tabac + journée tabac
2021-03-21,42,Journée mondiale sans tabac,world no tobacco day + arrêter fumer + dangers tabac + aide arrêt tabac + journée tabac
2021-03-28,31,Journée mondiale sans tabac,world no tobacco day + arrêter fumer + dangers tabac + aide arrêt tabac + journée tabac
2021-04-04,39,Journée mondiale sans tabac,world no tobacco day + arrêter fumer + dangers tabac + aide arrêt tabac + journée tabac
2021-04-11,45,Journée mondiale sans tabac,world no tobacco day + arrêter fumer + dangers tabac + aide arrêt tabac + journée tabac
2021-04-18,43,Journée mondiale sans tabac,world no tobacco day + arrêter fumer + dangers tabac + aide arrêt tabac + journée tabac
2021-04-25,60,Journée mondiale sans tabac,world no tobacco day + arrêter fumer + dangers tabac + aide arrêt tabac + journée tabac
2021-05-02,41,Journée mondiale sans tabac,world no tobacco day + arrêter fumer + dangers tabac + aide arrêt tabac + journée tabac
2021-05-09,41,Journée mondiale sans tabac,world no tobacco day + arrêter fumer + dangers tabac + aide arrêt tabac + journée tabac
2021-05-16,39,Journée mondiale sans tabac,world no tobacco day + arrêter fumer + dangers tabac + aide arrêt tabac + journée tabac
2021-05-23,51,Journée mondiale sans tabac,world no tobacco day + arrêter fumer + dangers tabac + aide arrêt tabac + journée tabac
2021-05-30,83,Journée mondiale sans tabac,world no tobacco day + arrêter fumer + dangers tabac + aide arrêt tabac + journée tabac
2021-06-06,34,Journée mondiale sans tabac,world no tobacco day + arrêter fumer + dangers tabac + aide arrêt tabac + journée tabac
2021-06-13,41,Journée mondiale sans tabac,world no tobacco day + arrêter fumer + dangers tabac + aide arrêt tabac + journée tabac
2021-06-20,31,Journée mondiale sans tabac,world no tobacco day + arrêter fumer + dangers tabac + aide arrêt tabac + journée tabac
2021-06-27,28,Journée mondiale sans tabac,world no tobacco day + arrêter fumer + dangers tabac + aide arrêt tabac + journée tabac
2021-07-04,30,Journée mondiale sans tabac,world no tobacco day + arrêter fumer + dangers tabac + aide arrêt tabac + journée tabac
2021-07-11,37,Journée mondiale sans tabac,world no tobacco day + arrêter fumer + dangers tabac + aide arrêt tabac + journée tabac
2021-07-18,38,Journée mondiale sans tabac,world no tobacco day + arrêter fumer + dangers tabac + aide arrêt tabac + journée tabac
2021-07-25,36,Journée mondiale sans tabac,world no tobacco day + arrêter fumer + dangers tabac + aide arrêt tabac + journée tabac
2021-08-01,40,Journée mondiale sans tabac,world no tobacco day + arrêter fumer + dangers tabac + aide arrêt tabac + journée tabac
2021-08-08,34,Journée mondiale sans tabac,world no tobacco day + arrêter fumer + dangers tabac + aide arrêt tabac + journée tabac
2021-08-15,43,Journée mondiale sans tabac,world no tobacco day + arrêter fumer + dangers tabac + aide arrêt tabac + journée tabac
2021-08-22,50,Journée mondiale sans tabac,world no tobacco day + arrêter fumer + dangers tabac + aide arrêt tabac + journée tabac
2021-08-29,32,Journée mondiale sans tabac,world no tobacco day + arrêter fumer + dangers tabac + aide arrêt tabac + journée tabac
2021-09-05,44,Journée mondiale sans tabac,world no tobacco day + arrêter fumer + dangers tabac + aide arrêt tabac + journée tabac
2021-09-12,39,Journée mondiale sans tabac,world no tobacco day + arrêter fumer + dangers tabac + aide arrêt tabac + journée tabac
2021-09-19,37,Journée mondiale sans tabac,world no tobacco day + arrêter fumer + dangers tabac + aide arrêt tabac + journée tabac
2021-09-26,47,Journée mondiale sans tabac,world no tobacco day + arrêter fumer + dangers tabac + aide arrêt tabac + journée tabac
2021-10-03,43,Journée mondiale sans tabac,world no tobacco day + arrêter fumer + dangers tabac + aide arrêt tabac + journée tabac
2021-10-10,46,Journée mondiale sans tabac,world no tobacco day + arrêter fumer + dangers tabac + aide arrêt tabac + journée tabac
2021-10-17,50,Journée mondiale sans tabac,world no tobacco day + arrêter fumer + dangers tabac + aide arrêt tabac + journée tabac
2021-10-24,48,Journée mondiale sans tabac,world no tobacco day + arrêter fumer + dangers tabac + aide arrêt tabac + journée tabac
2021-10-31,58,Journée mondiale sans tabac,world no tobacco day + arrêter fumer + dangers tabac + aide arrêt tabac + journée tabac
2021-11-07,45,Journée mondiale sans tabac,world no tobacco day + arrêter fumer + dangers tabac + aide arrêt tabac + journée tabac
2021-11-14,48,Journée mondiale sans tabac,world no tobacco day + arrêter fumer + dangers tabac + aide arrêt tabac + journée tabac
2021-11-21,39,Journée mondiale sans tabac,world no tobacco day + arrêter fumer + dangers tabac + aide arrêt tabac + journée tabac
2021-11-28,36,Journée mondiale sans tabac,world no tobacco day + arrêter fumer + dangers tabac + aide arrêt tabac + journée tabac
2021-12-05,41,Journée mondiale sans tabac,world no tobacco day + arrêter fumer + dangers tabac + aide arrêt tabac + journée tabac
2021-12-12,34,Journée mondiale sans tabac,world no tobacco day + arrêter fumer + dangers tabac + aide arrêt tabac + journée tabac
2021-12-19,33,Journée mondiale sans tabac,world no tobacco day + arrêter fumer + dangers tabac + aide arrêt tabac + journée tabac
2021-12-26,39,Journée mondiale sans tabac,world no tobacco day + arrêter fumer + dangers tabac + aide arrêt tabac + journée tabac
2022-01-02,48,Journée mondiale sans tabac,world no tobacco day + arrêter fumer + dangers tabac + aide arrêt tabac + journée tabac
2022-01-09,38,Journée mondiale sans tabac,world no tobacco day + arrêter fumer + dangers tabac + aide arrêt tabac + journée tabac
2022-01-16,49,Journée mondiale sans tabac,world no tobacco day + arrêter fumer + dangers tabac + aide arrêt tabac + journée tabac
2022-01-23,37,Journée mondiale sans tabac,world no tobacco day + arrêter fumer + dangers tabac + aide arrêt tabac + journée tabac
2022-01-30,47,Journée mondiale sans tabac,world no tobacco day + arrêter fumer + dangers tabac + aide arrêt tabac + journée tabac
2022-02-06,43,Journée mondiale sans tabac,world no tobacco day + arrêter fumer + dangers tabac + aide arrêt tabac + journée tabac
2022-02-13,35,Journée mondiale sans tabac,world no tobacco day + arrêter fumer + dangers tabac + aide arrêt tabac + journée tabac
2022-02-20,49,Journée mondiale sans tabac,world no tobacco day + arrêter fumer + dangers tabac + aide arrêt tabac + journée tabac
2022-02-27,46,Journée mondiale sans tabac,world no tobacco day + arrêter fumer + dangers tabac + aide arrêt tabac + journée tabac
2022-03-06,52,Journée mondiale sans tabac,world no tobacco day + arrêter fumer + dangers tabac + aide arrêt tabac + journée tabac
2022-03-13,46,Journée mondiale sans tabac,world no tobacco day + arrêter fumer + dangers tabac + aide arrêt tabac + journée tabac
2022-03-20,50,Journée mondiale sans tabac,world no tobacco day + arrêter fumer + dangers tabac + aide arrêt tabac + journée tabac
2022-03-27,51,Journée mondiale sans tabac,world no tobacco day + arrêter fumer + dangers tabac + aide arrêt tabac + journée tabac
2022-04-03,45,Journée mondiale sans tabac,world no tobacco day + arrêter fumer + dangers tabac + aide arrêt tabac + journée tabac
2022-04-10,40,Journée mondiale sans tabac,world no tobacco day + arrêter fumer + dangers tabac + aide arrêt tabac + journée tabac
2022-04-17,49,Journée mondiale sans tabac,world no tobacco day + arrêter fumer + dangers tabac + aide arrêt tabac + journée tabac
2022-04-24,47,Journée mondiale sans tabac,world no tobacco day + arrêter fumer + dangers tabac + aide arrêt tabac + journée tabac
2022-05-01,48,Journée mondiale sans tabac,world no tobacco day + arrêter fumer + dangers tabac + aide arrêt tabac + journée tabac
2022-05-08,56,Journée mondiale sans tabac,world no tobacco day + arrêter fumer + dangers tabac + aide arrêt tabac + journée tabac
2022-05-15,48,Journée mondiale sans tabac,world no tobacco day + arrêter fumer + dangers tabac + aide arrêt tabac + journée tabac
2022-05-22,55,Journée mondiale sans tabac,world no tobacco day + arrêter fumer + dangers tabac + aide arrêt tabac + journée tabac
2022-05-29,100,Journée mondiale sans tabac,world no tobacco day + arrêter fumer + dangers tabac + aide arrêt tabac + journée tabac
2022-06-05,47,Journée mondiale sans tabac,world no tobacco day + arrêter fumer + dangers tabac + aide arrêt tabac + journée tabac
2022-06-12,46,Journée mondiale sans tabac,world no tobacco day + arrêter fumer + dangers tabac + aide arrêt tabac + journée tabac
2022-06-19,47,Journée mondiale sans tabac,world no tobacco day + arrêter fumer + dangers tabac + aide arrêt tabac + journée tabac
2022-06-26,36,Journée mondiale sans tabac,world no tobacco day + arrêter fumer + dangers tabac + aide arrêt tabac + journée tabac
2022-07-03,38,Journée mondiale sans tabac,world no tobacco day + arrêter fumer + dangers tabac + aide arrêt tabac + journée tabac
2022-07-10,35,Journée mondiale sans tabac,world no tobacco day + arrêter fumer + dangers tabac + aide arrêt tabac + journée tabac
2022-07-17,37,Journée mondiale sans tabac,world no tobacco day + arrêter fumer + dangers tabac + aide arrêt tabac + journée tabac
2022-07-24,51,Journée mondiale sans tabac,world no tobacco day + arrêter fumer + dangers tabac + aide arrêt tabac + journée tabac
2022-07-31,41,Journée mondiale sans tabac,world no tobacco day + arrêter fumer + dangers tabac + aide arrêt tabac + journée tabac
2022-08-07,33,Journée mondiale sans tabac,world no tobacco day + arrêter fumer + dangers tabac + aide arrêt tabac + journée tabac
2022-08-14,43,Journée mondiale sans tabac,world no tobacco day + arrêter fumer + dangers tabac + aide arrêt tabac + journée tabac
2022-08-21,46,Journée mondiale sans tabac,world no tobacco day + arrêter fumer + dangers tabac + aide arrêt tabac + journée tabac
2022-08-28,55,Journée mondiale sans tabac,world no tobacco day + arrêter fumer + dangers tabac + aide arrêt tabac + journée tabac
2022-09-04,39,Journée mondiale sans tabac,world no tobacco day + arrêter fumer + dangers tabac + aide arrêt tabac + journée tabac
2022-09-11,42,Journée mondiale sans tabac,world no tobacco day + arrêter fumer + dangers tabac + aide arrêt tabac + journée tabac
2022-09-18,40,Journée mondiale sans tabac,world no tobacco day + arrêter fumer + dangers tabac + aide arrêt tabac + journée tabac
2022-09-25,50,Journée mondiale sans tabac,world no tobacco day + arrêter fumer + dangers tabac + aide arrêt tabac + journée tabac
2022-10-02,52,Journée mondiale sans tabac,world no tobacco day + arrêter fumer + dangers tabac + aide arrêt tabac + journée tabac
2022-10-09,46,Journée mondiale sans tabac,world no tobacco day + arrêter fumer + dangers tabac + aide arrêt tabac + journée tabac
2022-10-16,47,Journée mondiale sans tabac,world no tobacco day + arrêter fumer + dangers tabac + aide arrêt tabac + journée tabac
2022-10-23,43,Journée mondiale sans tabac,world no tobacco day + arrêter fumer + dangers tabac + aide arrêt tabac + journée tabac
2022-10-30,55,Journée mondiale sans tabac,world no tobacco day + arrêter fumer + dangers tabac + aide arrêt tabac + journée tabac
2022-11-06,55,Journée mondiale sans tabac,world no tobacco day + arrêter fumer + dangers tabac + aide arrêt tabac + journée tabac
2022-11-13,48,Journée mondiale sans tabac,world no tobacco day + arrêter fumer + dangers tabac + aide arrêt tabac + journée tabac
2022-11-20,36,Journée mondiale sans tabac,world no tobacco day + arrêter fumer + dangers tabac + aide arrêt tabac + journée tabac
2022-11-27,41,Journée mondiale sans tabac,world no tobacco day + arrêter fumer + dangers tabac + aide arrêt tabac + journée tabac
2022-12-04,33,Journée mondiale sans tabac,world no tobacco day + arrêter fumer + dangers tabac + aide arrêt tabac + journée tabac
2022-12-11,33,Journée mondiale sans tabac,world no tobacco day + arrêter fumer + dangers tabac + aide arrêt tabac + journée tabac
2022-12-18,31,Journée mondiale sans tabac,world no tobacco day + arrêter fumer + dangers tabac + aide arrêt tabac + journée tabac
2022-12-25,42,Journée mondiale sans tabac,world no tobacco day + arrêter fumer + dangers tabac + aide arrêt tabac + journée tabac
2023-01-01,64,Journée mondiale sans tabac,world no tobacco day + arrêter fumer + dangers tabac + aide arrêt tabac + journée tabac
2023-01-08,62,Journée mondiale sans tabac,world no tobacco day + arrêter fumer + dangers tabac + aide arrêt tabac + journée tabac
2023-01-15,45,Journée mondiale sans tabac,world no tobacco day + arrêter fumer + dangers tabac + aide arrêt tabac + journée tabac
2023-01-22,46,Journée mondiale sans tabac,world no tobacco day + arrêter fumer + dangers tabac + aide arrêt tabac + journée tabac
2023-01-29,52,Journée mondiale sans tabac,world no tobacco day + arrêter fumer + dangers tabac + aide arrêt tabac + journée tabac
2023-02-05,44,Journée mondiale sans tabac,world no tobacco day + arrêter fumer + dangers tabac + aide arrêt tabac + journée tabac
2023-02-12,51,Journée mondiale sans tabac,world no tobacco day + arrêter fumer + dangers tabac + aide arrêt tabac + journée tabac
2023-02-19,47,Journée mondiale sans tabac,world no tobacco day + arrêter fumer + dangers tabac + aide arrêt tabac + journée tabac
2023-02-26,63,Journée mondiale sans tabac,world no tobacco day + arrêter fumer + dangers tabac + aide arrêt tabac + journée tabac
2023-03-05,66,Journée mondiale sans tabac,world no tobacco day + arrêter fumer + dangers tabac + aide arrêt tabac + journée tabac
2023-03-12,54,Journée mondiale sans tabac,world no tobacco day + arrêter fumer + dangers tabac + aide arrêt tabac + journée tabac
2023-03-19,59,Journée mondiale sans tabac,world no tobacco day + arrêter fumer + dangers tabac + aide arrêt tabac + journée tabac
2023-03-26,44,Journée mondiale sans tabac,world no tobacco day + arrêter fumer + dangers tabac + aide arrêt tabac + journée tabac
2023-04-02,53,Journée mondiale sans tabac,world no tobacco day + arrêter fumer + dangers tabac + aide arrêt tabac + journée tabac
2023-04-09,47,Journée mondiale sans tabac,world no tobacco day + arrêter fumer + dangers tabac + aide arrêt tabac + journée tabac
2023-04-16,51,Journée mondiale sans tabac,world no tobacco day + arrêter fumer + dangers tabac + aide arrêt tabac + journée tabac
2023-04-23,49,Journée mondiale sans tabac,world no tobacco day + arrêter fumer + dangers tabac + aide arrêt tabac + journée tabac
2023-04-30,47,Journée mondiale sans tabac,world no tobacco day + arrêter fumer + dangers tabac + aide arrêt tabac + journée tabac
2023-05-07,55,Journée mondiale sans tabac,world no tobacco day + arrêter fumer + dangers tabac + aide arrêt tabac + journée tabac
2023-05-14,41,Journée mondiale sans tabac,world no tobacco day + arrêter fumer + dangers tabac + aide arrêt tabac + journée tabac
2023-05-21,51,Journée mondiale sans tabac,world no tobacco day + arrêter fumer + dangers tabac + aide arrêt tabac + journée tabac
2023-05-28,100,Journée mondiale sans tabac,world no tobacco day + arrêter fumer + dangers tabac + aide arrêt tabac + journée tabac
2023-06-04,41,Journée mondiale sans tabac,world no tobacco day + arrêter fumer + dangers tabac + aide arrêt tabac + journée tabac
2023-06-11,42,Journée mondiale sans tabac,world no tobacco day + arrêter fumer + dangers tabac + aide arrêt tabac + journée tabac
2023-06-18,38,Journée mondiale sans tabac,world no tobacco day + arrêter fumer + dangers tabac + aide arrêt tabac + journée tabac
2023-06-25,43,Journée mondiale sans tabac,world no tobacco day + arrêter fumer + dangers tabac + aide arrêt tabac + journée tabac
2023-07-02,45,Journée mondiale sans tabac,world no tobacco day + arrêter fumer + dangers tabac + aide arrêt tabac + journée tabac
2023-07-09,36,Journée mondiale sans tabac,world no tobacco day + arrêter fumer + dangers tabac + aide arrêt tabac + journée tabac
2023-07-16,41,Journée mondiale sans tabac,world no tobacco day + arrêter fumer + dangers tabac + aide arrêt tabac + journée tabac
2023-07-23,35,Journée mondiale sans tabac,world no tobacco day + arrêter fumer + dangers tabac + aide arrêt tabac + journée tabac
2023-07-30,38,Journée mondiale sans tabac,world no tobacco day + arrêter fumer + dangers tabac + aide arrêt tabac + journée tabac
2023-08-06,40,Journée mondiale sans tabac,world no tobacco day + arrêter fumer + dangers tabac + aide arrêt tabac + journée tabac
2023-08-13,38,Journée mondiale sans tabac,world no tobacco day + arrêter fumer + dangers tabac + aide arrêt tabac + journée tabac
2023-08-20,47,Journée mondiale sans tabac,world no tobacco day + arrêter fumer + dangers tabac + aide arrêt tabac + journée tabac
2023-08-27,52,Journée mondiale sans tabac,world no tobacco day + arrêter fumer + dangers tabac + aide arrêt tabac + journée tabac
2023-09-03,48,Journée mondiale sans tabac,world no tobacco day + arrêter fumer + dangers tabac + aide arrêt tabac + journée tabac
2023-09-10,46,Journée mondiale sans tabac,world no tobacco day + arrêter fumer + dangers tabac + aide arrêt tabac + journée tabac
2023-09-17,41,Journée mondiale sans tabac,world no tobacco day + arrêter fumer + dangers tabac + aide arrêt tabac + journée tabac
2023-09-24,45,Journée mondiale sans tabac,world no tobacco day + arrêter fumer + dangers tabac + aide arrêt tabac + journée tabac
2023-10-01,46,Journée mondiale sans tabac,world no tobacco day + arrêter fumer + dangers tabac + aide arrêt tabac + journée tabac
2023-10-08,42,Journée mondiale sans tabac,world no tobacco day + arrêter fumer + dangers tabac + aide arrêt tabac + journée tabac
2023-10-15,43,Journée mondiale sans tabac,world no tobacco day + arrêter fumer + dangers tabac + aide arrêt tabac + journée tabac
2023-10-22,44,Journée mondiale sans tabac,world no tobacco day + arrêter fumer + dangers tabac + aide arrêt tabac + journée tabac
2023-10-29,45,Journée mondiale sans tabac,world no tobacco day + arrêter fumer + dangers tabac + aide arrêt tabac + journée tabac
2023-11-05,47,Journée mondiale sans tabac,world no tobacco day + arrêter fumer + dangers tabac + aide arrêt tabac + journée tabac
2023-11-12,43,Journée mondiale sans tabac,world no tobacco day + arrêter fumer + dangers tabac + aide arrêt tabac + journée tabac
2023-11-19,45,Journée mondiale sans tabac,world no tobacco day + arrêter fumer + dangers tabac + aide arrêt tabac + journée tabac
2023-11-26,46,Journée mondiale sans tabac,world no tobacco day + arrêter fumer + dangers tabac + aide arrêt tabac + journée tabac
2023-12-03,34,Journée mondiale sans tabac,world no tobacco day + arrêter fumer + dangers tabac + aide arrêt tabac + journée tabac
2023-12-10,39,Journée mondiale sans tabac,world no tobacco day + arrêter fumer + dangers tabac + aide arrêt tabac + journée tabac
2023-12-17,37,Journée mondiale sans tabac,world no tobacco day + arrêter fumer + dangers tabac + aide arrêt tabac + journée tabac
2023-12-24,44,Journée mondiale sans tabac,world no tobacco day + arrêter fumer + dangers tabac + aide arrêt tabac + journée tabac
2023-12-31,60,Journée mondiale sans tabac,world no tobacco day + arrêter fumer + dangers tabac + aide arrêt tabac + journée tabac
2024-01-07,53,Journée mondiale sans tabac,world no tobacco day + arrêter fumer + dangers tabac + aide arrêt tabac + journée tabac
2024-01-14,46,Journée mondiale sans tabac,world no tobacco day + arrêter fumer + dangers tabac + aide arrêt tabac + journée tabac
2024-01-21,43,Journée mondiale sans tabac,world no tobacco day + arrêter fumer + dangers tabac + aide arrêt tabac + journée tabac
2024-01-28,44,Journée mondiale sans tabac,world no tobacco day + arrêter fumer + dangers tabac + aide arrêt tabac + journée tabac
2024-02-04,38,Journée mondiale sans tabac,world no tobacco day + arrêter fumer + dangers tabac + aide arrêt tabac + journée tabac
2024-02-11,38,Journée mondiale sans tabac,world no tobacco day + arrêter fumer + dangers tabac + aide arrêt tabac + journée tabac
2024-02-18,43,Journée mondiale sans tabac,world no tobacco day + arrêter fumer + dangers tabac + aide arrêt tabac + journée tabac
2024-02-25,46,Journée mondiale sans tabac,world no tobacco day + arrêter fumer + dangers tabac + aide arrêt tabac + journée tabac
2024-03-03,49,Journée mondiale sans tabac,world no tobacco day + arrêter fumer + dangers tabac + aide arrêt tabac + journée tabac
2024-03-10,48,Journée mondiale sans tabac,world no tobacco day + arrêter fumer + dangers tabac + aide arrêt tabac + journée tabac
2024-03-17,37,Journée mondiale sans tabac,world no tobacco day + arrêter fumer + dangers tabac + aide arrêt tabac + journée tabac
2024-03-24,46,Journée mondiale sans tabac,world no tobacco day + arrêter fumer + dangers tabac + aide arrêt tabac + journée tabac
2024-03-31,39,Journée mondiale sans tabac,world no tobacco day + arrêter fumer + dangers tabac + aide arrêt tabac + journée tabac
2024-04-07,41,Journée mondiale sans tabac,world no tobacco day + arrêter fumer + dangers tabac + aide arrêt tabac + journée tabac
2024-04-14,40,Journée mondiale sans tabac,world no tobacco day + arrêter fumer + dangers tabac + aide arrêt tabac + journée tabac
2024-04-21,48,Journée mondiale sans tabac,world no tobacco day + arrêter fumer + dangers tabac + aide arrêt tabac + journée tabac
2024-04-28,38,Journée mondiale sans tabac,world no tobacco day + arrêter fumer + dangers tabac + aide arrêt tabac + journée tabac
2024-05-05,44,Journée mondiale sans tabac,world no tobacco day + arrêter fumer + dangers tabac + aide arrêt tabac + journée tabac
2024-05-12,46,Journée mondiale sans tabac,world no tobacco day + arrêter fumer + dangers tabac + aide arrêt tabac + journée tabac
2024-05-19,42,Journée mondiale sans tabac,world no tobacco day + arrêter fumer + dangers tabac + aide arrêt tabac + journée tabac
2024-05-26,78,Journée mondiale sans tabac,world no tobacco day + arrêter fumer + dangers tabac + aide arrêt tabac + journée tabac
2024-06-02,43,Journée mondiale sans tabac,world no tobacco day + arrêter fumer + dangers tabac + aide arrêt tabac + journée tabac
2024-06-09,35,Journée mondiale sans tabac,world no tobacco day + arrêter fumer + dangers tabac + aide arrêt tabac + journée tabac
2024-06-16,39,Journée mondiale sans tabac,world no tobacco day + arrêter fumer + dangers tabac + aide arrêt tabac + journée tabac
2024-06-23,31,Journée mondiale sans tabac,world no tobacco day + arrêter fumer + dangers tabac + aide arrêt tabac + journée tabac
2024-06-30,27,Journée mondiale sans tabac,world no tobacco day + arrêter fumer + dangers tabac + aide arrêt tabac + journée tabac
2024-07-07,38,Journée mondiale sans tabac,world no tobacco day + arrêter fumer + dangers tabac + aide arrêt tabac + journée tabac
2024-07-14,34,Journée mondiale sans tabac,world no tobacco day + arrêter fumer + dangers tabac + aide arrêt tabac + journée tabac
2024-07-21,38,Journée mondiale sans tabac,world no tobacco day + arrêter fumer + dangers tabac + aide arrêt tabac + journée tabac
2024-07-28,35,Journée mondiale sans tabac,world no tobacco day + arrêter fumer + dangers tabac + aide arrêt tabac + journée tabac
2024-08-04,39,Journée mondiale sans tabac,world no tobacco day + arrêter fumer + dangers tabac + aide arrêt tabac + journée tabac
2024-08-11,46,Journée mondiale sans tabac,world no tobacco day + arrêter fumer + dangers tabac + aide arrêt tabac + journée tabac
2024-08-18,40,Journée mondiale sans tabac,world no tobacco day + arrêter fumer + dangers tabac + aide arrêt tabac + journée tabac
2024-08-25,42,Journée mondiale sans tabac,world no tobacco day + arrêter fumer + dangers tabac + aide arrêt tabac + journée tabac
2024-09-01,48,Journée mondiale sans tabac,world no tobacco day + arrêter fumer + dangers tabac + aide arrêt tabac + journée tabac
2024-09-08,35,Journée mondiale sans tabac,world no tobacco day + arrêter fumer + dangers tabac + aide arrêt tabac + journée tabac
2024-09-15,47,Journée mondiale sans tabac,world no tobacco day + arrêter fumer + dangers tabac + aide arrêt tabac + journée tabac
2024-09-22,42,Journée mondiale sans tabac,world no tobacco day + arrêter fumer + dangers tabac + aide arrêt tabac + journée tabac
2024-09-29,43,Journée mondiale sans tabac,world no tobacco day + arrêter fumer + dangers tabac + aide arrêt tabac + journée tabac
2024-10-06,47,Journée mondiale sans tabac,world no tobacco day + arrêter fumer + dangers tabac + aide arrêt tabac + journée tabac
2024-10-13,54,Journée mondiale sans tabac,world no tobacco day + arrêter fumer + dangers tabac + aide arrêt tabac + journée tabac
2024-10-20,41,Journée mondiale sans tabac,world no tobacco day + arrêter fumer + dangers tabac + aide arrêt tabac + journée tabac
2024-10-27,49,Journée mondiale sans tabac,world no tobacco day + arrêter fumer + dangers tabac + aide arrêt tabac + journée tabac
2024-11-03,44,Journée mondiale sans tabac,world no tobacco day + arrêter fumer + dangers tabac + aide arrêt tabac + journée tabac
2024-11-10,40,Journée mondiale sans tabac,world no tobacco day + arrêter fumer + dangers tabac + aide arrêt tabac + journée tabac
2024-11-17,41,Journée mondiale sans tabac,world no tobacco day + arrêter fumer + dangers tabac + aide arrêt tabac + journée tabac
2024-11-24,42,Journée mondiale sans tabac,world no tobacco day + arrêter fumer + dangers tabac + aide arrêt tabac + journée tabac
2024-12-01,37,Journée mondiale sans tabac,world no tobacco day + arrêter fumer + dangers tabac + aide arrêt tabac + journée tabac
2024-12-08,34,Journée mondiale sans tabac,world no tobacco day + arrêter fumer + dangers tabac + aide arrêt tabac + journée tabac
2024-12-15,27,Journée mondiale sans tabac,world no tobacco day + arrêter fumer + dangers tabac + aide arrêt tabac + journée tabac
2024-12-22,37,Journée mondiale sans tabac,world no tobacco day + arrêter fumer + dangers tabac + aide arrêt tabac + journée tabac
2024-12-29,56,Journée mondiale sans tabac,world no tobacco day + arrêter fumer + dangers tabac + aide arrêt tabac + journée tabac
2025-01-05,50,Journée mondiale sans tabac,world no tobacco day + arrêter fumer + dangers tabac + aide arrêt tabac + journée tabac
2025-01-12,47,Journée mondiale sans tabac,world no tobacco day + arrêter fumer + dangers tabac + aide arrêt tabac + journée tabac
2025-01-19,45,Journée mondiale sans tabac,world no tobacco day + arrêter fumer + dangers tabac + aide arrêt tabac + journée tabac
2025-01-26,48,Journée mondiale sans tabac,world no tobacco day + arrêter fumer + dangers tabac + aide arrêt tabac + journée tabac
2025-02-02,47,Journée mondiale sans tabac,world no tobacco day + arrêter fumer + dangers tabac + aide arrêt tabac + journée tabac
2025-02-09,45,Journée mondiale sans tabac,world no tobacco day + arrêter fumer + dangers tabac + aide arrêt tabac + journée tabac
2025-02-16,44,Journée mondiale sans tabac,world no tobacco day + arrêter fumer + dangers tabac + aide arrêt tabac + journée tabac
2025-02-23,45,Journée mondiale sans tabac,world no tobacco day + arrêter fumer + dangers tabac + aide arrêt tabac + journée tabac
2025-03-02,50,Journée mondiale sans tabac,world no tobacco day + arrêter fumer + dangers tabac + aide arrêt tabac + journée tabac
2025-03-09,35,Journée mondiale sans tabac,world no tobacco day + arrêter fumer + dangers tabac + aide arrêt tabac + journée tabac
2025-03-16,46,Journée mondiale sans tabac,world no tobacco day + arrêter fumer + dangers tabac + aide arrêt tabac + journée tabac
2025-03-23,45,Journée mondiale sans tabac,world no tobacco day + arrêter fumer + dangers tabac + aide arrêt tabac + journée tabac
2025-03-30,39,Journée mondiale sans tabac,world no tobacco day + arrêter fumer + dangers tabac + aide arrêt tabac + journée tabac
2025-04-06,39,Journée mondiale sans tabac,world no tobacco day + arrêter fumer + dangers tabac + aide arrêt tabac + journée tabac
2025-04-13,36,Journée mondiale sans tabac,world no tobacco day + arrêter fumer + dangers tabac + aide arrêt tabac + journée tabac
2025-04-20,37,Journée mondiale sans tabac,world no tobacco day + arrêter fumer + dangers tabac + aide arrêt tabac + journée tabac
2025-04-27,39,Journée mondiale sans tabac,world no tobacco day + arrêter fumer + dangers tabac + aide arrêt tabac + journée tabac
2025-05-04,34,Journée mondiale sans tabac,world no tobacco day + arrêter fumer + dangers tabac + aide arrêt tabac + journée tabac
2025-05-11,41,Journée mondiale sans tabac,world no tobacco day + arrêter fumer + dangers tabac + aide arrêt tabac + journée tabac
2025-05-18,47,Journée mondiale sans tabac,world no tobacco day + arrêter fumer + dangers tabac + aide arrêt tabac + journée tabac
2025-05-25,56,Journée mondiale sans tabac,world no tobacco day + arrêter fumer + dangers tabac + aide arrêt tabac + journée tabac
2025-06-01,43,Journée mondiale sans tabac,world no tobacco day + arrêter fumer + dangers tabac + aide arrêt tabac + journée tabac
2025-06-08,36,Journée mondiale sans tabac,world no tobacco day + arrêter fumer + dangers tabac + aide arrêt tabac + journée tabac
2025-06-15,41,Journée mondiale sans tabac,world no tobacco day + arrêter fumer + dangers tabac + aide arrêt tabac + journée tabac
2025-06-22,39,Journée mondiale sans tabac,world no tobacco day + arrêter fumer + dangers tabac + aide arrêt tabac + journée tabac
2025-06-29,30,Journée mondiale sans tabac,world no tobacco day + arrêter fumer + dangers tabac + aide arrêt tabac + journée tabac
2025-07-06,41,Journée mondiale sans tabac,world no tobacco day + arrêter fumer + dangers tabac + aide arrêt tabac + journée tabac
2025-07-13,36,Journée mondiale sans tabac,world no tobacco day + arrêter fumer + dangers tabac + aide arrêt tabac + journée tabac
2025-07-20,38,Journée mondiale sans tabac,world no tobacco day + arrêter fumer + dangers tabac + aide arrêt tabac + journée tabac
2025-07-27,43,Journée mondiale sans tabac,world no tobacco day + arrêter fumer + dangers tabac + aide arrêt tabac + journée tabac
2025-08-03,37,Journée mondiale sans tabac,world no tobacco day + arrêter fumer + dangers tabac + aide arrêt tabac + journée tabac
2025-08-10,42,Journée mondiale sans tabac,world no tobacco day + arrêter fumer + dangers tabac + aide arrêt tabac + journée tabac
2025-08-17,39,Journée mondiale sans tabac,world no tobacco day + arrêter fumer + dangers tabac + aide arrêt tabac + journée tabac
2025-08-24,33,Journée mondiale sans tabac,world no tobacco day + arrêter fumer + dangers tabac + aide arrêt tabac + journée tabac
2025-08-31,51,Journée mondiale sans tabac,world no tobacco day + arrêter fumer + dangers tabac + aide arrêt tabac + journée tabac
2025-09-07,37,Journée mondiale sans tabac,world no tobacco day + arrêter fumer + dangers tabac + aide arrêt tabac + journée tabac
2025-09-14,43,Journée mondiale sans tabac,world no tobacco day + arrêter fumer + dangers tabac + aide arrêt tabac + journée tabac
2025-09-21,39,Journée mondiale sans tabac,world no tobacco day + arrêter fumer + dangers tabac + aide arrêt tabac + journée tabac
2025-09-28,43,Journée mondiale sans tabac,world no tobacco day + arrêter fumer + dangers tabac + aide arrêt tabac + journée tabac
2025-10-05,40,Journée mondiale sans tabac,world no tobacco day + arrêter fumer + dangers tabac + aide arrêt tabac + journée tabac
2025-10-12,34,Journée mondiale sans tabac,world no tobacco day + arrêter fumer + dangers tabac + aide arrêt tabac + journée tabac
2025-10-19,54,Journée mondiale sans tabac,world no tobacco day + arrêter fumer + dangers tabac + aide arrêt tabac + journée tabac
2025-10-26,38,Journée mondiale sans tabac,world no tobacco day + arrêter fumer + dangers tabac + aide arrêt tabac + journée tabac
2025-11-02,53,Journée mondiale sans tabac,world no tobacco day + arrêter fumer + dangers tabac + aide arrêt tabac + journée tabac
2025-11-09,44,Journée mondiale sans tabac,world no tobacco day + arrêter fumer + dangers tabac + aide arrêt tabac + journée tabac
2025-11-16,38,Journée mondiale sans tabac,world no tobacco day + arrêter fumer + dangers tabac + aide arrêt tabac + journée tabac
2025-11-23,43,Journée mondiale sans tabac,world no tobacco day + arrêter fumer + dangers tabac + aide arrêt tabac + journée tabac
2025-11-30,39,Journée mondiale sans tabac,world no tobacco day + arrêter fumer + dangers tabac + aide arrêt tabac + journée tabac
2025-12-07,44,Journée mondiale sans tabac,world no tobacco day + arrêter fumer + dangers tabac + aide arrêt tabac + journée tabac
2025-12-14,30,Journée mondiale sans tabac,world no tobacco day + arrêter fumer + dangers tabac + aide arrêt tabac + journée tabac
2025-12-21,28,Journée mondiale sans tabac,world no tobacco day + arrêter fumer + dangers tabac + aide arrêt tabac + journée tabac
2025-12-28,43,Journée mondiale sans tabac,world no tobacco day + arrêter fumer + dangers tabac + aide arrêt tabac + journée tabac
2020-12-27,19,Journée nationale des aidants,aidants + proche aidant + congé aidant + soutien aidants + aidant familial
2021-01-03,29,Journée nationale des aidants,aidants + proche aidant + congé aidant + soutien aidants + aidant familial
2021-01-10,34,Journée nationale des aidants,aidants + proche aidant + congé aidant + soutien aidants + aidant familial
2021-01-17,29,Journée nationale des aidants,aidants + proche aidant + congé aidant + soutien aidants + aidant familial
2021-01-24,28,Journée nationale des aidants,aidants + proche aidant + congé aidant + soutien aidants + aidant familial
2021-01-31,27,Journée nationale des aidants,aidants + proche aidant + congé aidant + soutien aidants + aidant familial
2021-02-07,27,Journée nationale des aidants,aidants + proche aidant + congé aidant + soutien aidants + aidant familial
2021-02-14,26,Journée nationale des aidants,aidants + proche aidant + congé aidant + soutien aidants + aidant familial
2021-02-21,22,Journée nationale des aidants,aidants + proche aidant + congé aidant + soutien aidants + aidant familial
2021-02-28,26,Journée nationale des aidants,aidants + proche aidant + congé aidant + soutien aidants + aidant familial
2021-03-07,29,Journée nationale des aidants,aidants + proche aidant + congé aidant + soutien aidants + aidant familial
2021-03-14,29,Journée nationale des aidants,aidants + proche aidant + congé aidant + soutien aidants + aidant familial
2021-03-21,27,Journée nationale des aidants,aidants + proche aidant + congé aidant + soutien aidants + aidant familial
2021-03-28,26,Journée nationale des aidants,aidants + proche aidant + congé aidant + soutien aidants + aidant familial
2021-04-04,22,Journée nationale des aidants,aidants + proche aidant + congé aidant + soutien aidants + aidant familial
2021-04-11,29,Journée nationale des aidants,aidants + proche aidant + congé aidant + soutien aidants + aidant familial
2021-04-18,29,Journée nationale des aidants,aidants + proche aidant + congé aidant + soutien aidants + aidant familial
2021-04-25,27,Journée nationale des aidants,aidants + proche aidant + congé aidant + soutien aidants + aidant familial
2021-05-02,28,Journée nationale des aidants,aidants + proche aidant + congé aidant + soutien aidants + aidant familial
2021-05-09,22,Journée nationale des aidants,aidants + proche aidant + congé aidant + soutien aidants + aidant familial
2021-05-16,26,Journée nationale des aidants,aidants + proche aidant + congé aidant + soutien aidants + aidant familial
2021-05-23,21,Journée nationale des aidants,aidants + proche aidant + congé aidant + soutien aidants + aidant familial
2021-05-30,26,Journée nationale des aidants,aidants + proche aidant + congé aidant + soutien aidants + aidant familial
2021-06-06,26,Journée nationale des aidants,aidants + proche aidant + congé aidant + soutien aidants + aidant familial
2021-06-13,24,Journée nationale des aidants,aidants + proche aidant + congé aidant + soutien aidants + aidant familial
2021-06-20,23,Journée nationale des aidants,aidants + proche aidant + congé aidant + soutien aidants + aidant familial
2021-06-27,21,Journée nationale des aidants,aidants + proche aidant + congé aidant + soutien aidants + aidant familial
2021-07-04,24,Journée nationale des aidants,aidants + proche aidant + congé aidant + soutien aidants + aidant familial
2021-07-11,19,Journée nationale des aidants,aidants + proche aidant + congé aidant + soutien aidants + aidant familial
2021-07-18,20,Journée nationale des aidants,aidants + proche aidant + congé aidant + soutien aidants + aidant familial
2021-07-25,19,Journée nationale des aidants,aidants + proche aidant + congé aidant + soutien aidants + aidant familial
2021-08-01,18,Journée nationale des aidants,aidants + proche aidant + congé aidant + soutien aidants + aidant familial
2021-08-08,18,Journée nationale des aidants,aidants + proche aidant + congé aidant + soutien aidants + aidant familial
2021-08-15,18,Journée nationale des aidants,aidants + proche aidant + congé aidant + soutien aidants + aidant familial
2021-08-22,25,Journée nationale des aidants,aidants + proche aidant + congé aidant + soutien aidants + aidant familial
2021-08-29,27,Journée nationale des aidants,aidants + proche aidant + congé aidant + soutien aidants + aidant familial
2021-09-05,30,Journée nationale des aidants,aidants + proche aidant + congé aidant + soutien aidants + aidant familial
2021-09-12,34,Journée nationale des aidants,aidants + proche aidant + congé aidant + soutien aidants + aidant familial
2021-09-19,36,Journée nationale des aidants,aidants + proche aidant + congé aidant + soutien aidants + aidant familial
2021-09-26,36,Journée nationale des aidants,aidants + proche aidant + congé aidant + soutien aidants + aidant familial
2021-10-03,61,Journée nationale des aidants,aidants + proche aidant + congé aidant + soutien aidants + aidant familial
2021-10-10,43,Journée nationale des aidants,aidants + proche aidant + congé aidant + soutien aidants + aidant familial
2021-10-17,43,Journée nationale des aidants,aidants + proche aidant + congé aidant + soutien aidants + aidant familial
2021-10-24,35,Journée nationale des aidants,aidants + proche aidant + congé aidant + soutien aidants + aidant familial
2021-10-31,31,Journée nationale des aidants,aidants + proche aidant + congé aidant + soutien aidants + aidant familial
2021-11-07,31,Journée nationale des aidants,aidants + proche aidant + congé aidant + soutien aidants + aidant familial
2021-11-14,34,Journée nationale des aidants,aidants + proche aidant + congé aidant + soutien aidants + aidant familial
2021-11-21,31,Journée nationale des aidants,aidants + proche aidant + congé aidant + soutien aidants + aidant familial
2021-11-28,30,Journée nationale des aidants,aidants + proche aidant + congé aidant + soutien aidants + aidant familial
2021-12-05,30,Journée nationale des aidants,aidants + proche aidant + congé aidant + soutien aidants + aidant familial
2021-12-12,27,Journée nationale des aidants,aidants + proche aidant + congé aidant + soutien aidants + aidant familial
2021-12-19,23,Journée nationale des aidants,aidants + proche aidant + congé aidant + soutien aidants + aidant familial
2021-12-26,15,Journée nationale des aidants,aidants + proche aidant + congé aidant + soutien aidants + aidant familial
2022-01-02,30,Journée nationale des aidants,aidants + proche aidant + congé aidant + soutien aidants + aidant familial
2022-01-09,32,Journée nationale des aidants,aidants + proche aidant + congé aidant + soutien aidants + aidant familial
2022-01-16,32,Journée nationale des aidants,aidants + proche aidant + congé aidant + soutien aidants + aidant familial
2022-01-23,33,Journée nationale des aidants,aidants + proche aidant + congé aidant + soutien aidants + aidant familial
2022-01-30,36,Journée nationale des aidants,aidants + proche aidant + congé aidant + soutien aidants + aidant familial
2022-02-06,36,Journée nationale des aidants,aidants + proche aidant + congé aidant + soutien aidants + aidant familial
2022-02-13,32,Journée nationale des aidants,aidants + proche aidant + congé aidant + soutien aidants + aidant familial
2022-02-20,32,Journée nationale des aidants,aidants + proche aidant + congé aidant + soutien aidants + aidant familial
2022-02-27,33,Journée nationale des aidants,aidants + proche aidant + congé aidant + soutien aidants + aidant familial
2022-03-06,34,Journée nationale des aidants,aidants + proche aidant + congé aidant + soutien aidants + aidant familial
2022-03-13,33,Journée nationale des aidants,aidants + proche aidant + congé aidant + soutien aidants + aidant familial
2022-03-20,37,Journée nationale des aidants,aidants + proche aidant + congé aidant + soutien aidants + aidant familial
2022-03-27,32,Journée nationale des aidants,aidants + proche aidant + congé aidant + soutien aidants + aidant familial
2022-04-03,32,Journée nationale des aidants,aidants + proche aidant + congé aidant + soutien aidants + aidant familial
2022-04-10,29,Journée nationale des aidants,aidants + proche aidant + congé aidant + soutien aidants + aidant familial
2022-04-17,28,Journée nationale des aidants,aidants + proche aidant + congé aidant + soutien aidants + aidant familial
2022-04-24,32,Journée nationale des aidants,aidants + proche aidant + congé aidant + soutien aidants + aidant familial
2022-05-01,30,Journée nationale des aidants,aidants + proche aidant + congé aidant + soutien aidants + aidant familial
2022-05-08,37,Journée nationale des aidants,aidants + proche aidant + congé aidant + soutien aidants + aidant familial
2022-05-15,36,Journée nationale des aidants,aidants + proche aidant + congé aidant + soutien aidants + aidant familial
2022-05-22,31,Journée nationale des aidants,aidants + proche aidant + congé aidant + soutien aidants + aidant familial
2022-05-29,34,Journée nationale des aidants,aidants + proche aidant + congé aidant + soutien aidants + aidant familial
2022-06-05,27,Journée nationale des aidants,aidants + proche aidant + congé aidant + soutien aidants + aidant familial
2022-06-12,31,Journée nationale des aidants,aidants + proche aidant + congé aidant + soutien aidants + aidant familial
2022-06-19,31,Journée nationale des aidants,aidants + proche aidant + congé aidant + soutien aidants + aidant familial
2022-06-26,30,Journée nationale des aidants,aidants + proche aidant + congé aidant + soutien aidants + aidant familial
2022-07-03,29,Journée nationale des aidants,aidants + proche aidant + congé aidant + soutien aidants + aidant familial
2022-07-10,21,Journée nationale des aidants,aidants + proche aidant + congé aidant + soutien aidants + aidant familial
2022-07-17,23,Journée nationale des aidants,aidants + proche aidant + congé aidant + soutien aidants + aidant familial
2022-07-24,25,Journée nationale des aidants,aidants + proche aidant + congé aidant + soutien aidants + aidant familial
2022-07-31,23,Journée nationale des aidants,aidants + proche aidant + congé aidant + soutien aidants + aidant familial
2022-08-07,21,Journée nationale des aidants,aidants + proche aidant + congé aidant + soutien aidants + aidant familial
2022-08-14,20,Journée nationale des aidants,aidants + proche aidant + congé aidant + soutien aidants + aidant familial
2022-08-21,27,Journée nationale des aidants,aidants + proche aidant + congé aidant + soutien aidants + aidant familial
2022-08-28,31,Journée nationale des aidants,aidants + proche aidant + congé aidant + soutien aidants + aidant familial
2022-09-04,34,Journée nationale des aidants,aidants + proche aidant + congé aidant + soutien aidants + aidant familial
2022-09-11,34,Journée nationale des aidants,aidants + proche aidant + congé aidant + soutien aidants + aidant familial
2022-09-18,40,Journée nationale des aidants,aidants + proche aidant + congé aidant + soutien aidants + aidant familial
2022-09-25,45,Journée nationale des aidants,aidants + proche aidant + congé aidant + soutien aidants + aidant familial
2022-10-02,69,Journée nationale des aidants,aidants + proche aidant + congé aidant + soutien aidants + aidant familial
2022-10-09,40,Journée nationale des aidants,aidants + proche aidant + congé aidant + soutien aidants + aidant familial
2022-10-16,33,Journée nationale des aidants,aidants + proche aidant + congé aidant + soutien aidants + aidant familial
2022-10-23,36,Journée nationale des aidants,aidants + proche aidant + congé aidant + soutien aidants + aidant familial
2022-10-30,29,Journée nationale des aidants,aidants + proche aidant + congé aidant + soutien aidants + aidant familial
2022-11-06,33,Journée nationale des aidants,aidants + proche aidant + congé aidant + soutien aidants + aidant familial
2022-11-13,36,Journée nationale des aidants,aidants + proche aidant + congé aidant + soutien aidants + aidant familial
2022-11-20,31,Journée nationale des aidants,aidants + proche aidant + congé aidant + soutien aidants + aidant familial
2022-11-27,30,Journée nationale des aidants,aidants + proche aidant + congé aidant + soutien aidants + aidant familial
2022-12-04,29,Journée nationale des aidants,aidants + proche aidant + congé aidant + soutien aidants + aidant familial
2022-12-11,29,Journée nationale des aidants,aidants + proche aidant + congé aidant + soutien aidants + aidant familial
2022-12-18,26,Journée nationale des aidants,aidants + proche aidant + congé aidant + soutien aidants + aidant familial
2022-12-25,24,Journée nationale des aidants,aidants + proche aidant + congé aidant + soutien aidants + aidant familial
2023-01-01,31,Journée nationale des aidants,aidants + proche aidant + congé aidant + soutien aidants + aidant familial
2023-01-08,51,Journée nationale des aidants,aidants + proche aidant + congé aidant + soutien aidants + aidant familial
2023-01-15,41,Journée nationale des aidants,aidants + proche aidant + congé aidant + soutien aidants + aidant familial
2023-01-22,43,Journée nationale des aidants,aidants + proche aidant + congé aidant + soutien aidants + aidant familial
2023-01-29,48,Journée nationale des aidants,aidants + proche aidant + congé aidant + soutien aidants + aidant familial
2023-02-05,43,Journée nationale des aidants,aidants + proche aidant + congé aidant + soutien aidants + aidant familial
2023-02-12,38,Journée nationale des aidants,aidants + proche aidant + congé aidant + soutien aidants + aidant familial
2023-02-19,33,Journée nationale des aidants,aidants + proche aidant + congé aidant + soutien aidants + aidant familial
2023-02-26,37,Journée nationale des aidants,aidants + proche aidant + congé aidant + soutien aidants + aidant familial
2023-03-05,39,Journée nationale des aidants,aidants + proche aidant + congé aidant + soutien aidants + aidant familial
2023-03-12,41,Journée nationale des aidants,aidants + proche aidant + congé aidant + soutien aidants + aidant familial
2023-03-19,32,Journée nationale des aidants,aidants + proche aidant + congé aidant + soutien aidants + aidant familial
2023-03-26,36,Journée nationale des aidants,aidants + proche aidant + congé aidant + soutien aidants + aidant familial
2023-04-02,39,Journée nationale des aidants,aidants + proche aidant + congé aidant + soutien aidants + aidant familial
2023-04-09,35,Journée nationale des aidants,aidants + proche aidant + congé aidant + soutien aidants + aidant familial
2023-04-16,35,Journée nationale des aidants,aidants + proche aidant + congé aidant + soutien aidants + aidant familial
2023-04-23,42,Journée nationale des aidants,aidants + proche aidant + congé aidant + soutien aidants + aidant familial
2023-04-30,34,Journée nationale des aidants,aidants + proche aidant + congé aidant + soutien aidants + aidant familial
2023-05-07,31,Journée nationale des aidants,aidants + proche aidant + congé aidant + soutien aidants + aidant familial
2023-05-14,31,Journée nationale des aidants,aidants + proche aidant + congé aidant + soutien aidants + aidant familial
2023-05-21,38,Journée nationale des aidants,aidants + proche aidant + congé aidant + soutien aidants + aidant familial
2023-05-28,34,Journée nationale des aidants,aidants + proche aidant + congé aidant + soutien aidants + aidant familial
2023-06-04,35,Journée nationale des aidants,aidants + proche aidant + congé aidant + soutien aidants + aidant familial
2023-06-11,38,Journée nationale des aidants,aidants + proche aidant + congé aidant + soutien aidants + aidant familial
2023-06-18,36,Journée nationale des aidants,aidants + proche aidant + congé aidant + soutien aidants + aidant familial
2023-06-25,31,Journée nationale des aidants,aidants + proche aidant + congé aidant + soutien aidants + aidant familial
2023-07-02,27,Journée nationale des aidants,aidants + proche aidant + congé aidant + soutien aidants + aidant familial
2023-07-09,24,Journée nationale des aidants,aidants + proche aidant + congé aidant + soutien aidants + aidant familial
2023-07-16,27,Journée nationale des aidants,aidants + proche aidant + congé aidant + soutien aidants + aidant familial
2023-07-23,28,Journée nationale des aidants,aidants + proche aidant + congé aidant + soutien aidants + aidant familial
2023-07-30,27,Journée nationale des aidants,aidants + proche aidant + congé aidant + soutien aidants + aidant familial
2023-08-06,27,Journée nationale des aidants,aidants + proche aidant + congé aidant + soutien aidants + aidant familial
2023-08-13,21,Journée nationale des aidants,aidants + proche aidant + congé aidant + soutien aidants + aidant familial
2023-08-20,28,Journée nationale des aidants,aidants + proche aidant + congé aidant + soutien aidants + aidant familial
2023-08-27,35,Journée nationale des aidants,aidants + proche aidant + congé aidant + soutien aidants + aidant familial
2023-09-03,36,Journée nationale des aidants,aidants + proche aidant + congé aidant + soutien aidants + aidant familial
2023-09-10,42,Journée nationale des aidants,aidants + proche aidant + congé aidant + soutien aidants + aidant familial
2023-09-17,44,Journée nationale des aidants,aidants + proche aidant + congé aidant + soutien aidants + aidant familial
2023-09-24,45,Journée nationale des aidants,aidants + proche aidant + congé aidant + soutien aidants + aidant familial
2023-10-01,87,Journée nationale des aidants,aidants + proche aidant + congé aidant + soutien aidants + aidant familial
2023-10-08,53,Journée nationale des aidants,aidants + proche aidant + congé aidant + soutien aidants + aidant familial
2023-10-15,47,Journée nationale des aidants,aidants + proche aidant + congé aidant + soutien aidants + aidant familial
2023-10-22,42,Journée nationale des aidants,aidants + proche aidant + congé aidant + soutien aidants + aidant familial
2023-10-29,33,Journée nationale des aidants,aidants + proche aidant + congé aidant + soutien aidants + aidant familial
2023-11-05,41,Journée nationale des aidants,aidants + proche aidant + congé aidant + soutien aidants + aidant familial
2023-11-12,37,Journée nationale des aidants,aidants + proche aidant + congé aidant + soutien aidants + aidant familial
2023-11-19,38,Journée nationale des aidants,aidants + proche aidant + congé aidant + soutien aidants + aidant familial
2023-11-26,41,Journée nationale des aidants,aidants + proche aidant + congé aidant + soutien aidants + aidant familial
2023-12-03,35,Journée nationale des aidants,aidants + proche aidant + congé aidant + soutien aidants + aidant familial
2023-12-10,34,Journée nationale des aidants,aidants + proche aidant + congé aidant + soutien aidants + aidant familial
2023-12-17,34,Journée nationale des aidants,aidants + proche aidant + congé aidant + soutien aidants + aidant familial
2023-12-24,25,Journée nationale des aidants,aidants + proche aidant + congé aidant + soutien aidants + aidant familial
2023-12-31,35,Journée nationale des aidants,aidants + proche aidant + congé aidant + soutien aidants + aidant familial
2024-01-07,38,Journée nationale des aidants,aidants + proche aidant + congé aidant + soutien aidants + aidant familial
2024-01-14,39,Journée nationale des aidants,aidants + proche aidant + congé aidant + soutien aidants + aidant familial
2024-01-21,42,Journée nationale des aidants,aidants + proche aidant + congé aidant + soutien aidants + aidant familial
2024-01-28,40,Journée nationale des aidants,aidants + proche aidant + congé aidant + soutien aidants + aidant familial
2024-02-04,42,Journée nationale des aidants,aidants + proche aidant + congé aidant + soutien aidants + aidant familial
2024-02-11,44,Journée nationale des aidants,aidants + proche aidant + congé aidant + soutien aidants + aidant familial
2024-02-18,39,Journée nationale des aidants,aidants + proche aidant + congé aidant + soutien aidants + aidant familial
2024-02-25,38,Journée nationale des aidants,aidants + proche aidant + congé aidant + soutien aidants + aidant familial
2024-03-03,35,Journée nationale des aidants,aidants + proche aidant + congé aidant + soutien aidants + aidant familial
2024-03-10,39,Journée nationale des aidants,aidants + proche aidant + congé aidant + soutien aidants + aidant familial
2024-03-17,45,Journée nationale des aidants,aidants + proche aidant + congé aidant + soutien aidants + aidant familial
2024-03-24,42,Journée nationale des aidants,aidants + proche aidant + congé aidant + soutien aidants + aidant familial
2024-03-31,34,Journée nationale des aidants,aidants + proche aidant + congé aidant + soutien aidants + aidant familial
2024-04-07,42,Journée nationale des aidants,aidants + proche aidant + congé aidant + soutien aidants + aidant familial
2024-04-14,37,Journée nationale des aidants,aidants + proche aidant + congé aidant + soutien aidants + aidant familial
2024-04-21,41,Journée nationale des aidants,aidants + proche aidant + congé aidant + soutien aidants + aidant familial
2024-04-28,31,Journée nationale des aidants,aidants + proche aidant + congé aidant + soutien aidants + aidant familial
2024-05-05,26,Journée nationale des aidants,aidants + proche aidant + congé aidant + soutien aidants + aidant familial
2024-05-12,35,Journée nationale des aidants,aidants + proche aidant + congé aidant + soutien aidants + aidant familial
2024-05-19,35,Journée nationale des aidants,aidants + proche aidant + congé aidant + soutien aidants + aidant familial
2024-05-26,41,Journée nationale des aidants,aidants + proche aidant + congé aidant + soutien aidants + aidant familial
2024-06-02,37,Journée nationale des aidants,aidants + proche aidant + congé aidant + soutien aidants + aidant familial
2024-06-09,37,Journée nationale des aidants,aidants + proche aidant + congé aidant + soutien aidants + aidant familial
2024-06-16,36,Journée nationale des aidants,aidants + proche aidant + congé aidant + soutien aidants + aidant familial
2024-06-23,36,Journée nationale des aidants,aidants + proche aidant + congé aidant + soutien aidants + aidant familial
2024-06-30,31,Journée nationale des aidants,aidants + proche aidant + congé aidant + soutien aidants + aidant familial
2024-07-07,30,Journée nationale des aidants,aidants + proche aidant + congé aidant + soutien aidants + aidant familial
2024-07-14,34,Journée nationale des aidants,aidants + proche aidant + congé aidant + soutien aidants + aidant familial
2024-07-21,32,Journée nationale des aidants,aidants + proche aidant + congé aidant + soutien aidants + aidant familial
2024-07-28,23,Journée nationale des aidants,aidants + proche aidant + congé aidant + soutien aidants + aidant familial
2024-08-04,27,Journée nationale des aidants,aidants + proche aidant + congé aidant + soutien aidants + aidant familial
2024-08-11,23,Journée nationale des aidants,aidants + proche aidant + congé aidant + soutien aidants + aidant familial
2024-08-18,30,Journée nationale des aidants,aidants + proche aidant + congé aidant + soutien aidants + aidant familial
2024-08-25,35,Journée nationale des aidants,aidants + proche aidant + congé aidant + soutien aidants + aidant familial
2024-09-01,43,Journée nationale des aidants,aidants + proche aidant + congé aidant + soutien aidants + aidant familial
2024-09-08,45,Journée nationale des aidants,aidants + proche aidant + congé aidant + soutien aidants + aidant familial
2024-09-15,46,Journée nationale des aidants,aidants + proche aidant + congé aidant + soutien aidants + aidant familial
2024-09-22,47,Journée nationale des aidants,aidants + proche aidant + congé aidant + soutien aidants + aidant familial
2024-09-29,67,Journée nationale des aidants,aidants + proche aidant + congé aidant + soutien aidants + aidant familial
2024-10-06,100,Journée nationale des aidants,aidants + proche aidant + congé aidant + soutien aidants + aidant familial
2024-10-13,55,Journée nationale des aidants,aidants + proche aidant + congé aidant + soutien aidants + aidant familial
2024-10-20,48,Journée nationale des aidants,aidants + proche aidant + congé aidant + soutien aidants + aidant familial
2024-10-27,37,Journée nationale des aidants,aidants + proche aidant + congé aidant + soutien aidants + aidant familial
2024-11-03,45,Journée nationale des aidants,aidants + proche aidant + congé aidant + soutien aidants + aidant familial
2024-11-10,38,Journée nationale des aidants,aidants + proche aidant + congé aidant + soutien aidants + aidant familial
2024-11-17,43,Journée nationale des aidants,aidants + proche aidant + congé aidant + soutien aidants + aidant familial
2024-11-24,45,Journée nationale des aidants,aidants + proche aidant + congé aidant + soutien aidants + aidant familial
2024-12-01,39,Journée nationale des aidants,aidants + proche aidant + congé aidant + soutien aidants + aidant familial
2024-12-08,41,Journée nationale des aidants,aidants + proche aidant + congé aidant + soutien aidants + aidant familial
2024-12-15,39,Journée nationale des aidants,aidants + proche aidant + congé aidant + soutien aidants + aidant familial
2024-12-22,22,Journée nationale des aidants,aidants + proche aidant + congé aidant + soutien aidants + aidant familial
2024-12-29,36,Journée nationale des aidants,aidants + proche aidant + congé aidant + soutien aidants + aidant familial
2025-01-05,48,Journée nationale des aidants,aidants + proche aidant + congé aidant + soutien aidants + aidant familial
2025-01-12,47,Journée nationale des aidants,aidants + proche aidant + congé aidant + soutien aidants + aidant familial
2025-01-19,55,Journée nationale des aidants,aidants + proche aidant + congé aidant + soutien aidants + aidant familial
2025-01-26,53,Journée nationale des aidants,aidants + proche aidant + congé aidant + soutien aidants + aidant familial
2025-02-02,52,Journée nationale des aidants,aidants + proche aidant + congé aidant + soutien aidants + aidant familial
2025-02-09,50,Journée nationale des aidants,aidants + proche aidant + congé aidant + soutien aidants + aidant familial
2025-02-16,44,Journée nationale des aidants,aidants + proche aidant + congé aidant + soutien aidants + aidant familial
2025-02-23,43,Journée nationale des aidants,aidants + proche aidant + congé aidant + soutien aidants + aidant familial
2025-03-02,44,Journée nationale des aidants,aidants + proche aidant + congé aidant + soutien aidants + aidant familial
2025-03-09,47,Journée nationale des aidants,aidants + proche aidant + congé aidant + soutien aidants + aidant familial
2025-03-16,49,Journée nationale des aidants,aidants + proche aidant + congé aidant + soutien aidants + aidant familial
2025-03-23,47,Journée nationale des aidants,aidants + proche aidant + congé aidant + soutien aidants + aidant familial
2025-03-30,45,Journée nationale des aidants,aidants + proche aidant + congé aidant + soutien aidants + aidant familial
2025-04-06,45,Journée nationale des aidants,aidants + proche aidant + congé aidant + soutien aidants + aidant familial
2025-04-13,45,Journée nationale des aidants,aidants + proche aidant + congé aidant + soutien aidants + aidant familial
2025-04-20,38,Journée nationale des aidants,aidants + proche aidant + congé aidant + soutien aidants + aidant familial
2025-04-27,33,Journée nationale des aidants,aidants + proche aidant + congé aidant + soutien aidants + aidant familial
2025-05-04,41,Journée nationale des aidants,aidants + proche aidant + congé aidant + soutien aidants + aidant familial
2025-05-11,45,Journée nationale des aidants,aidants + proche aidant + congé aidant + soutien aidants + aidant familial
2025-05-18,47,Journée nationale des aidants,aidants + proche aidant + congé aidant + soutien aidants + aidant familial
2025-05-25,40,Journée nationale des aidants,aidants + proche aidant + congé aidant + soutien aidants + aidant familial
2025-06-01,44,Journée nationale des aidants,aidants + proche aidant + congé aidant + soutien aidants + aidant familial
2025-06-08,40,Journée nationale des aidants,aidants + proche aidant + congé aidant + soutien aidants + aidant familial
2025-06-15,42,Journée nationale des aidants,aidants + proche aidant + congé aidant + soutien aidants + aidant familial
2025-06-22,37,Journée nationale des aidants,aidants + proche aidant + congé aidant + soutien aidants + aidant familial
2025-06-29,35,Journée nationale des aidants,aidants + proche aidant + congé aidant + soutien aidants + aidant familial
2025-07-06,37,Journée nationale des aidants,aidants + proche aidant + congé aidant + soutien aidants + aidant familial
2025-07-13,30,Journée nationale des aidants,aidants + proche aidant + congé aidant + soutien aidants + aidant familial
2025-07-20,33,Journée nationale des aidants,aidants + proche aidant + congé aidant + soutien aidants + aidant familial
2025-07-27,35,Journée nationale des aidants,aidants + proche aidant + congé aidant + soutien aidants + aidant familial
2025-08-03,33,Journée nationale des aidants,aidants + proche aidant + congé aidant + soutien aidants + aidant familial
2025-08-10,24,Journée nationale des aidants,aidants + proche aidant + congé aidant + soutien aidants + aidant familial
2025-08-17,36,Journée nationale des aidants,aidants + proche aidant + congé aidant + soutien aidants + aidant familial
2025-08-24,39,Journée nationale des aidants,aidants + proche aidant + congé aidant + soutien aidants + aidant familial
2025-08-31,47,Journée nationale des aidants,aidants + proche aidant + congé aidant + soutien aidants + aidant familial
2025-09-07,51,Journée nationale des aidants,aidants + proche aidant + congé aidant + soutien aidants + aidant familial
2025-09-14,52,Journée nationale des aidants,aidants + proche aidant + congé aidant + soutien aidants + aidant familial
2025-09-21,55,Journée nationale des aidants,aidants + proche aidant + congé aidant + soutien aidants + aidant familial
2025-09-28,66,Journée nationale des aidants,aidants + proche aidant + congé aidant + soutien aidants + aidant familial
2025-10-05,86,Journée nationale des aidants,aidants + proche aidant + congé aidant + soutien aidants + aidant familial
2025-10-12,56,Journée nationale des aidants,aidants + proche aidant + congé aidant + soutien aidants + aidant familial
2025-10-19,44,Journée nationale des aidants,aidants + proche aidant + congé aidant + soutien aidants + aidant familial
2025-10-26,46,Journée nationale des aidants,aidants + proche aidant + congé aidant + soutien aidants + aidant familial
2025-11-02,51,Journée nationale des aidants,aidants + proche aidant + congé aidant + soutien aidants + aidant familial
2025-11-09,44,Journée nationale des aidants,aidants + proche aidant + congé aidant + soutien aidants + aidant familial
2025-11-16,48,Journée nationale des aidants,aidants + proche aidant + congé aidant + soutien aidants + aidant familial
2025-11-23,43,Journée nationale des aidants,aidants + proche aidant + congé aidant + soutien aidants + aidant familial
2025-11-30,43,Journée nationale des aidants,aidants + proche aidant + congé aidant + soutien aidants + aidant familial
2025-12-07,39,Journée nationale des aidants,aidants + proche aidant + congé aidant + soutien aidants + aidant familial
2025-12-14,38,Journée nationale des aidants,aidants + proche aidant + congé aidant + soutien aidants + aidant familial
2025-12-21,31,Journée nationale des aidants,aidants + proche aidant + congé aidant + soutien aidants + aidant familial
2025-12-28,27,Journée nationale des aidants,aidants + proche aidant + congé aidant + soutien aidants + aidant familial
2020-12-27,20,Juin vert,Juin vert + cancer col utérus + dépistage HPV + vaccin HPV + frottis dépistage
2021-01-03,22,Juin vert,Juin vert + cancer col utérus + dépistage HPV + vaccin HPV + frottis dépistage
2021-01-10,21,Juin vert,Juin vert + cancer col utérus + dépistage HPV + vaccin HPV + frottis dépistage
2021-01-17,23,Juin vert,Juin vert + cancer col utérus + dépistage HPV + vaccin HPV + frottis dépistage
2021-01-24,16,Juin vert,Juin vert + cancer col utérus + dépistage HPV + vaccin HPV + frottis dépistage
2021-01-31,24,Juin vert,Juin vert + cancer col utérus + dépistage HPV + vaccin HPV + frottis dépistage
2021-02-07,26,Juin vert,Juin vert + cancer col utérus + dépistage HPV + vaccin HPV + frottis dépistage
2021-02-14,22,Juin vert,Juin vert + cancer col utérus + dépistage HPV + vaccin HPV + frottis dépistage
2021-02-21,14,Juin vert,Juin vert + cancer col utérus + dépistage HPV + vaccin HPV + frottis dépistage
2021-02-28,25,Juin vert,Juin vert + cancer col utérus + dépistage HPV + vaccin HPV + frottis dépistage
2021-03-07,23,Juin vert,Juin vert + cancer col utérus + dépistage HPV + vaccin HPV + frottis dépistage
2021-03-14,23,Juin vert,Juin vert + cancer col utérus + dépistage HPV + vaccin HPV + frottis dépistage
2021-03-21,24,Juin vert,Juin vert + cancer col utérus + dépistage HPV + vaccin HPV + frottis dépistage
2021-03-28,20,Juin vert,Juin vert + cancer col utérus + dépistage HPV + vaccin HPV + frottis dépistage
2021-04-04,20,Juin vert,Juin vert + cancer col utérus + dépistage HPV + vaccin HPV + frottis dépistage
2021-04-11,25,Juin vert,Juin vert + cancer col utérus + dépistage HPV + vaccin HPV + frottis dépistage
2021-04-18,26,Juin vert,Juin vert + cancer col utérus + dépistage HPV + vaccin HPV + frottis dépistage
2021-04-25,31,Juin vert,Juin vert + cancer col utérus + dépistage HPV + vaccin HPV + frottis dépistage
2021-05-02,26,Juin vert,Juin vert + cancer col utérus + dépistage HPV + vaccin HPV + frottis dépistage
2021-05-09,28,Juin vert,Juin vert + cancer col utérus + dépistage HPV + vaccin HPV + frottis dépistage
2021-05-16,30,Juin vert,Juin vert + cancer col utérus + dépistage HPV + vaccin HPV + frottis dépistage
2021-05-23,36,Juin vert,Juin vert + cancer col utérus + dépistage HPV + vaccin HPV + frottis dépistage
2021-05-30,61,Juin vert,Juin vert + cancer col utérus + dépistage HPV + vaccin HPV + frottis dépistage
2021-06-06,49,Juin vert,Juin vert + cancer col utérus + dépistage HPV + vaccin HPV + frottis dépistage
2021-06-13,53,Juin vert,Juin vert + cancer col utérus + dépistage HPV + vaccin HPV + frottis dépistage
2021-06-20,47,Juin vert,Juin vert + cancer col utérus + dépistage HPV + vaccin HPV + frottis dépistage
2021-06-27,36,Juin vert,Juin vert + cancer col utérus + dépistage HPV + vaccin HPV + frottis dépistage
2021-07-04,20,Juin vert,Juin vert + cancer col utérus + dépistage HPV + vaccin HPV + frottis dépistage
2021-07-11,24,Juin vert,Juin vert + cancer col utérus + dépistage HPV + vaccin HPV + frottis dépistage
2021-07-18,23,Juin vert,Juin vert + cancer col utérus + dépistage HPV + vaccin HPV + frottis dépistage
2021-07-25,13,Juin vert,Juin vert + cancer col utérus + dépistage HPV + vaccin HPV + frottis dépistage
2021-08-01,21,Juin vert,Juin vert + cancer col utérus + dépistage HPV + vaccin HPV + frottis dépistage
2021-08-08,15,Juin vert,Juin vert + cancer col utérus + dépistage HPV + vaccin HPV + frottis dépistage
2021-08-15,19,Juin vert,Juin vert + cancer col utérus + dépistage HPV + vaccin HPV + frottis dépistage
2021-08-22,24,Juin vert,Juin vert + cancer col utérus + dépistage HPV + vaccin HPV + frottis dépistage
2021-08-29,22,Juin vert,Juin vert + cancer col utérus + dépistage HPV + vaccin HPV + frottis dépistage
2021-09-05,24,Juin vert,Juin vert + cancer col utérus + dépistage HPV + vaccin HPV + frottis dépistage
2021-09-12,18,Juin vert,Juin vert + cancer col utérus + dépistage HPV + vaccin HPV + frottis dépistage
2021-09-19,19,Juin vert,Juin vert + cancer col utérus + dépistage HPV + vaccin HPV + frottis dépistage
2021-09-26,17,Juin vert,Juin vert + cancer col utérus + dépistage HPV + vaccin HPV + frottis dépistage
2021-10-03,17,Juin vert,Juin vert + cancer col utérus + dépistage HPV + vaccin HPV + frottis dépistage
2021-10-10,20,Juin vert,Juin vert + cancer col utérus + dépistage HPV + vaccin HPV + frottis dépistage
2021-10-17,21,Juin vert,Juin vert + cancer col utérus + dépistage HPV + vaccin HPV + frottis dépistage
2021-10-24,20,Juin vert,Juin vert + cancer col utérus + dépistage HPV + vaccin HPV + frottis dépistage
2021-10-31,18,Juin vert,Juin vert + cancer col utérus + dépistage HPV + vaccin HPV + frottis dépistage
2021-11-07,19,Juin vert,Juin vert + cancer col utérus + dépistage HPV + vaccin HPV + frottis dépistage
2021-11-14,20,Juin vert,Juin vert + cancer col utérus + dépistage HPV + vaccin HPV + frottis dépistage
2021-11-21,19,Juin vert,Juin vert + cancer col utérus + dépistage HPV + vaccin HPV + frottis dépistage
2021-11-28,25,Juin vert,Juin vert + cancer col utérus + dépistage HPV + vaccin HPV + frottis dépistage
2021-12-05,20,Juin vert,Juin vert + cancer col utérus + dépistage HPV + vaccin HPV + frottis dépistage
2021-12-12,14,Juin vert,Juin vert + cancer col utérus + dépistage HPV + vaccin HPV + frottis dépistage
2021-12-19,21,Juin vert,Juin vert + cancer col utérus + dépistage HPV + vaccin HPV + frottis dépistage
2021-12-26,13,Juin vert,Juin vert + cancer col utérus + dépistage HPV + vaccin HPV + frottis dépistage
2022-01-02,25,Juin vert,Juin vert + cancer col utérus + dépistage HPV + vaccin HPV + frottis dépistage
2022-01-09,28,Juin vert,Juin vert + cancer col utérus + dépistage HPV + vaccin HPV + frottis dépistage
2022-01-16,25,Juin vert,Juin vert + cancer col utérus + dépistage HPV + vaccin HPV + frottis dépistage
2022-01-23,35,Juin vert,Juin vert + cancer col utérus + dépistage HPV + vaccin HPV + frottis dépistage
2022-01-30,32,Juin vert,Juin vert + cancer col utérus + dépistage HPV + vaccin HPV + frottis dépistage
2022-02-06,22,Juin vert,Juin vert + cancer col utérus + dépistage HPV + vaccin HPV + frottis dépistage
2022-02-13,30,Juin vert,Juin vert + cancer col utérus + dépistage HPV + vaccin HPV + frottis dépistage
2022-02-20,27,Juin vert,Juin vert + cancer col utérus + dépistage HPV + vaccin HPV + frottis dépistage
2022-02-27,26,Juin vert,Juin vert + cancer col utérus + dépistage HPV + vaccin HPV + frottis dépistage
2022-03-06,30,Juin vert,Juin vert + cancer col utérus + dépistage HPV + vaccin HPV + frottis dépistage
2022-03-13,25,Juin vert,Juin vert + cancer col utérus + dépistage HPV + vaccin HPV + frottis dépistage
2022-03-20,31,Juin vert,Juin vert + cancer col utérus + dépistage HPV + vaccin HPV + frottis dépistage
2022-03-27,26,Juin vert,Juin vert + cancer col utérus + dépistage HPV + vaccin HPV + frottis dépistage
2022-04-03,26,Juin vert,Juin vert + cancer col utérus + dépistage HPV + vaccin HPV + frottis dépistage
2022-04-10,24,Juin vert,Juin vert + cancer col utérus + dépistage HPV + vaccin HPV + frottis dépistage
2022-04-17,27,Juin vert,Juin vert + cancer col utérus + dépistage HPV + vaccin HPV + frottis dépistage
2022-04-24,38,Juin vert,Juin vert + cancer col utérus + dépistage HPV + vaccin HPV + frottis dépistage
2022-05-01,22,Juin vert,Juin vert + cancer col utérus + dépistage HPV + vaccin HPV + frottis dépistage
2022-05-08,27,Juin vert,Juin vert + cancer col utérus + dépistage HPV + vaccin HPV + frottis dépistage
2022-05-15,33,Juin vert,Juin vert + cancer col utérus + dépistage HPV + vaccin HPV + frottis dépistage
2022-05-22,35,Juin vert,Juin vert + cancer col utérus + dépistage HPV + vaccin HPV + frottis dépistage
2022-05-29,66,Juin vert,Juin vert + cancer col utérus + dépistage HPV + vaccin HPV + frottis dépistage
2022-06-05,67,Juin vert,Juin vert + cancer col utérus + dépistage HPV + vaccin HPV + frottis dépistage
2022-06-12,55,Juin vert,Juin vert + cancer col utérus + dépistage HPV + vaccin HPV + frottis dépistage
2022-06-19,64,Juin vert,Juin vert + cancer col utérus + dépistage HPV + vaccin HPV + frottis dépistage
2022-06-26,44,Juin vert,Juin vert + cancer col utérus + dépistage HPV + vaccin HPV + frottis dépistage
2022-07-03,19,Juin vert,Juin vert + cancer col utérus + dépistage HPV + vaccin HPV + frottis dépistage
2022-07-10,20,Juin vert,Juin vert + cancer col utérus + dépistage HPV + vaccin HPV + frottis dépistage
2022-07-17,20,Juin vert,Juin vert + cancer col utérus + dépistage HPV + vaccin HPV + frottis dépistage
2022-07-24,24,Juin vert,Juin vert + cancer col utérus + dépistage HPV + vaccin HPV + frottis dépistage
2022-07-31,15,Juin vert,Juin vert + cancer col utérus + dépistage HPV + vaccin HPV + frottis dépistage
2022-08-07,19,Juin vert,Juin vert + cancer col utérus + dépistage HPV + vaccin HPV + frottis dépistage
2022-08-14,25,Juin vert,Juin vert + cancer col utérus + dépistage HPV + vaccin HPV + frottis dépistage
2022-08-21,21,Juin vert,Juin vert + cancer col utérus + dépistage HPV + vaccin HPV + frottis dépistage
2022-08-28,23,Juin vert,Juin vert + cancer col utérus + dépistage HPV + vaccin HPV + frottis dépistage
2022-09-04,22,Juin vert,Juin vert + cancer col utérus + dépistage HPV + vaccin HPV + frottis dépistage
2022-09-11,26,Juin vert,Juin vert + cancer col utérus + dépistage HPV + vaccin HPV + frottis dépistage
2022-09-18,26,Juin vert,Juin vert + cancer col utérus + dépistage HPV + vaccin HPV + frottis dépistage
2022-09-25,20,Juin vert,Juin vert + cancer col utérus + dépistage HPV + vaccin HPV + frottis dépistage
2022-10-02,21,Juin vert,Juin vert + cancer col utérus + dépistage HPV + vaccin HPV + frottis dépistage
2022-10-09,26,Juin vert,Juin vert + cancer col utérus + dépistage HPV + vaccin HPV + frottis dépistage
2022-10-16,34,Juin vert,Juin vert + cancer col utérus + dépistage HPV + vaccin HPV + frottis dépistage
2022-10-23,33,Juin vert,Juin vert + cancer col utérus + dépistage HPV + vaccin HPV + frottis dépistage
2022-10-30,24,Juin vert,Juin vert + cancer col utérus + dépistage HPV + vaccin HPV + frottis dépistage
2022-11-06,27,Juin vert,Juin vert + cancer col utérus + dépistage HPV + vaccin HPV + frottis dépistage
2022-11-13,28,Juin vert,Juin vert + cancer col utérus + dépistage HPV + vaccin HPV + frottis dépistage
2022-11-20,29,Juin vert,Juin vert + cancer col utérus + dépistage HPV + vaccin HPV + frottis dépistage
2022-11-27,20,Juin vert,Juin vert + cancer col utérus + dépistage HPV + vaccin HPV + frottis dépistage
2022-12-04,26,Juin vert,Juin vert + cancer col utérus + dépistage HPV + vaccin HPV + frottis dépistage
2022-12-11,25,Juin vert,Juin vert + cancer col utérus + dépistage HPV + vaccin HPV + frottis dépistage
2022-12-18,24,Juin vert,Juin vert + cancer col utérus + dépistage HPV + vaccin HPV + frottis dépistage
2022-12-25,28,Juin vert,Juin vert + cancer col utérus + dépistage HPV + vaccin HPV + frottis dépistage
2023-01-01,24,Juin vert,Juin vert + cancer col utérus + dépistage HPV + vaccin HPV + frottis dépistage
2023-01-08,28,Juin vert,Juin vert + cancer col utérus + dépistage HPV + vaccin HPV + frottis dépistage
2023-01-15,29,Juin vert,Juin vert + cancer col utérus + dépistage HPV + vaccin HPV + frottis dépistage
2023-01-22,27,Juin vert,Juin vert + cancer col utérus + dépistage HPV + vaccin HPV + frottis dépistage
2023-01-29,38,Juin vert,Juin vert + cancer col utérus + dépistage HPV + vaccin HPV + frottis dépistage
2023-02-05,33,Juin vert,Juin vert + cancer col utérus + dépistage HPV + vaccin HPV + frottis dépistage
2023-02-12,35,Juin vert,Juin vert + cancer col utérus + dépistage HPV + vaccin HPV + frottis dépistage
2023-02-19,31,Juin vert,Juin vert + cancer col utérus + dépistage HPV + vaccin HPV + frottis dépistage
2023-02-26,68,Juin vert,Juin vert + cancer col utérus + dépistage HPV + vaccin HPV + frottis dépistage
2023-03-05,42,Juin vert,Juin vert + cancer col utérus + dépistage HPV + vaccin HPV + frottis dépistage
2023-03-12,33,Juin vert,Juin vert + cancer col utérus + dépistage HPV + vaccin HPV + frottis dépistage
2023-03-19,29,Juin vert,Juin vert + cancer col utérus + dépistage HPV + vaccin HPV + frottis dépistage
2023-03-26,37,Juin vert,Juin vert + cancer col utérus + dépistage HPV + vaccin HPV + frottis dépistage
2023-04-02,29,Juin vert,Juin vert + cancer col utérus + dépistage HPV + vaccin HPV + frottis dépistage
2023-04-09,30,Juin vert,Juin vert + cancer col utérus + dépistage HPV + vaccin HPV + frottis dépistage
2023-04-16,33,Juin vert,Juin vert + cancer col utérus + dépistage HPV + vaccin HPV + frottis dépistage
2023-04-23,40,Juin vert,Juin vert + cancer col utérus + dépistage HPV + vaccin HPV + frottis dépistage
2023-04-30,47,Juin vert,Juin vert + cancer col utérus + dépistage HPV + vaccin HPV + frottis dépistage
2023-05-07,32,Juin vert,Juin vert + cancer col utérus + dépistage HPV + vaccin HPV + frottis dépistage
2023-05-14,43,Juin vert,Juin vert + cancer col utérus + dépistage HPV + vaccin HPV + frottis dépistage
2023-05-21,43,Juin vert,Juin vert + cancer col utérus + dépistage HPV + vaccin HPV + frottis dépistage
2023-05-28,55,Juin vert,Juin vert + cancer col utérus + dépistage HPV + vaccin HPV + frottis dépistage
2023-06-04,77,Juin vert,Juin vert + cancer col utérus + dépistage HPV + vaccin HPV + frottis dépistage
2023-06-11,71,Juin vert,Juin vert + cancer col utérus + dépistage HPV + vaccin HPV + frottis dépistage
2023-06-18,70,Juin vert,Juin vert + cancer col utérus + dépistage HPV + vaccin HPV + frottis dépistage
2023-06-25,48,Juin vert,Juin vert + cancer col utérus + dépistage HPV + vaccin HPV + frottis dépistage
2023-07-02,33,Juin vert,Juin vert + cancer col utérus + dépistage HPV + vaccin HPV + frottis dépistage
2023-07-09,23,Juin vert,Juin vert + cancer col utérus + dépistage HPV + vaccin HPV + frottis dépistage
2023-07-16,26,Juin vert,Juin vert + cancer col utérus + dépistage HPV + vaccin HPV + frottis dépistage
2023-07-23,22,Juin vert,Juin vert + cancer col utérus + dépistage HPV + vaccin HPV + frottis dépistage
2023-07-30,16,Juin vert,Juin vert + cancer col utérus + dépistage HPV + vaccin HPV + frottis dépistage
2023-08-06,19,Juin vert,Juin vert + cancer col utérus + dépistage HPV + vaccin HPV + frottis dépistage
2023-08-13,27,Juin vert,Juin vert + cancer col utérus + dépistage HPV + vaccin HPV + frottis dépistage
2023-08-20,30,Juin vert,Juin vert + cancer col utérus + dépistage HPV + vaccin HPV + frottis dépistage
2023-08-27,28,Juin vert,Juin vert + cancer col utérus + dépistage HPV + vaccin HPV + frottis dépistage
2023-09-03,41,Juin vert,Juin vert + cancer col utérus + dépistage HPV + vaccin HPV + frottis dépistage
2023-09-10,77,Juin vert,Juin vert + cancer col utérus + dépistage HPV + vaccin HPV + frottis dépistage
2023-09-17,100,Juin vert,Juin vert + cancer col utérus + dépistage HPV + vaccin HPV + frottis dépistage
2023-09-24,65,Juin vert,Juin vert + cancer col utérus + dépistage HPV + vaccin HPV + frottis dépistage
2023-10-01,66,Juin vert,Juin vert + cancer col utérus + dépistage HPV + vaccin HPV + frottis dépistage
2023-10-08,44,Juin vert,Juin vert + cancer col utérus + dépistage HPV + vaccin HPV + frottis dépistage
2023-10-15,42,Juin vert,Juin vert + cancer col utérus + dépistage HPV + vaccin HPV + frottis dépistage
2023-10-22,31,Juin vert,Juin vert + cancer col utérus + dépistage HPV + vaccin HPV + frottis dépistage
2023-10-29,34,Juin vert,Juin vert + cancer col utérus + dépistage HPV + vaccin HPV + frottis dépistage
2023-11-05,39,Juin vert,Juin vert + cancer col utérus + dépistage HPV + vaccin HPV + frottis dépistage
2023-11-12,34,Juin vert,Juin vert + cancer col utérus + dépistage HPV + vaccin HPV + frottis dépistage
2023-11-19,42,Juin vert,Juin vert + cancer col utérus + dépistage HPV + vaccin HPV + frottis dépistage
2023-11-26,25,Juin vert,Juin vert + cancer col utérus + dépistage HPV + vaccin HPV + frottis dépistage
2023-12-03,29,Juin vert,Juin vert + cancer col utérus + dépistage HPV + vaccin HPV + frottis dépistage
2023-12-10,28,Juin vert,Juin vert + cancer col utérus + dépistage HPV + vaccin HPV + frottis dépistage
2023-12-17,24,Juin vert,Juin vert + cancer col utérus + dépistage HPV + vaccin HPV + frottis dépistage
2023-12-24,21,Juin vert,Juin vert + cancer col utérus + dépistage HPV + vaccin HPV + frottis dépistage
2023-12-31,27,Juin vert,Juin vert + cancer col utérus + dépistage HPV + vaccin HPV + frottis dépistage
2024-01-07,35,Juin vert,Juin vert + cancer col utérus + dépistage HPV + vaccin HPV + frottis dépistage
2024-01-14,32,Juin vert,Juin vert + cancer col utérus + dépistage HPV + vaccin HPV + frottis dépistage
2024-01-21,38,Juin vert,Juin vert + cancer col utérus + dépistage HPV + vaccin HPV + frottis dépistage
2024-01-28,31,Juin vert,Juin vert + cancer col utérus + dépistage HPV + vaccin HPV + frottis dépistage
2024-02-04,32,Juin vert,Juin vert + cancer col utérus + dépistage HPV + vaccin HPV + frottis dépistage
2024-02-11,44,Juin vert,Juin vert + cancer col utérus + dépistage HPV + vaccin HPV + frottis dépistage
2024-02-18,36,Juin vert,Juin vert + cancer col utérus + dépistage HPV + vaccin HPV + frottis dépistage
2024-02-25,30,Juin vert,Juin vert + cancer col utérus + dépistage HPV + vaccin HPV + frottis dépistage
2024-03-03,36,Juin vert,Juin vert + cancer col utérus + dépistage HPV + vaccin HPV + frottis dépistage
2024-03-10,38,Juin vert,Juin vert + cancer col utérus + dépistage HPV + vaccin HPV + frottis dépistage
2024-03-17,31,Juin vert,Juin vert + cancer col utérus + dépistage HPV + vaccin HPV + frottis dépistage
2024-03-24,31,Juin vert,Juin vert + cancer col utérus + dépistage HPV + vaccin HPV + frottis dépistage
2024-03-31,32,Juin vert,Juin vert + cancer col utérus + dépistage HPV + vaccin HPV + frottis dépistage
2024-04-07,36,Juin vert,Juin vert + cancer col utérus + dépistage HPV + vaccin HPV + frottis dépistage
2024-04-14,27,Juin vert,Juin vert + cancer col utérus + dépistage HPV + vaccin HPV + frottis dépistage
2024-04-21,32,Juin vert,Juin vert + cancer col utérus + dépistage HPV + vaccin HPV + frottis dépistage
2024-04-28,33,Juin vert,Juin vert + cancer col utérus + dépistage HPV + vaccin HPV + frottis dépistage
2024-05-05,25,Juin vert,Juin vert + cancer col utérus + dépistage HPV + vaccin HPV + frottis dépistage
2024-05-12,44,Juin vert,Juin vert + cancer col utérus + dépistage HPV + vaccin HPV + frottis dépistage
2024-05-19,42,Juin vert,Juin vert + cancer col utérus + dépistage HPV + vaccin HPV + frottis dépistage
2024-05-26,51,Juin vert,Juin vert + cancer col utérus + dépistage HPV + vaccin HPV + frottis dépistage
2024-06-02,78,Juin vert,Juin vert + cancer col utérus + dépistage HPV + vaccin HPV + frottis dépistage
2024-06-09,74,Juin vert,Juin vert + cancer col utérus + dépistage HPV + vaccin HPV + frottis dépistage
2024-06-16,67,Juin vert,Juin vert + cancer col utérus + dépistage HPV + vaccin HPV + frottis dépistage
2024-06-23,54,Juin vert,Juin vert + cancer col utérus + dépistage HPV + vaccin HPV + frottis dépistage
2024-06-30,38,Juin vert,Juin vert + cancer col utérus + dépistage HPV + vaccin HPV + frottis dépistage
2024-07-07,28,Juin vert,Juin vert + cancer col utérus + dépistage HPV + vaccin HPV + frottis dépistage
2024-07-14,23,Juin vert,Juin vert + cancer col utérus + dépistage HPV + vaccin HPV + frottis dépistage
2024-07-21,21,Juin vert,Juin vert + cancer col utérus + dépistage HPV + vaccin HPV + frottis dépistage
2024-07-28,24,Juin vert,Juin vert + cancer col utérus + dépistage HPV + vaccin HPV + frottis dépistage
2024-08-04,24,Juin vert,Juin vert + cancer col utérus + dépistage HPV + vaccin HPV + frottis dépistage
2024-08-11,20,Juin vert,Juin vert + cancer col utérus + dépistage HPV + vaccin HPV + frottis dépistage
2024-08-18,21,Juin vert,Juin vert + cancer col utérus + dépistage HPV + vaccin HPV + frottis dépistage
2024-08-25,24,Juin vert,Juin vert + cancer col utérus + dépistage HPV + vaccin HPV + frottis dépistage
2024-09-01,35,Juin vert,Juin vert + cancer col utérus + dépistage HPV + vaccin HPV + frottis dépistage
2024-09-08,46,Juin vert,Juin vert + cancer col utérus + dépistage HPV + vaccin HPV + frottis dépistage
2024-09-15,38,Juin vert,Juin vert + cancer col utérus + dépistage HPV + vaccin HPV + frottis dépistage
2024-09-22,43,Juin vert,Juin vert + cancer col utérus + dépistage HPV + vaccin HPV + frottis dépistage
2024-09-29,47,Juin vert,Juin vert + cancer col utérus + dépistage HPV + vaccin HPV + frottis dépistage
2024-10-06,36,Juin vert,Juin vert + cancer col utérus + dépistage HPV + vaccin HPV + frottis dépistage
2024-10-13,36,Juin vert,Juin vert + cancer col utérus + dépistage HPV + vaccin HPV + frottis dépistage
2024-10-20,36,Juin vert,Juin vert + cancer col utérus + dépistage HPV + vaccin HPV + frottis dépistage
2024-10-27,20,Juin vert,Juin vert + cancer col utérus + dépistage HPV + vaccin HPV + frottis dépistage
2024-11-03,33,Juin vert,Juin vert + cancer col utérus + dépistage HPV + vaccin HPV + frottis dépistage
2024-11-10,38,Juin vert,Juin vert + cancer col utérus + dépistage HPV + vaccin HPV + frottis dépistage
2024-11-17,34,Juin vert,Juin vert + cancer col utérus + dépistage HPV + vaccin HPV + frottis dépistage
2024-11-24,39,Juin vert,Juin vert + cancer col utérus + dépistage HPV + vaccin HPV + frottis dépistage
2024-12-01,42,Juin vert,Juin vert + cancer col utérus + dépistage HPV + vaccin HPV + frottis dépistage
2024-12-08,35,Juin vert,Juin vert + cancer col utérus + dépistage HPV + vaccin HPV + frottis dépistage
2024-12-15,39,Juin vert,Juin vert + cancer col utérus + dépistage HPV + vaccin HPV + frottis dépistage
2024-12-22,26,Juin vert,Juin vert + cancer col utérus + dépistage HPV + vaccin HPV + frottis dépistage
2024-12-29,36,Juin vert,Juin vert + cancer col utérus + dépistage HPV + vaccin HPV + frottis dépistage
2025-01-05,45,Juin vert,Juin vert + cancer col utérus + dépistage HPV + vaccin HPV + frottis dépistage
2025-01-12,44,Juin vert,Juin vert + cancer col utérus + dépistage HPV + vaccin HPV + frottis dépistage
2025-01-19,44,Juin vert,Juin vert + cancer col utérus + dépistage HPV + vaccin HPV + frottis dépistage
2025-01-26,41,Juin vert,Juin vert + cancer col utérus + dépistage HPV + vaccin HPV + frottis dépistage
2025-02-02,49,Juin vert,Juin vert + cancer col utérus + dépistage HPV + vaccin HPV + frottis dépistage
2025-02-09,33,Juin vert,Juin vert + cancer col utérus + dépistage HPV + vaccin HPV + frottis dépistage
2025-02-16,51,Juin vert,Juin vert + cancer col utérus + dépistage HPV + vaccin HPV + frottis dépistage
2025-02-23,33,Juin vert,Juin vert + cancer col utérus + dépistage HPV + vaccin HPV + frottis dépistage
2025-03-02,47,Juin vert,Juin vert + cancer col utérus + dépistage HPV + vaccin HPV + frottis dépistage
2025-03-09,51,Juin vert,Juin vert + cancer col utérus + dépistage HPV + vaccin HPV + frottis dépistage
2025-03-16,38,Juin vert,Juin vert + cancer col utérus + dépistage HPV + vaccin HPV + frottis dépistage
2025-03-23,35,Juin vert,Juin vert + cancer col utérus + dépistage HPV + vaccin HPV + frottis dépistage
2025-03-30,36,Juin vert,Juin vert + cancer col utérus + dépistage HPV + vaccin HPV + frottis dépistage
2025-04-06,48,Juin vert,Juin vert + cancer col utérus + dépistage HPV + vaccin HPV + frottis dépistage
2025-04-13,50,Juin vert,Juin vert + cancer col utérus + dépistage HPV + vaccin HPV + frottis dépistage
2025-04-20,43,Juin vert,Juin vert + cancer col utérus + dépistage HPV + vaccin HPV + frottis dépistage
2025-04-27,41,Juin vert,Juin vert + cancer col utérus + dépistage HPV + vaccin HPV + frottis dépistage
2025-05-04,37,Juin vert,Juin vert + cancer col utérus + dépistage HPV + vaccin HPV + frottis dépistage
2025-05-11,63,Juin vert,Juin vert + cancer col utérus + dépistage HPV + vaccin HPV + frottis dépistage
2025-05-18,49,Juin vert,Juin vert + cancer col utérus + dépistage HPV + vaccin HPV + frottis dépistage
2025-05-25,60,Juin vert,Juin vert + cancer col utérus + dépistage HPV + vaccin HPV + frottis dépistage
2025-06-01,89,Juin vert,Juin vert + cancer col utérus + dépistage HPV + vaccin HPV + frottis dépistage
2025-06-08,88,Juin vert,Juin vert + cancer col utérus + dépistage HPV + vaccin HPV + frottis dépistage
2025-06-15,78,Juin vert,Juin vert + cancer col utérus + dépistage HPV + vaccin HPV + frottis dépistage
2025-06-22,57,Juin vert,Juin vert + cancer col utérus + dépistage HPV + vaccin HPV + frottis dépistage
2025-06-29,48,Juin vert,Juin vert + cancer col utérus + dépistage HPV + vaccin HPV + frottis dépistage
2025-07-06,33,Juin vert,Juin vert + cancer col utérus + dépistage HPV + vaccin HPV + frottis dépistage
2025-07-13,23,Juin vert,Juin vert + cancer col utérus + dépistage HPV + vaccin HPV + frottis dépistage
2025-07-20,30,Juin vert,Juin vert + cancer col utérus + dépistage HPV + vaccin HPV + frottis dépistage
2025-07-27,31,Juin vert,Juin vert + cancer col utérus + dépistage HPV + vaccin HPV + frottis dépistage
2025-08-03,24,Juin vert,Juin vert + cancer col utérus + dépistage HPV + vaccin HPV + frottis dépistage
2025-08-10,27,Juin vert,Juin vert + cancer col utérus + dépistage HPV + vaccin HPV + frottis dépistage
2025-08-17,43,Juin vert,Juin vert + cancer col utérus + dépistage HPV + vaccin HPV + frottis dépistage
2025-08-24,39,Juin vert,Juin vert + cancer col utérus + dépistage HPV + vaccin HPV + frottis dépistage
2025-08-31,33,Juin vert,Juin vert + cancer col utérus + dépistage HPV + vaccin HPV + frottis dépistage
2025-09-07,37,Juin vert,Juin vert + cancer col utérus + dépistage HPV + vaccin HPV + frottis dépistage
2025-09-14,47,Juin vert,Juin vert + cancer col utérus + dépistage HPV + vaccin HPV + frottis dépistage
2025-09-21,35,Juin vert,Juin vert + cancer col utérus + dépistage HPV + vaccin HPV + frottis dépistage
2025-09-28,28,Juin vert,Juin vert + cancer col utérus + dépistage HPV + vaccin HPV + frottis dépistage
2025-10-05,45,Juin vert,Juin vert + cancer col utérus + dépistage HPV + vaccin HPV + frottis dépistage
2025-10-12,38,Juin vert,Juin vert + cancer col utérus + dépistage HPV + vaccin HPV + frottis dépistage
2025-10-19,34,Juin vert,Juin vert + cancer col utérus + dépistage HPV + vaccin HPV + frottis dépistage
2025-10-26,31,Juin vert,Juin vert + cancer col utérus + dépistage HPV + vaccin HPV + frottis dépistage
2025-11-02,44,Juin vert,Juin vert + cancer col utérus + dépistage HPV + vaccin HPV + frottis dépistage
2025-11-09,41,Juin vert,Juin vert + cancer col utérus + dépistage HPV + vaccin HPV + frottis dépistage
2025-11-16,40,Juin vert,Juin vert + cancer col utérus + dépistage HPV + vaccin HPV + frottis dépistage
2025-11-23,46,Juin vert,Juin vert + cancer col utérus + dépistage HPV + vaccin HPV + frottis dépistage
2025-11-30,32,Juin vert,Juin vert + cancer col utérus + dépistage HPV + vaccin HPV + frottis dépistage
2025-12-07,43,Juin vert,Juin vert + cancer col utérus + dépistage HPV + vaccin HPV + frottis dépistage
2025-12-14,37,Juin vert,Juin vert + cancer col utérus + dépistage HPV + vaccin HPV + frottis dépistage
2025-12-21,28,Juin vert,Juin vert + cancer col utérus + dépistage HPV + vaccin HPV + frottis dépistage
2025-12-28,29,Juin vert,Juin vert + cancer col utérus + dépistage HPV + vaccin HPV + frottis dépistage
2020-12-27,32,Mars bleu,Mars bleu + cancer colorectal + dépistage colon + coloscopie + cancer colon
2021-01-03,45,Mars bleu,Mars bleu + cancer colorectal + dépistage colon + coloscopie + cancer colon
2021-01-10,48,Mars bleu,Mars bleu + cancer colorectal + dépistage colon + coloscopie + cancer colon
2021-01-17,50,Mars bleu,Mars bleu + cancer colorectal + dépistage colon + coloscopie + cancer colon
2021-01-24,53,Mars bleu,Mars bleu + cancer colorectal + dépistage colon + coloscopie + cancer colon
2021-01-31,67,Mars bleu,Mars bleu + cancer colorectal + dépistage colon + coloscopie + cancer colon
2021-02-07,53,Mars bleu,Mars bleu + cancer colorectal + dépistage colon + coloscopie + cancer colon
2021-02-14,50,Mars bleu,Mars bleu + cancer colorectal + dépistage colon + coloscopie + cancer colon
2021-02-21,55,Mars bleu,Mars bleu + cancer colorectal + dépistage colon + coloscopie + cancer colon
2021-02-28,63,Mars bleu,Mars bleu + cancer colorectal + dépistage colon + coloscopie + cancer colon
2021-03-07,59,Mars bleu,Mars bleu + cancer colorectal + dépistage colon + coloscopie + cancer colon
2021-03-14,59,Mars bleu,Mars bleu + cancer colorectal + dépistage colon + coloscopie + cancer colon
2021-03-21,57,Mars bleu,Mars bleu + cancer colorectal + dépistage colon + coloscopie + cancer colon
2021-03-28,49,Mars bleu,Mars bleu + cancer colorectal + dépistage colon + coloscopie + cancer colon
2021-04-04,42,Mars bleu,Mars bleu + cancer colorectal + dépistage colon + coloscopie + cancer colon
2021-04-11,48,Mars bleu,Mars bleu + cancer colorectal + dépistage colon + coloscopie + cancer colon
2021-04-18,47,Mars bleu,Mars bleu + cancer colorectal + dépistage colon + coloscopie + cancer colon
2021-04-25,45,Mars bleu,Mars bleu + cancer colorectal + dépistage colon + coloscopie + cancer colon
2021-05-02,47,Mars bleu,Mars bleu + cancer colorectal + dépistage colon + coloscopie + cancer colon
2021-05-09,41,Mars bleu,Mars bleu + cancer colorectal + dépistage colon + coloscopie + cancer colon
2021-05-16,42,Mars bleu,Mars bleu + cancer colorectal + dépistage colon + coloscopie + cancer colon
2021-05-23,42,Mars bleu,Mars bleu + cancer colorectal + dépistage colon + coloscopie + cancer colon
2021-05-30,44,Mars bleu,Mars bleu + cancer colorectal + dépistage colon + coloscopie + cancer colon
2021-06-06,42,Mars bleu,Mars bleu + cancer colorectal + dépistage colon + coloscopie + cancer colon
2021-06-13,43,Mars bleu,Mars bleu + cancer colorectal + dépistage colon + coloscopie + cancer colon
2021-06-20,44,Mars bleu,Mars bleu + cancer colorectal + dépistage colon + coloscopie + cancer colon
2021-06-27,40,Mars bleu,Mars bleu + cancer colorectal + dépistage colon + coloscopie + cancer colon
2021-07-04,39,Mars bleu,Mars bleu + cancer colorectal + dépistage colon + coloscopie + cancer colon
2021-07-11,38,Mars bleu,Mars bleu + cancer colorectal + dépistage colon + coloscopie + cancer colon
2021-07-18,40,Mars bleu,Mars bleu + cancer colorectal + dépistage colon + coloscopie + cancer colon
2021-07-25,35,Mars bleu,Mars bleu + cancer colorectal + dépistage colon + coloscopie + cancer colon
2021-08-01,31,Mars bleu,Mars bleu + cancer colorectal + dépistage colon + coloscopie + cancer colon
2021-08-08,32,Mars bleu,Mars bleu + cancer colorectal + dépistage colon + coloscopie + cancer colon
2021-08-15,33,Mars bleu,Mars bleu + cancer colorectal + dépistage colon + coloscopie + cancer colon
2021-08-22,39,Mars bleu,Mars bleu + cancer colorectal + dépistage colon + coloscopie + cancer colon
2021-08-29,40,Mars bleu,Mars bleu + cancer colorectal + dépistage colon + coloscopie + cancer colon
2021-09-05,44,Mars bleu,Mars bleu + cancer colorectal + dépistage colon + coloscopie + cancer colon
2021-09-12,45,Mars bleu,Mars bleu + cancer colorectal + dépistage colon + coloscopie + cancer colon
2021-09-19,43,Mars bleu,Mars bleu + cancer colorectal + dépistage colon + coloscopie + cancer colon
2021-09-26,44,Mars bleu,Mars bleu + cancer colorectal + dépistage colon + coloscopie + cancer colon
2021-10-03,44,Mars bleu,Mars bleu + cancer colorectal + dépistage colon + coloscopie + cancer colon
2021-10-10,44,Mars bleu,Mars bleu + cancer colorectal + dépistage colon + coloscopie + cancer colon
2021-10-17,46,Mars bleu,Mars bleu + cancer colorectal + dépistage colon + coloscopie + cancer colon
2021-10-24,43,Mars bleu,Mars bleu + cancer colorectal + dépistage colon + coloscopie + cancer colon
2021-10-31,40,Mars bleu,Mars bleu + cancer colorectal + dépistage colon + coloscopie + cancer colon
2021-11-07,44,Mars bleu,Mars bleu + cancer colorectal + dépistage colon + coloscopie + cancer colon
2021-11-14,60,Mars bleu,Mars bleu + cancer colorectal + dépistage colon + coloscopie + cancer colon
2021-11-21,51,Mars bleu,Mars bleu + cancer colorectal + dépistage colon + coloscopie + cancer colon
2021-11-28,47,Mars bleu,Mars bleu + cancer colorectal + dépistage colon + coloscopie + cancer colon
2021-12-05,46,Mars bleu,Mars bleu + cancer colorectal + dépistage colon + coloscopie + cancer colon
2021-12-12,39,Mars bleu,Mars bleu + cancer colorectal + dépistage colon + coloscopie + cancer colon
2021-12-19,34,Mars bleu,Mars bleu + cancer colorectal + dépistage colon + coloscopie + cancer colon
2021-12-26,31,Mars bleu,Mars bleu + cancer colorectal + dépistage colon + coloscopie + cancer colon
2022-01-02,46,Mars bleu,Mars bleu + cancer colorectal + dépistage colon + coloscopie + cancer colon
2022-01-09,47,Mars bleu,Mars bleu + cancer colorectal + dépistage colon + coloscopie + cancer colon
2022-01-16,44,Mars bleu,Mars bleu + cancer colorectal + dépistage colon + coloscopie + cancer colon
2022-01-23,51,Mars bleu,Mars bleu + cancer colorectal + dépistage colon + coloscopie + cancer colon
2022-01-30,49,Mars bleu,Mars bleu + cancer colorectal + dépistage colon + coloscopie + cancer colon
2022-02-06,53,Mars bleu,Mars bleu + cancer colorectal + dépistage colon + coloscopie + cancer colon
2022-02-13,54,Mars bleu,Mars bleu + cancer colorectal + dépistage colon + coloscopie + cancer colon
2022-02-20,54,Mars bleu,Mars bleu + cancer colorectal + dépistage colon + coloscopie + cancer colon
2022-02-27,56,Mars bleu,Mars bleu + cancer colorectal + dépistage colon + coloscopie + cancer colon
2022-03-06,60,Mars bleu,Mars bleu + cancer colorectal + dépistage colon + coloscopie + cancer colon
2022-03-13,62,Mars bleu,Mars bleu + cancer colorectal + dépistage colon + coloscopie + cancer colon
2022-03-20,61,Mars bleu,Mars bleu + cancer colorectal + dépistage colon + coloscopie + cancer colon
2022-03-27,56,Mars bleu,Mars bleu + cancer colorectal + dépistage colon + coloscopie + cancer colon
2022-04-03,53,Mars bleu,Mars bleu + cancer colorectal + dépistage colon + coloscopie + cancer colon
2022-04-10,46,Mars bleu,Mars bleu + cancer colorectal + dépistage colon + coloscopie + cancer colon
2022-04-17,46,Mars bleu,Mars bleu + cancer colorectal + dépistage colon + coloscopie + cancer colon
2022-04-24,46,Mars bleu,Mars bleu + cancer colorectal + dépistage colon + coloscopie + cancer colon
2022-05-01,48,Mars bleu,Mars bleu + cancer colorectal + dépistage colon + coloscopie + cancer colon
2022-05-08,50,Mars bleu,Mars bleu + cancer colorectal + dépistage colon + coloscopie + cancer colon
2022-05-15,51,Mars bleu,Mars bleu + cancer colorectal + dépistage colon + coloscopie + cancer colon
2022-05-22,51,Mars bleu,Mars bleu + cancer colorectal + dépistage colon + coloscopie + cancer colon
2022-05-29,47,Mars bleu,Mars bleu + cancer colorectal + dépistage colon + coloscopie + cancer colon
2022-06-05,52,Mars bleu,Mars bleu + cancer colorectal + dépistage colon + coloscopie + cancer colon
2022-06-12,51,Mars bleu,Mars bleu + cancer colorectal + dépistage colon + coloscopie + cancer colon
2022-06-19,50,Mars bleu,Mars bleu + cancer colorectal + dépistage colon + coloscopie + cancer colon
2022-06-26,54,Mars bleu,Mars bleu + cancer colorectal + dépistage colon + coloscopie + cancer colon
2022-07-03,43,Mars bleu,Mars bleu + cancer colorectal + dépistage colon + coloscopie + cancer colon
2022-07-10,45,Mars bleu,Mars bleu + cancer colorectal + dépistage colon + coloscopie + cancer colon
2022-07-17,42,Mars bleu,Mars bleu + cancer colorectal + dépistage colon + coloscopie + cancer colon
2022-07-24,44,Mars bleu,Mars bleu + cancer colorectal + dépistage colon + coloscopie + cancer colon
2022-07-31,51,Mars bleu,Mars bleu + cancer colorectal + dépistage colon + coloscopie + cancer colon
2022-08-07,70,Mars bleu,Mars bleu + cancer colorectal + dépistage colon + coloscopie + cancer colon
2022-08-14,41,Mars bleu,Mars bleu + cancer colorectal + dépistage colon + coloscopie + cancer colon
2022-08-21,53,Mars bleu,Mars bleu + cancer colorectal + dépistage colon + coloscopie + cancer colon
2022-08-28,47,Mars bleu,Mars bleu + cancer colorectal + dépistage colon + coloscopie + cancer colon
2022-09-04,55,Mars bleu,Mars bleu + cancer colorectal + dépistage colon + coloscopie + cancer colon
2022-09-11,56,Mars bleu,Mars bleu + cancer colorectal + dépistage colon + coloscopie + cancer colon
2022-09-18,58,Mars bleu,Mars bleu + cancer colorectal + dépistage colon + coloscopie + cancer colon
2022-09-25,55,Mars bleu,Mars bleu + cancer colorectal + dépistage colon + coloscopie + cancer colon
2022-10-02,60,Mars bleu,Mars bleu + cancer colorectal + dépistage colon + coloscopie + cancer colon
2022-10-09,60,Mars bleu,Mars bleu + cancer colorectal + dépistage colon + coloscopie + cancer colon
2022-10-16,56,Mars bleu,Mars bleu + cancer colorectal + dépistage colon + coloscopie + cancer colon
2022-10-23,53,Mars bleu,Mars bleu + cancer colorectal + dépistage colon + coloscopie + cancer colon
2022-10-30,50,Mars bleu,Mars bleu + cancer colorectal + dépistage colon + coloscopie + cancer colon
2022-11-06,60,Mars bleu,Mars bleu + cancer colorectal + dépistage colon + coloscopie + cancer colon
2022-11-13,60,Mars bleu,Mars bleu + cancer colorectal + dépistage colon + coloscopie + cancer colon
2022-11-20,56,Mars bleu,Mars bleu + cancer colorectal + dépistage colon + coloscopie + cancer colon
2022-11-27,51,Mars bleu,Mars bleu + cancer colorectal + dépistage colon + coloscopie + cancer colon
2022-12-04,53,Mars bleu,Mars bleu + cancer colorectal + dépistage colon + coloscopie + cancer colon
2022-12-11,53,Mars bleu,Mars bleu + cancer colorectal + dépistage colon + coloscopie + cancer colon
2022-12-18,39,Mars bleu,Mars bleu + cancer colorectal + dépistage colon + coloscopie + cancer colon
2022-12-25,52,Mars bleu,Mars bleu + cancer colorectal + dépistage colon + coloscopie + cancer colon
2023-01-01,63,Mars bleu,Mars bleu + cancer colorectal + dépistage colon + coloscopie + cancer colon
2023-01-08,62,Mars bleu,Mars bleu + cancer colorectal + dépistage colon + coloscopie + cancer colon
2023-01-15,62,Mars bleu,Mars bleu + cancer colorectal + dépistage colon + coloscopie + cancer colon
2023-01-22,62,Mars bleu,Mars bleu + cancer colorectal + dépistage colon + coloscopie + cancer colon
2023-01-29,65,Mars bleu,Mars bleu + cancer colorectal + dépistage colon + coloscopie + cancer colon
2023-02-05,61,Mars bleu,Mars bleu + cancer colorectal + dépistage colon + coloscopie + cancer colon
2023-02-12,57,Mars bleu,Mars bleu + cancer colorectal + dépistage colon + coloscopie + cancer colon
2023-02-19,65,Mars bleu,Mars bleu + cancer colorectal + dépistage colon + coloscopie + cancer colon
2023-02-26,81,Mars bleu,Mars bleu + cancer colorectal + dépistage colon + coloscopie + cancer colon
2023-03-05,89,Mars bleu,Mars bleu + cancer colorectal + dépistage colon + coloscopie + cancer colon
2023-03-12,88,Mars bleu,Mars bleu + cancer colorectal + dépistage colon + coloscopie + cancer colon
2023-03-19,86,Mars bleu,Mars bleu + cancer colorectal + dépistage colon + coloscopie + cancer colon
2023-03-26,81,Mars bleu,Mars bleu + cancer colorectal + dépistage colon + coloscopie + cancer colon
2023-04-02,65,Mars bleu,Mars bleu + cancer colorectal + dépistage colon + coloscopie + cancer colon
2023-04-09,57,Mars bleu,Mars bleu + cancer colorectal + dépistage colon + coloscopie + cancer colon
2023-04-16,62,Mars bleu,Mars bleu + cancer colorectal + dépistage colon + coloscopie + cancer colon
2023-04-23,55,Mars bleu,Mars bleu + cancer colorectal + dépistage colon + coloscopie + cancer colon
2023-04-30,57,Mars bleu,Mars bleu + cancer colorectal + dépistage colon + coloscopie + cancer colon
2023-05-07,55,Mars bleu,Mars bleu + cancer colorectal + dépistage colon + coloscopie + cancer colon
2023-05-14,55,Mars bleu,Mars bleu + cancer colorectal + dépistage colon + coloscopie + cancer colon
2023-05-21,58,Mars bleu,Mars bleu + cancer colorectal + dépistage colon + coloscopie + cancer colon
2023-05-28,51,Mars bleu,Mars bleu + cancer colorectal + dépistage colon + coloscopie + cancer colon
2023-06-04,56,Mars bleu,Mars bleu + cancer colorectal + dépistage colon + coloscopie + cancer colon
2023-06-11,56,Mars bleu,Mars bleu + cancer colorectal + dépistage colon + coloscopie + cancer colon
2023-06-18,60,Mars bleu,Mars bleu + cancer colorectal + dépistage colon + coloscopie + cancer colon
2023-06-25,53,Mars bleu,Mars bleu + cancer colorectal + dépistage colon + coloscopie + cancer colon
2023-07-02,55,Mars bleu,Mars bleu + cancer colorectal + dépistage colon + coloscopie + cancer colon
2023-07-09,43,Mars bleu,Mars bleu + cancer colorectal + dépistage colon + coloscopie + cancer colon
2023-07-16,49,Mars bleu,Mars bleu + cancer colorectal + dépistage colon + coloscopie + cancer colon
2023-07-23,44,Mars bleu,Mars bleu + cancer colorectal + dépistage colon + coloscopie + cancer colon
2023-07-30,40,Mars bleu,Mars bleu + cancer colorectal + dépistage colon + coloscopie + cancer colon
2023-08-06,39,Mars bleu,Mars bleu + cancer colorectal + dépistage colon + coloscopie + cancer colon
2023-08-13,36,Mars bleu,Mars bleu + cancer colorectal + dépistage colon + coloscopie + cancer colon
2023-08-20,45,Mars bleu,Mars bleu + cancer colorectal + dépistage colon + coloscopie + cancer colon
2023-08-27,47,Mars bleu,Mars bleu + cancer colorectal + dépistage colon + coloscopie + cancer colon
2023-09-03,50,Mars bleu,Mars bleu + cancer colorectal + dépistage colon + coloscopie + cancer colon
2023-09-10,52,Mars bleu,Mars bleu + cancer colorectal + dépistage colon + coloscopie + cancer colon
2023-09-17,50,Mars bleu,Mars bleu + cancer colorectal + dépistage colon + coloscopie + cancer colon
2023-09-24,52,Mars bleu,Mars bleu + cancer colorectal + dépistage colon + coloscopie + cancer colon
2023-10-01,54,Mars bleu,Mars bleu + cancer colorectal + dépistage colon + coloscopie + cancer colon
2023-10-08,53,Mars bleu,Mars bleu + cancer colorectal + dépistage colon + coloscopie + cancer colon
2023-10-15,52,Mars bleu,Mars bleu + cancer colorectal + dépistage colon + coloscopie + cancer colon
2023-10-22,51,Mars bleu,Mars bleu + cancer colorectal + dépistage colon + coloscopie + cancer colon
2023-10-29,46,Mars bleu,Mars bleu + cancer colorectal + dépistage colon + coloscopie + cancer colon
2023-11-05,54,Mars bleu,Mars bleu + cancer colorectal + dépistage colon + coloscopie + cancer colon
2023-11-12,55,Mars bleu,Mars bleu + cancer colorectal + dépistage colon + coloscopie + cancer colon
2023-11-19,53,Mars bleu,Mars bleu + cancer colorectal + dépistage colon + coloscopie + cancer colon
2023-11-26,53,Mars bleu,Mars bleu + cancer colorectal + dépistage colon + coloscopie + cancer colon
2023-12-03,50,Mars bleu,Mars bleu + cancer colorectal + dépistage colon + coloscopie + cancer colon
2023-12-10,52,Mars bleu,Mars bleu + cancer colorectal + dépistage colon + coloscopie + cancer colon
2023-12-17,43,Mars bleu,Mars bleu + cancer colorectal + dépistage colon + coloscopie + cancer colon
2023-12-24,36,Mars bleu,Mars bleu + cancer colorectal + dépistage colon + coloscopie + cancer colon
2023-12-31,49,Mars bleu,Mars bleu + cancer colorectal + dépistage colon + coloscopie + cancer colon
2024-01-07,56,Mars bleu,Mars bleu + cancer colorectal + dépistage colon + coloscopie + cancer colon
2024-01-14,60,Mars bleu,Mars bleu + cancer colorectal + dépistage colon + coloscopie + cancer colon
2024-01-21,58,Mars bleu,Mars bleu + cancer colorectal + dépistage colon + coloscopie + cancer colon
2024-01-28,58,Mars bleu,Mars bleu + cancer colorectal + dépistage colon + coloscopie + cancer colon
2024-02-04,61,Mars bleu,Mars bleu + cancer colorectal + dépistage colon + coloscopie + cancer colon
2024-02-11,59,Mars bleu,Mars bleu + cancer colorectal + dépistage colon + coloscopie + cancer colon
2024-02-18,58,Mars bleu,Mars bleu + cancer colorectal + dépistage colon + coloscopie + cancer colon
2024-02-25,64,Mars bleu,Mars bleu + cancer colorectal + dépistage colon + coloscopie + cancer colon
2024-03-03,73,Mars bleu,Mars bleu + cancer colorectal + dépistage colon + coloscopie + cancer colon
2024-03-10,77,Mars bleu,Mars bleu + cancer colorectal + dépistage colon + coloscopie + cancer colon
2024-03-17,80,Mars bleu,Mars bleu + cancer colorectal + dépistage colon + coloscopie + cancer colon
2024-03-24,85,Mars bleu,Mars bleu + cancer colorectal + dépistage colon + coloscopie + cancer colon
2024-03-31,64,Mars bleu,Mars bleu + cancer colorectal + dépistage colon + coloscopie + cancer colon
2024-04-07,59,Mars bleu,Mars bleu + cancer colorectal + dépistage colon + coloscopie + cancer colon
2024-04-14,50,Mars bleu,Mars bleu + cancer colorectal + dépistage colon + coloscopie + cancer colon
2024-04-21,58,Mars bleu,Mars bleu + cancer colorectal + dépistage colon + coloscopie + cancer colon
2024-04-28,45,Mars bleu,Mars bleu + cancer colorectal + dépistage colon + coloscopie + cancer colon
2024-05-05,41,Mars bleu,Mars bleu + cancer colorectal + dépistage colon + coloscopie + cancer colon
2024-05-12,52,Mars bleu,Mars bleu + cancer colorectal + dépistage colon + coloscopie + cancer colon
2024-05-19,55,Mars bleu,Mars bleu + cancer colorectal + dépistage colon + coloscopie + cancer colon
2024-05-26,56,Mars bleu,Mars bleu + cancer colorectal + dépistage colon + coloscopie + cancer colon
2024-06-02,52,Mars bleu,Mars bleu + cancer colorectal + dépistage colon + coloscopie + cancer colon
2024-06-09,53,Mars bleu,Mars bleu + cancer colorectal + dépistage colon + coloscopie + cancer colon
2024-06-16,50,Mars bleu,Mars bleu + cancer colorectal + dépistage colon + coloscopie + cancer colon
2024-06-23,52,Mars bleu,Mars bleu + cancer colorectal + dépistage colon + coloscopie + cancer colon
2024-06-30,43,Mars bleu,Mars bleu + cancer colorectal + dépistage colon + coloscopie + cancer colon
2024-07-07,46,Mars bleu,Mars bleu + cancer colorectal + dépistage colon + coloscopie + cancer colon
2024-07-14,46,Mars bleu,Mars bleu + cancer colorectal + dépistage colon + coloscopie + cancer colon
2024-07-21,45,Mars bleu,Mars bleu + cancer colorectal + dépistage colon + coloscopie + cancer colon
2024-07-28,39,Mars bleu,Mars bleu + cancer colorectal + dépistage colon + coloscopie + cancer colon
2024-08-04,40,Mars bleu,Mars bleu + cancer colorectal + dépistage colon + coloscopie + cancer colon
2024-08-11,49,Mars bleu,Mars bleu + cancer colorectal + dépistage colon + coloscopie + cancer colon
2024-08-18,44,Mars bleu,Mars bleu + cancer colorectal + dépistage colon + coloscopie + cancer colon
2024-08-25,48,Mars bleu,Mars bleu + cancer colorectal + dépistage colon + coloscopie + cancer colon
2024-09-01,46,Mars bleu,Mars bleu + cancer colorectal + dépistage colon + coloscopie + cancer colon
2024-09-08,51,Mars bleu,Mars bleu + cancer colorectal + dépistage colon + coloscopie + cancer colon
2024-09-15,53,Mars bleu,Mars bleu + cancer colorectal + dépistage colon + coloscopie + cancer colon
2024-09-22,53,Mars bleu,Mars bleu + cancer colorectal + dépistage colon + coloscopie + cancer colon
2024-09-29,56,Mars bleu,Mars bleu + cancer colorectal + dépistage colon + coloscopie + cancer colon
2024-10-06,56,Mars bleu,Mars bleu + cancer colorectal + dépistage colon + coloscopie + cancer colon
2024-10-13,50,Mars bleu,Mars bleu + cancer colorectal + dépistage colon + coloscopie + cancer colon
2024-10-20,57,Mars bleu,Mars bleu + cancer colorectal + dépistage colon + coloscopie + cancer colon
2024-10-27,47,Mars bleu,Mars bleu + cancer colorectal + dépistage colon + coloscopie + cancer colon
2024-11-03,60,Mars bleu,Mars bleu + cancer colorectal + dépistage colon + coloscopie + cancer colon
2024-11-10,54,Mars bleu,Mars bleu + cancer colorectal + dépistage colon + coloscopie + cancer colon
2024-11-17,56,Mars bleu,Mars bleu + cancer colorectal + dépistage colon + coloscopie + cancer colon
2024-11-24,55,Mars bleu,Mars bleu + cancer colorectal + dépistage colon + coloscopie + cancer colon
2024-12-01,56,Mars bleu,Mars bleu + cancer colorectal + dépistage colon + coloscopie + cancer colon
2024-12-08,55,Mars bleu,Mars bleu + cancer colorectal + dépistage colon + coloscopie + cancer colon
2024-12-15,55,Mars bleu,Mars bleu + cancer colorectal + dépistage colon + coloscopie + cancer colon
2024-12-22,37,Mars bleu,Mars bleu + cancer colorectal + dépistage colon + coloscopie + cancer colon
2024-12-29,45,Mars bleu,Mars bleu + cancer colorectal + dépistage colon + coloscopie + cancer colon
2025-01-05,59,Mars bleu,Mars bleu + cancer colorectal + dépistage colon + coloscopie + cancer colon
2025-01-12,63,Mars bleu,Mars bleu + cancer colorectal + dépistage colon + coloscopie + cancer colon
2025-01-19,62,Mars bleu,Mars bleu + cancer colorectal + dépistage colon + coloscopie + cancer colon
2025-01-26,63,Mars bleu,Mars bleu + cancer colorectal + dépistage colon + coloscopie + cancer colon
2025-02-02,71,Mars bleu,Mars bleu + cancer colorectal + dépistage colon + coloscopie + cancer colon
2025-02-09,64,Mars bleu,Mars bleu + cancer colorectal + dépistage colon + coloscopie + cancer colon
2025-02-16,68,Mars bleu,Mars bleu + cancer colorectal + dépistage colon + coloscopie + cancer colon
2025-02-23,66,Mars bleu,Mars bleu + cancer colorectal + dépistage colon + coloscopie + cancer colon
2025-03-02,100,Mars bleu,Mars bleu + cancer colorectal + dépistage colon + coloscopie + cancer colon
2025-03-09,94,Mars bleu,Mars bleu + cancer colorectal + dépistage colon + coloscopie + cancer colon
2025-03-16,93,Mars bleu,Mars bleu + cancer colorectal + dépistage colon + coloscopie + cancer colon
2025-03-23,86,Mars bleu,Mars bleu + cancer colorectal + dépistage colon + coloscopie + cancer colon
2025-03-30,72,Mars bleu,Mars bleu + cancer colorectal + dépistage colon + coloscopie + cancer colon
2025-04-06,70,Mars bleu,Mars bleu + cancer colorectal + dépistage colon + coloscopie + cancer colon
2025-04-13,60,Mars bleu,Mars bleu + cancer colorectal + dépistage colon + coloscopie + cancer colon
2025-04-20,59,Mars bleu,Mars bleu + cancer colorectal + dépistage colon + coloscopie + cancer colon
2025-04-27,55,Mars bleu,Mars bleu + cancer colorectal + dépistage colon + coloscopie + cancer colon
2025-05-04,56,Mars bleu,Mars bleu + cancer colorectal + dépistage colon + coloscopie + cancer colon
2025-05-11,62,Mars bleu,Mars bleu + cancer colorectal + dépistage colon + coloscopie + cancer colon
2025-05-18,67,Mars bleu,Mars bleu + cancer colorectal + dépistage colon + coloscopie + cancer colon
2025-05-25,51,Mars bleu,Mars bleu + cancer colorectal + dépistage colon + coloscopie + cancer colon
2025-06-01,68,Mars bleu,Mars bleu + cancer colorectal + dépistage colon + coloscopie + cancer colon
2025-06-08,61,Mars bleu,Mars bleu + cancer colorectal + dépistage colon + coloscopie + cancer colon
2025-06-15,55,Mars bleu,Mars bleu + cancer colorectal + dépistage colon + coloscopie + cancer colon
2025-06-22,59,Mars bleu,Mars bleu + cancer colorectal + dépistage colon + coloscopie + cancer colon
2025-06-29,51,Mars bleu,Mars bleu + cancer colorectal + dépistage colon + coloscopie + cancer colon
2025-07-06,49,Mars bleu,Mars bleu + cancer colorectal + dépistage colon + coloscopie + cancer colon
2025-07-13,49,Mars bleu,Mars bleu + cancer colorectal + dépistage colon + coloscopie + cancer colon
2025-07-20,52,Mars bleu,Mars bleu + cancer colorectal + dépistage colon + coloscopie + cancer colon
2025-07-27,48,Mars bleu,Mars bleu + cancer colorectal + dépistage colon + coloscopie + cancer colon
2025-08-03,45,Mars bleu,Mars bleu + cancer colorectal + dépistage colon + coloscopie + cancer colon
2025-08-10,39,Mars bleu,Mars bleu + cancer colorectal + dépistage colon + coloscopie + cancer colon
2025-08-17,47,Mars bleu,Mars bleu + cancer colorectal + dépistage colon + coloscopie + cancer colon
2025-08-24,48,Mars bleu,Mars bleu + cancer colorectal + dépistage colon + coloscopie + cancer colon
2025-08-31,58,Mars bleu,Mars bleu + cancer colorectal + dépistage colon + coloscopie + cancer colon
2025-09-07,50,Mars bleu,Mars bleu + cancer colorectal + dépistage colon + coloscopie + cancer colon
2025-09-14,56,Mars bleu,Mars bleu + cancer colorectal + dépistage colon + coloscopie + cancer colon
2025-09-21,60,Mars bleu,Mars bleu + cancer colorectal + dépistage colon + coloscopie + cancer colon
2025-09-28,60,Mars bleu,Mars bleu + cancer colorectal + dépistage colon + coloscopie + cancer colon
2025-10-05,59,Mars bleu,Mars bleu + cancer colorectal + dépistage colon + coloscopie + cancer colon
2025-10-12,60,Mars bleu,Mars bleu + cancer colorectal + dépistage colon + coloscopie + cancer colon
2025-10-19,58,Mars bleu,Mars bleu + cancer colorectal + dépistage colon + coloscopie + cancer colon
2025-10-26,56,Mars bleu,Mars bleu + cancer colorectal + dépistage colon + coloscopie + cancer colon
2025-11-02,58,Mars bleu,Mars bleu + cancer colorectal + dépistage colon + coloscopie + cancer colon
2025-11-09,64,Mars bleu,Mars bleu + cancer colorectal + dépistage colon + coloscopie + cancer colon
2025-11-16,57,Mars bleu,Mars bleu + cancer colorectal + dépistage colon + coloscopie + cancer colon
2025-11-23,61,Mars bleu,Mars bleu + cancer colorectal + dépistage colon + coloscopie + cancer colon
2025-11-30,59,Mars bleu,Mars bleu + cancer colorectal + dépistage colon + coloscopie + cancer colon
2025-12-07,61,Mars bleu,Mars bleu + cancer colorectal + dépistage colon + coloscopie + cancer colon
2025-12-14,53,Mars bleu,Mars bleu + cancer colorectal + dépistage colon + coloscopie + cancer colon
2025-12-21,38,Mars bleu,Mars bleu + cancer colorectal + dépistage colon + coloscopie + cancer colon
2025-12-28,39,Mars bleu,Mars bleu + cancer colorectal + dépistage colon + coloscopie + cancer colon
2020-12-27,12,Mois sans tabac,Mois sans tabac + arrêter fumer + sevrage nicotine + substituts nicotine + stop tabac
2021-01-03,14,Mois sans tabac,Mois sans tabac + arrêter fumer + sevrage nicotine + substituts nicotine + stop tabac
2021-01-10,14,Mois sans tabac,Mois sans tabac + arrêter fumer + sevrage nicotine + substituts nicotine + stop tabac
2021-01-17,14,Mois sans tabac,Mois sans tabac + arrêter fumer + sevrage nicotine + substituts nicotine + stop tabac
2021-01-24,12,Mois sans tabac,Mois sans tabac + arrêter fumer + sevrage nicotine + substituts nicotine + stop tabac
2021-01-31,13,Mois sans tabac,Mois sans tabac + arrêter fumer + sevrage nicotine + substituts nicotine + stop tabac
2021-02-07,11,Mois sans tabac,Mois sans tabac + arrêter fumer + sevrage nicotine + substituts nicotine + stop tabac
2021-02-14,11,Mois sans tabac,Mois sans tabac + arrêter fumer + sevrage nicotine + substituts nicotine + stop tabac
2021-02-21,12,Mois sans tabac,Mois sans tabac + arrêter fumer + sevrage nicotine + substituts nicotine + stop tabac
2021-02-28,11,Mois sans tabac,Mois sans tabac + arrêter fumer + sevrage nicotine + substituts nicotine + stop tabac
2021-03-07,13,Mois sans tabac,Mois sans tabac + arrêter fumer + sevrage nicotine + substituts nicotine + stop tabac
2021-03-14,12,Mois sans tabac,Mois sans tabac + arrêter fumer + sevrage nicotine + substituts nicotine + stop tabac
2021-03-21,11,Mois sans tabac,Mois sans tabac + arrêter fumer + sevrage nicotine + substituts nicotine + stop tabac
2021-03-28,10,Mois sans tabac,Mois sans tabac + arrêter fumer + sevrage nicotine + substituts nicotine + stop tabac
2021-04-04,11,Mois sans tabac,Mois sans tabac + arrêter fumer + sevrage nicotine + substituts nicotine + stop tabac
2021-04-11,13,Mois sans tabac,Mois sans tabac + arrêter fumer + sevrage nicotine + substituts nicotine + stop tabac
2021-04-18,13,Mois sans tabac,Mois sans tabac + arrêter fumer + sevrage nicotine + substituts nicotine + stop tabac
2021-04-25,12,Mois sans tabac,Mois sans tabac + arrêter fumer + sevrage nicotine + substituts nicotine + stop tabac
2021-05-02,13,Mois sans tabac,Mois sans tabac + arrêter fumer + sevrage nicotine + substituts nicotine + stop tabac
2021-05-09,11,Mois sans tabac,Mois sans tabac + arrêter fumer + sevrage nicotine + substituts nicotine + stop tabac
2021-05-16,11,Mois sans tabac,Mois sans tabac + arrêter fumer + sevrage nicotine + substituts nicotine + stop tabac
2021-05-23,12,Mois sans tabac,Mois sans tabac + arrêter fumer + sevrage nicotine + substituts nicotine + stop tabac
2021-05-30,14,Mois sans tabac,Mois sans tabac + arrêter fumer + sevrage nicotine + substituts nicotine + stop tabac
2021-06-06,10,Mois sans tabac,Mois sans tabac + arrêter fumer + sevrage nicotine + substituts nicotine + stop tabac
2021-06-13,11,Mois sans tabac,Mois sans tabac + arrêter fumer + sevrage nicotine + substituts nicotine + stop tabac
2021-06-20,11,Mois sans tabac,Mois sans tabac + arrêter fumer + sevrage nicotine + substituts nicotine + stop tabac
2021-06-27,9,Mois sans tabac,Mois sans tabac + arrêter fumer + sevrage nicotine + substituts nicotine + stop tabac
2021-07-04,11,Mois sans tabac,Mois sans tabac + arrêter fumer + sevrage nicotine + substituts nicotine + stop tabac
2021-07-11,11,Mois sans tabac,Mois sans tabac + arrêter fumer + sevrage nicotine + substituts nicotine + stop tabac
2021-07-18,12,Mois sans tabac,Mois sans tabac + arrêter fumer + sevrage nicotine + substituts nicotine + stop tabac
2021-07-25,11,Mois sans tabac,Mois sans tabac + arrêter fumer + sevrage nicotine + substituts nicotine + stop tabac
2021-08-01,13,Mois sans tabac,Mois sans tabac + arrêter fumer + sevrage nicotine + substituts nicotine + stop tabac
2021-08-08,10,Mois sans tabac,Mois sans tabac + arrêter fumer + sevrage nicotine + substituts nicotine + stop tabac
2021-08-15,13,Mois sans tabac,Mois sans tabac + arrêter fumer + sevrage nicotine + substituts nicotine + stop tabac
2021-08-22,14,Mois sans tabac,Mois sans tabac + arrêter fumer + sevrage nicotine + substituts nicotine + stop tabac
2021-08-29,12,Mois sans tabac,Mois sans tabac + arrêter fumer + sevrage nicotine + substituts nicotine + stop tabac
2021-09-05,16,Mois sans tabac,Mois sans tabac + arrêter fumer + sevrage nicotine + substituts nicotine + stop tabac
2021-09-12,13,Mois sans tabac,Mois sans tabac + arrêter fumer + sevrage nicotine + substituts nicotine + stop tabac
2021-09-19,15,Mois sans tabac,Mois sans tabac + arrêter fumer + sevrage nicotine + substituts nicotine + stop tabac
2021-09-26,18,Mois sans tabac,Mois sans tabac + arrêter fumer + sevrage nicotine + substituts nicotine + stop tabac
2021-10-03,32,Mois sans tabac,Mois sans tabac + arrêter fumer + sevrage nicotine + substituts nicotine + stop tabac
2021-10-10,35,Mois sans tabac,Mois sans tabac + arrêter fumer + sevrage nicotine + substituts nicotine + stop tabac
2021-10-17,41,Mois sans tabac,Mois sans tabac + arrêter fumer + sevrage nicotine + substituts nicotine + stop tabac
2021-10-24,50,Mois sans tabac,Mois sans tabac + arrêter fumer + sevrage nicotine + substituts nicotine + stop tabac
2021-10-31,60,Mois sans tabac,Mois sans tabac + arrêter fumer + sevrage nicotine + substituts nicotine + stop tabac
2021-11-07,29,Mois sans tabac,Mois sans tabac + arrêter fumer + sevrage nicotine + substituts nicotine + stop tabac
2021-11-14,23,Mois sans tabac,Mois sans tabac + arrêter fumer + sevrage nicotine + substituts nicotine + stop tabac
2021-11-21,18,Mois sans tabac,Mois sans tabac + arrêter fumer + sevrage nicotine + substituts nicotine + stop tabac
2021-11-28,17,Mois sans tabac,Mois sans tabac + arrêter fumer + sevrage nicotine + substituts nicotine + stop tabac
2021-12-05,14,Mois sans tabac,Mois sans tabac + arrêter fumer + sevrage nicotine + substituts nicotine + stop tabac
2021-12-12,10,Mois sans tabac,Mois sans tabac + arrêter fumer + sevrage nicotine + substituts nicotine + stop tabac
2021-12-19,11,Mois sans tabac,Mois sans tabac + arrêter fumer + sevrage nicotine + substituts nicotine + stop tabac
2021-12-26,12,Mois sans tabac,Mois sans tabac + arrêter fumer + sevrage nicotine + substituts nicotine + stop tabac
2022-01-02,17,Mois sans tabac,Mois sans tabac + arrêter fumer + sevrage nicotine + substituts nicotine + stop tabac
2022-01-09,14,Mois sans tabac,Mois sans tabac + arrêter fumer + sevrage nicotine + substituts nicotine + stop tabac
2022-01-16,15,Mois sans tabac,Mois sans tabac + arrêter fumer + sevrage nicotine + substituts nicotine + stop tabac
2022-01-23,13,Mois sans tabac,Mois sans tabac + arrêter fumer + sevrage nicotine + substituts nicotine + stop tabac
2022-01-30,15,Mois sans tabac,Mois sans tabac + arrêter fumer + sevrage nicotine + substituts nicotine + stop tabac
2022-02-06,14,Mois sans tabac,Mois sans tabac + arrêter fumer + sevrage nicotine + substituts nicotine + stop tabac
2022-02-13,12,Mois sans tabac,Mois sans tabac + arrêter fumer + sevrage nicotine + substituts nicotine + stop tabac
2022-02-20,16,Mois sans tabac,Mois sans tabac + arrêter fumer + sevrage nicotine + substituts nicotine + stop tabac
2022-02-27,14,Mois sans tabac,Mois sans tabac + arrêter fumer + sevrage nicotine + substituts nicotine + stop tabac
2022-03-06,15,Mois sans tabac,Mois sans tabac + arrêter fumer + sevrage nicotine + substituts nicotine + stop tabac
2022-03-13,13,Mois sans tabac,Mois sans tabac + arrêter fumer + sevrage nicotine + substituts nicotine + stop tabac
2022-03-20,15,Mois sans tabac,Mois sans tabac + arrêter fumer + sevrage nicotine + substituts nicotine + stop tabac
2022-03-27,15,Mois sans tabac,Mois sans tabac + arrêter fumer + sevrage nicotine + substituts nicotine + stop tabac
2022-04-03,14,Mois sans tabac,Mois sans tabac + arrêter fumer + sevrage nicotine + substituts nicotine + stop tabac
2022-04-10,12,Mois sans tabac,Mois sans tabac + arrêter fumer + sevrage nicotine + substituts nicotine + stop tabac
2022-04-17,15,Mois sans tabac,Mois sans tabac + arrêter fumer + sevrage nicotine + substituts nicotine + stop tabac
2022-04-24,15,Mois sans tabac,Mois sans tabac + arrêter fumer + sevrage nicotine + substituts nicotine + stop tabac
2022-05-01,14,Mois sans tabac,Mois sans tabac + arrêter fumer + sevrage nicotine + substituts nicotine + stop tabac
2022-05-08,15,Mois sans tabac,Mois sans tabac + arrêter fumer + sevrage nicotine + substituts nicotine + stop tabac
2022-05-15,14,Mois sans tabac,Mois sans tabac + arrêter fumer + sevrage nicotine + substituts nicotine + stop tabac
2022-05-22,15,Mois sans tabac,Mois sans tabac + arrêter fumer + sevrage nicotine + substituts nicotine + stop tabac
2022-05-29,16,Mois sans tabac,Mois sans tabac + arrêter fumer + sevrage nicotine + substituts nicotine + stop tabac
2022-06-05,13,Mois sans tabac,Mois sans tabac + arrêter fumer + sevrage nicotine + substituts nicotine + stop tabac
2022-06-12,13,Mois sans tabac,Mois sans tabac + arrêter fumer + sevrage nicotine + substituts nicotine + stop tabac
2022-06-19,14,Mois sans tabac,Mois sans tabac + arrêter fumer + sevrage nicotine + substituts nicotine + stop tabac
2022-06-26,13,Mois sans tabac,Mois sans tabac + arrêter fumer + sevrage nicotine + substituts nicotine + stop tabac
2022-07-03,12,Mois sans tabac,Mois sans tabac + arrêter fumer + sevrage nicotine + substituts nicotine + stop tabac
2022-07-10,11,Mois sans tabac,Mois sans tabac + arrêter fumer + sevrage nicotine + substituts nicotine + stop tabac
2022-07-17,13,Mois sans tabac,Mois sans tabac + arrêter fumer + sevrage nicotine + substituts nicotine + stop tabac
2022-07-24,15,Mois sans tabac,Mois sans tabac + arrêter fumer + sevrage nicotine + substituts nicotine + stop tabac
2022-07-31,12,Mois sans tabac,Mois sans tabac + arrêter fumer + sevrage nicotine + substituts nicotine + stop tabac
2022-08-07,13,Mois sans tabac,Mois sans tabac + arrêter fumer + sevrage nicotine + substituts nicotine + stop tabac
2022-08-14,15,Mois sans tabac,Mois sans tabac + arrêter fumer + sevrage nicotine + substituts nicotine + stop tabac
2022-08-21,15,Mois sans tabac,Mois sans tabac + arrêter fumer + sevrage nicotine + substituts nicotine + stop tabac
2022-08-28,18,Mois sans tabac,Mois sans tabac + arrêter fumer + sevrage nicotine + substituts nicotine + stop tabac
2022-09-04,15,Mois sans tabac,Mois sans tabac + arrêter fumer + sevrage nicotine + substituts nicotine + stop tabac
2022-09-11,16,Mois sans tabac,Mois sans tabac + arrêter fumer + sevrage nicotine + substituts nicotine + stop tabac
2022-09-18,17,Mois sans tabac,Mois sans tabac + arrêter fumer + sevrage nicotine + substituts nicotine + stop tabac
2022-09-25,22,Mois sans tabac,Mois sans tabac + arrêter fumer + sevrage nicotine + substituts nicotine + stop tabac
2022-10-02,26,Mois sans tabac,Mois sans tabac + arrêter fumer + sevrage nicotine + substituts nicotine + stop tabac
2022-10-09,37,Mois sans tabac,Mois sans tabac + arrêter fumer + sevrage nicotine + substituts nicotine + stop tabac
2022-10-16,43,Mois sans tabac,Mois sans tabac + arrêter fumer + sevrage nicotine + substituts nicotine + stop tabac
2022-10-23,57,Mois sans tabac,Mois sans tabac + arrêter fumer + sevrage nicotine + substituts nicotine + stop tabac
2022-10-30,80,Mois sans tabac,Mois sans tabac + arrêter fumer + sevrage nicotine + substituts nicotine + stop tabac
2022-11-06,34,Mois sans tabac,Mois sans tabac + arrêter fumer + sevrage nicotine + substituts nicotine + stop tabac
2022-11-13,25,Mois sans tabac,Mois sans tabac + arrêter fumer + sevrage nicotine + substituts nicotine + stop tabac
2022-11-20,17,Mois sans tabac,Mois sans tabac + arrêter fumer + sevrage nicotine + substituts nicotine + stop tabac
2022-11-27,17,Mois sans tabac,Mois sans tabac + arrêter fumer + sevrage nicotine + substituts nicotine + stop tabac
2022-12-04,12,Mois sans tabac,Mois sans tabac + arrêter fumer + sevrage nicotine + substituts nicotine + stop tabac
2022-12-11,11,Mois sans tabac,Mois sans tabac + arrêter fumer + sevrage nicotine + substituts nicotine + stop tabac
2022-12-18,12,Mois sans tabac,Mois sans tabac + arrêter fumer + sevrage nicotine + substituts nicotine + stop tabac
2022-12-25,16,Mois sans tabac,Mois sans tabac + arrêter fumer + sevrage nicotine + substituts nicotine + stop tabac
2023-01-01,22,Mois sans tabac,Mois sans tabac + arrêter fumer + sevrage nicotine + substituts nicotine + stop tabac
2023-01-08,19,Mois sans tabac,Mois sans tabac + arrêter fumer + sevrage nicotine + substituts nicotine + stop tabac
2023-01-15,15,Mois sans tabac,Mois sans tabac + arrêter fumer + sevrage nicotine + substituts nicotine + stop tabac
2023-01-22,16,Mois sans tabac,Mois sans tabac + arrêter fumer + sevrage nicotine + substituts nicotine + stop tabac
2023-01-29,17,Mois sans tabac,Mois sans tabac + arrêter fumer + sevrage nicotine + substituts nicotine + stop tabac
2023-02-05,15,Mois sans tabac,Mois sans tabac + arrêter fumer + sevrage nicotine + substituts nicotine + stop tabac
2023-02-12,16,Mois sans tabac,Mois sans tabac + arrêter fumer + sevrage nicotine + substituts nicotine + stop tabac
2023-02-19,16,Mois sans tabac,Mois sans tabac + arrêter fumer + sevrage nicotine + substituts nicotine + stop tabac
2023-02-26,20,Mois sans tabac,Mois sans tabac + arrêter fumer + sevrage nicotine + substituts nicotine + stop tabac
2023-03-05,18,Mois sans tabac,Mois sans tabac + arrêter fumer + sevrage nicotine + substituts nicotine + stop tabac
2023-03-12,17,Mois sans tabac,Mois sans tabac + arrêter fumer + sevrage nicotine + substituts nicotine + stop tabac
2023-03-19,18,Mois sans tabac,Mois sans tabac + arrêter fumer + sevrage nicotine + substituts nicotine + stop tabac
2023-03-26,16,Mois sans tabac,Mois sans tabac + arrêter fumer + sevrage nicotine + substituts nicotine + stop tabac
2023-04-02,16,Mois sans tabac,Mois sans tabac + arrêter fumer + sevrage nicotine + substituts nicotine + stop tabac
2023-04-09,16,Mois sans tabac,Mois sans tabac + arrêter fumer + sevrage nicotine + substituts nicotine + stop tabac
2023-04-16,15,Mois sans tabac,Mois sans tabac + arrêter fumer + sevrage nicotine + substituts nicotine + stop tabac
2023-04-23,16,Mois sans tabac,Mois sans tabac + arrêter fumer + sevrage nicotine + substituts nicotine + stop tabac
2023-04-30,14,Mois sans tabac,Mois sans tabac + arrêter fumer + sevrage nicotine + substituts nicotine + stop tabac
2023-05-07,16,Mois sans tabac,Mois sans tabac + arrêter fumer + sevrage nicotine + substituts nicotine + stop tabac
2023-05-14,13,Mois sans tabac,Mois sans tabac + arrêter fumer + sevrage nicotine + substituts nicotine + stop tabac
2023-05-21,16,Mois sans tabac,Mois sans tabac + arrêter fumer + sevrage nicotine + substituts nicotine + stop tabac
2023-05-28,16,Mois sans tabac,Mois sans tabac + arrêter fumer + sevrage nicotine + substituts nicotine + stop tabac
2023-06-04,14,Mois sans tabac,Mois sans tabac + arrêter fumer + sevrage nicotine + substituts nicotine + stop tabac
2023-06-11,14,Mois sans tabac,Mois sans tabac + arrêter fumer + sevrage nicotine + substituts nicotine + stop tabac
2023-06-18,14,Mois sans tabac,Mois sans tabac + arrêter fumer + sevrage nicotine + substituts nicotine + stop tabac
2023-06-25,14,Mois sans tabac,Mois sans tabac + arrêter fumer + sevrage nicotine + substituts nicotine + stop tabac
2023-07-02,15,Mois sans tabac,Mois sans tabac + arrêter fumer + sevrage nicotine + substituts nicotine + stop tabac
2023-07-09,12,Mois sans tabac,Mois sans tabac + arrêter fumer + sevrage nicotine + substituts nicotine + stop tabac
2023-07-16,14,Mois sans tabac,Mois sans tabac + arrêter fumer + sevrage nicotine + substituts nicotine + stop tabac
2023-07-23,13,Mois sans tabac,Mois sans tabac + arrêter fumer + sevrage nicotine + substituts nicotine + stop tabac
2023-07-30,14,Mois sans tabac,Mois sans tabac + arrêter fumer + sevrage nicotine + substituts nicotine + stop tabac
2023-08-06,13,Mois sans tabac,Mois sans tabac + arrêter fumer + sevrage nicotine + substituts nicotine + stop tabac
2023-08-13,14,Mois sans tabac,Mois sans tabac + arrêter fumer + sevrage nicotine + substituts nicotine + stop tabac
2023-08-20,14,Mois sans tabac,Mois sans tabac + arrêter fumer + sevrage nicotine + substituts nicotine + stop tabac
2023-08-27,17,Mois sans tabac,Mois sans tabac + arrêter fumer + sevrage nicotine + substituts nicotine + stop tabac
2023-09-03,19,Mois sans tabac,Mois sans tabac + arrêter fumer + sevrage nicotine + substituts nicotine + stop tabac
2023-09-10,18,Mois sans tabac,Mois sans tabac + arrêter fumer + sevrage nicotine + substituts nicotine + stop tabac
2023-09-17,17,Mois sans tabac,Mois sans tabac + arrêter fumer + sevrage nicotine + substituts nicotine + stop tabac
2023-09-24,18,Mois sans tabac,Mois sans tabac + arrêter fumer + sevrage nicotine + substituts nicotine + stop tabac
2023-10-01,36,Mois sans tabac,Mois sans tabac + arrêter fumer + sevrage nicotine + substituts nicotine + stop tabac
2023-10-08,42,Mois sans tabac,Mois sans tabac + arrêter fumer + sevrage nicotine + substituts nicotine + stop tabac
2023-10-15,57,Mois sans tabac,Mois sans tabac + arrêter fumer + sevrage nicotine + substituts nicotine + stop tabac
2023-10-22,84,Mois sans tabac,Mois sans tabac + arrêter fumer + sevrage nicotine + substituts nicotine + stop tabac
2023-10-29,100,Mois sans tabac,Mois sans tabac + arrêter fumer + sevrage nicotine + substituts nicotine + stop tabac
2023-11-05,43,Mois sans tabac,Mois sans tabac + arrêter fumer + sevrage nicotine + substituts nicotine + stop tabac
2023-11-12,28,Mois sans tabac,Mois sans tabac + arrêter fumer + sevrage nicotine + substituts nicotine + stop tabac
2023-11-19,21,Mois sans tabac,Mois sans tabac + arrêter fumer + sevrage nicotine + substituts nicotine + stop tabac
2023-11-26,20,Mois sans tabac,Mois sans tabac + arrêter fumer + sevrage nicotine + substituts nicotine + stop tabac
2023-12-03,15,Mois sans tabac,Mois sans tabac + arrêter fumer + sevrage nicotine + substituts nicotine + stop tabac
2023-12-10,16,Mois sans tabac,Mois sans tabac + arrêter fumer + sevrage nicotine + substituts nicotine + stop tabac
2023-12-17,15,Mois sans tabac,Mois sans tabac + arrêter fumer + sevrage nicotine + substituts nicotine + stop tabac
2023-12-24,17,Mois sans tabac,Mois sans tabac + arrêter fumer + sevrage nicotine + substituts nicotine + stop tabac
2023-12-31,24,Mois sans tabac,Mois sans tabac + arrêter fumer + sevrage nicotine + substituts nicotine + stop tabac
2024-01-07,18,Mois sans tabac,Mois sans tabac + arrêter fumer + sevrage nicotine + substituts nicotine + stop tabac
2024-01-14,17,Mois sans tabac,Mois sans tabac + arrêter fumer + sevrage nicotine + substituts nicotine + stop tabac
2024-01-21,16,Mois sans tabac,Mois sans tabac + arrêter fumer + sevrage nicotine + substituts nicotine + stop tabac
2024-01-28,16,Mois sans tabac,Mois sans tabac + arrêter fumer + sevrage nicotine + substituts nicotine + stop tabac
2024-02-04,15,Mois sans tabac,Mois sans tabac + arrêter fumer + sevrage nicotine + substituts nicotine + stop tabac
2024-02-11,15,Mois sans tabac,Mois sans tabac + arrêter fumer + sevrage nicotine + substituts nicotine + stop tabac
2024-02-18,16,Mois sans tabac,Mois sans tabac + arrêter fumer + sevrage nicotine + substituts nicotine + stop tabac
2024-02-25,14,Mois sans tabac,Mois sans tabac + arrêter fumer + sevrage nicotine + substituts nicotine + stop tabac
2024-03-03,14,Mois sans tabac,Mois sans tabac + arrêter fumer + sevrage nicotine + substituts nicotine + stop tabac
2024-03-10,15,Mois sans tabac,Mois sans tabac + arrêter fumer + sevrage nicotine + substituts nicotine + stop tabac
2024-03-17,11,Mois sans tabac,Mois sans tabac + arrêter fumer + sevrage nicotine + substituts nicotine + stop tabac
2024-03-24,14,Mois sans tabac,Mois sans tabac + arrêter fumer + sevrage nicotine + substituts nicotine + stop tabac
2024-03-31,14,Mois sans tabac,Mois sans tabac + arrêter fumer + sevrage nicotine + substituts nicotine + stop tabac
2024-04-07,14,Mois sans tabac,Mois sans tabac + arrêter fumer + sevrage nicotine + substituts nicotine + stop tabac
2024-04-14,14,Mois sans tabac,Mois sans tabac + arrêter fumer + sevrage nicotine + substituts nicotine + stop tabac
2024-04-21,15,Mois sans tabac,Mois sans tabac + arrêter fumer + sevrage nicotine + substituts nicotine + stop tabac
2024-04-28,12,Mois sans tabac,Mois sans tabac + arrêter fumer + sevrage nicotine + substituts nicotine + stop tabac
2024-05-05,14,Mois sans tabac,Mois sans tabac + arrêter fumer + sevrage nicotine + substituts nicotine + stop tabac
2024-05-12,13,Mois sans tabac,Mois sans tabac + arrêter fumer + sevrage nicotine + substituts nicotine + stop tabac
2024-05-19,12,Mois sans tabac,Mois sans tabac + arrêter fumer + sevrage nicotine + substituts nicotine + stop tabac
2024-05-26,14,Mois sans tabac,Mois sans tabac + arrêter fumer + sevrage nicotine + substituts nicotine + stop tabac
2024-06-02,14,Mois sans tabac,Mois sans tabac + arrêter fumer + sevrage nicotine + substituts nicotine + stop tabac
2024-06-09,13,Mois sans tabac,Mois sans tabac + arrêter fumer + sevrage nicotine + substituts nicotine + stop tabac
2024-06-16,14,Mois sans tabac,Mois sans tabac + arrêter fumer + sevrage nicotine + substituts nicotine + stop tabac
2024-06-23,13,Mois sans tabac,Mois sans tabac + arrêter fumer + sevrage nicotine + substituts nicotine + stop tabac
2024-06-30,11,Mois sans tabac,Mois sans tabac + arrêter fumer + sevrage nicotine + substituts nicotine + stop tabac
2024-07-07,13,Mois sans tabac,Mois sans tabac + arrêter fumer + sevrage nicotine + substituts nicotine + stop tabac
2024-07-14,13,Mois sans tabac,Mois sans tabac + arrêter fumer + sevrage nicotine + substituts nicotine + stop tabac
2024-07-21,12,Mois sans tabac,Mois sans tabac + arrêter fumer + sevrage nicotine + substituts nicotine + stop tabac
2024-07-28,11,Mois sans tabac,Mois sans tabac + arrêter fumer + sevrage nicotine + substituts nicotine + stop tabac
2024-08-04,13,Mois sans tabac,Mois sans tabac + arrêter fumer + sevrage nicotine + substituts nicotine + stop tabac
2024-08-11,15,Mois sans tabac,Mois sans tabac + arrêter fumer + sevrage nicotine + substituts nicotine + stop tabac
2024-08-18,14,Mois sans tabac,Mois sans tabac + arrêter fumer + sevrage nicotine + substituts nicotine + stop tabac
2024-08-25,15,Mois sans tabac,Mois sans tabac + arrêter fumer + sevrage nicotine + substituts nicotine + stop tabac
2024-09-01,19,Mois sans tabac,Mois sans tabac + arrêter fumer + sevrage nicotine + substituts nicotine + stop tabac
2024-09-08,16,Mois sans tabac,Mois sans tabac + arrêter fumer + sevrage nicotine + substituts nicotine + stop tabac
2024-09-15,19,Mois sans tabac,Mois sans tabac + arrêter fumer + sevrage nicotine + substituts nicotine + stop tabac
2024-09-22,18,Mois sans tabac,Mois sans tabac + arrêter fumer + sevrage nicotine + substituts nicotine + stop tabac
2024-09-29,23,Mois sans tabac,Mois sans tabac + arrêter fumer + sevrage nicotine + substituts nicotine + stop tabac
2024-10-06,42,Mois sans tabac,Mois sans tabac + arrêter fumer + sevrage nicotine + substituts nicotine + stop tabac
2024-10-13,51,Mois sans tabac,Mois sans tabac + arrêter fumer + sevrage nicotine + substituts nicotine + stop tabac
2024-10-20,62,Mois sans tabac,Mois sans tabac + arrêter fumer + sevrage nicotine + substituts nicotine + stop tabac
2024-10-27,71,Mois sans tabac,Mois sans tabac + arrêter fumer + sevrage nicotine + substituts nicotine + stop tabac
2024-11-03,45,Mois sans tabac,Mois sans tabac + arrêter fumer + sevrage nicotine + substituts nicotine + stop tabac
2024-11-10,27,Mois sans tabac,Mois sans tabac + arrêter fumer + sevrage nicotine + substituts nicotine + stop tabac
2024-11-17,22,Mois sans tabac,Mois sans tabac + arrêter fumer + sevrage nicotine + substituts nicotine + stop tabac
2024-11-24,18,Mois sans tabac,Mois sans tabac + arrêter fumer + sevrage nicotine + substituts nicotine + stop tabac
2024-12-01,15,Mois sans tabac,Mois sans tabac + arrêter fumer + sevrage nicotine + substituts nicotine + stop tabac
2024-12-08,14,Mois sans tabac,Mois sans tabac + arrêter fumer + sevrage nicotine + substituts nicotine + stop tabac
2024-12-15,12,Mois sans tabac,Mois sans tabac + arrêter fumer + sevrage nicotine + substituts nicotine + stop tabac
2024-12-22,13,Mois sans tabac,Mois sans tabac + arrêter fumer + sevrage nicotine + substituts nicotine + stop tabac
2024-12-29,21,Mois sans tabac,Mois sans tabac + arrêter fumer + sevrage nicotine + substituts nicotine + stop tabac
2025-01-05,18,Mois sans tabac,Mois sans tabac + arrêter fumer + sevrage nicotine + substituts nicotine + stop tabac
2025-01-12,17,Mois sans tabac,Mois sans tabac + arrêter fumer + sevrage nicotine + substituts nicotine + stop tabac
2025-01-19,17,Mois sans tabac,Mois sans tabac + arrêter fumer + sevrage nicotine + substituts nicotine + stop tabac
2025-01-26,18,Mois sans tabac,Mois sans tabac + arrêter fumer + sevrage nicotine + substituts nicotine + stop tabac
2025-02-02,17,Mois sans tabac,Mois sans tabac + arrêter fumer + sevrage nicotine + substituts nicotine + stop tabac
2025-02-09,18,Mois sans tabac,Mois sans tabac + arrêter fumer + sevrage nicotine + substituts nicotine + stop tabac
2025-02-16,16,Mois sans tabac,Mois sans tabac + arrêter fumer + sevrage nicotine + substituts nicotine + stop tabac
2025-02-23,17,Mois sans tabac,Mois sans tabac + arrêter fumer + sevrage nicotine + substituts nicotine + stop tabac
2025-03-02,19,Mois sans tabac,Mois sans tabac + arrêter fumer + sevrage nicotine + substituts nicotine + stop tabac
2025-03-09,14,Mois sans tabac,Mois sans tabac + arrêter fumer + sevrage nicotine + substituts nicotine + stop tabac
2025-03-16,15,Mois sans tabac,Mois sans tabac + arrêter fumer + sevrage nicotine + substituts nicotine + stop tabac
2025-03-23,15,Mois sans tabac,Mois sans tabac + arrêter fumer + sevrage nicotine + substituts nicotine + stop tabac
2025-03-30,14,Mois sans tabac,Mois sans tabac + arrêter fumer + sevrage nicotine + substituts nicotine + stop tabac
2025-04-06,13,Mois sans tabac,Mois sans tabac + arrêter fumer + sevrage nicotine + substituts nicotine + stop tabac
2025-04-13,12,Mois sans tabac,Mois sans tabac + arrêter fumer + sevrage nicotine + substituts nicotine + stop tabac
2025-04-20,14,Mois sans tabac,Mois sans tabac + arrêter fumer + sevrage nicotine + substituts nicotine + stop tabac
2025-04-27,14,Mois sans tabac,Mois sans tabac + arrêter fumer + sevrage nicotine + substituts nicotine + stop tabac
2025-05-04,11,Mois sans tabac,Mois sans tabac + arrêter fumer + sevrage nicotine + substituts nicotine + stop tabac
2025-05-11,15,Mois sans tabac,Mois sans tabac + arrêter fumer + sevrage nicotine + substituts nicotine + stop tabac
2025-05-18,15,Mois sans tabac,Mois sans tabac + arrêter fumer + sevrage nicotine + substituts nicotine + stop tabac
2025-05-25,14,Mois sans tabac,Mois sans tabac + arrêter fumer + sevrage nicotine + substituts nicotine + stop tabac
2025-06-01,15,Mois sans tabac,Mois sans tabac + arrêter fumer + sevrage nicotine + substituts nicotine + stop tabac
2025-06-08,12,Mois sans tabac,Mois sans tabac + arrêter fumer + sevrage nicotine + substituts nicotine + stop tabac
2025-06-15,13,Mois sans tabac,Mois sans tabac + arrêter fumer + sevrage nicotine + substituts nicotine + stop tabac
2025-06-22,13,Mois sans tabac,Mois sans tabac + arrêter fumer + sevrage nicotine + substituts nicotine + stop tabac
2025-06-29,11,Mois sans tabac,Mois sans tabac + arrêter fumer + sevrage nicotine + substituts nicotine + stop tabac
2025-07-06,14,Mois sans tabac,Mois sans tabac + arrêter fumer + sevrage nicotine + substituts nicotine + stop tabac
2025-07-13,12,Mois sans tabac,Mois sans tabac + arrêter fumer + sevrage nicotine + substituts nicotine + stop tabac
2025-07-20,14,Mois sans tabac,Mois sans tabac + arrêter fumer + sevrage nicotine + substituts nicotine + stop tabac
2025-07-27,14,Mois sans tabac,Mois sans tabac + arrêter fumer + sevrage nicotine + substituts nicotine + stop tabac
2025-08-03,14,Mois sans tabac,Mois sans tabac + arrêter fumer + sevrage nicotine + substituts nicotine + stop tabac
2025-08-10,14,Mois sans tabac,Mois sans tabac + arrêter fumer + sevrage nicotine + substituts nicotine + stop tabac
2025-08-17,15,Mois sans tabac,Mois sans tabac + arrêter fumer + sevrage nicotine + substituts nicotine + stop tabac
2025-08-24,15,Mois sans tabac,Mois sans tabac + arrêter fumer + sevrage nicotine + substituts nicotine + stop tabac
2025-08-31,16,Mois sans tabac,Mois sans tabac + arrêter fumer + sevrage nicotine + substituts nicotine + stop tabac
2025-09-07,17,Mois sans tabac,Mois sans tabac + arrêter fumer + sevrage nicotine + substituts nicotine + stop tabac
2025-09-14,17,Mois sans tabac,Mois sans tabac + arrêter fumer + sevrage nicotine + substituts nicotine + stop tabac
2025-09-21,18,Mois sans tabac,Mois sans tabac + arrêter fumer + sevrage nicotine + substituts nicotine + stop tabac
2025-09-28,28,Mois sans tabac,Mois sans tabac + arrêter fumer + sevrage nicotine + substituts nicotine + stop tabac
2025-10-05,35,Mois sans tabac,Mois sans tabac + arrêter fumer + sevrage nicotine + substituts nicotine + stop tabac
2025-10-12,46,Mois sans tabac,Mois sans tabac + arrêter fumer + sevrage nicotine + substituts nicotine + stop tabac
2025-10-19,44,Mois sans tabac,Mois sans tabac + arrêter fumer + sevrage nicotine + substituts nicotine + stop tabac
2025-10-26,64,Mois sans tabac,Mois sans tabac + arrêter fumer + sevrage nicotine + substituts nicotine + stop tabac
2025-11-02,51,Mois sans tabac,Mois sans tabac + arrêter fumer + sevrage nicotine + substituts nicotine + stop tabac
2025-11-09,27,Mois sans tabac,Mois sans tabac + arrêter fumer + sevrage nicotine + substituts nicotine + stop tabac
2025-11-16,21,Mois sans tabac,Mois sans tabac + arrêter fumer + sevrage nicotine + substituts nicotine + stop tabac
2025-11-23,18,Mois sans tabac,Mois sans tabac + arrêter fumer + sevrage nicotine + substituts nicotine + stop tabac
2025-11-30,16,Mois sans tabac,Mois sans tabac + arrêter fumer + sevrage nicotine + substituts nicotine + stop tabac
2025-12-07,15,Mois sans tabac,Mois sans tabac + arrêter fumer + sevrage nicotine + substituts nicotine + stop tabac
2025-12-14,13,Mois sans tabac,Mois sans tabac + arrêter fumer + sevrage nicotine + substituts nicotine + stop tabac
2025-12-21,10,Mois sans tabac,Mois sans tabac + arrêter fumer + sevrage nicotine + substituts nicotine + stop tabac
2025-12-28,15,Mois sans tabac,Mois sans tabac + arrêter fumer + sevrage nicotine + substituts nicotine + stop tabac
2020-12-27,19,Movember,Movember + cancer prostate + dépistage prostate + santé homme + moustache movember
2021-01-03,21,Movember,Movember + cancer prostate + dépistage prostate + santé homme + moustache movember
2021-01-10,22,Movember,Movember + cancer prostate + dépistage prostate + santé homme + moustache movember
2021-01-17,24,Movember,Movember + cancer prostate + dépistage prostate + santé homme + moustache movember
2021-01-24,21,Movember,Movember + cancer prostate + dépistage prostate + santé homme + moustache movember
2021-01-31,23,Movember,Movember + cancer prostate + dépistage prostate + santé homme + moustache movember
2021-02-07,20,Movember,Movember + cancer prostate + dépistage prostate + santé homme + moustache movember
2021-02-14,23,Movember,Movember + cancer prostate + dépistage prostate + santé homme + moustache movember
2021-02-21,22,Movember,Movember + cancer prostate + dépistage prostate + santé homme + moustache movember
2021-02-28,22,Movember,Movember + cancer prostate + dépistage prostate + santé homme + moustache movember
2021-03-07,21,Movember,Movember + cancer prostate + dépistage prostate + santé homme + moustache movember
2021-03-14,21,Movember,Movember + cancer prostate + dépistage prostate + santé homme + moustache movember
2021-03-21,21,Movember,Movember + cancer prostate + dépistage prostate + santé homme + moustache movember
2021-03-28,20,Movember,Movember + cancer prostate + dépistage prostate + santé homme + moustache movember
2021-04-04,19,Movember,Movember + cancer prostate + dépistage prostate + santé homme + moustache movember
2021-04-11,23,Movember,Movember + cancer prostate + dépistage prostate + santé homme + moustache movember
2021-04-18,20,Movember,Movember + cancer prostate + dépistage prostate + santé homme + moustache movember
2021-04-25,21,Movember,Movember + cancer prostate + dépistage prostate + santé homme + moustache movember
2021-05-02,20,Movember,Movember + cancer prostate + dépistage prostate + santé homme + moustache movember
2021-05-09,20,Movember,Movember + cancer prostate + dépistage prostate + santé homme + moustache movember
2021-05-16,25,Movember,Movember + cancer prostate + dépistage prostate + santé homme + moustache movember
2021-05-23,23,Movember,Movember + cancer prostate + dépistage prostate + santé homme + moustache movember
2021-05-30,21,Movember,Movember + cancer prostate + dépistage prostate + santé homme + moustache movember
2021-06-06,22,Movember,Movember + cancer prostate + dépistage prostate + santé homme + moustache movember
2021-06-13,20,Movember,Movember + cancer prostate + dépistage prostate + santé homme + moustache movember
2021-06-20,21,Movember,Movember + cancer prostate + dépistage prostate + santé homme + moustache movember
2021-06-27,19,Movember,Movember + cancer prostate + dépistage prostate + santé homme + moustache movember
2021-07-04,20,Movember,Movember + cancer prostate + dépistage prostate + santé homme + moustache movember
2021-07-11,19,Movember,Movember + cancer prostate + dépistage prostate + santé homme + moustache movember
2021-07-18,19,Movember,Movember + cancer prostate + dépistage prostate + santé homme + moustache movember
2021-07-25,18,Movember,Movember + cancer prostate + dépistage prostate + santé homme + moustache movember
2021-08-01,17,Movember,Movember + cancer prostate + dépistage prostate + santé homme + moustache movember
2021-08-08,18,Movember,Movember + cancer prostate + dépistage prostate + santé homme + moustache movember
2021-08-15,19,Movember,Movember + cancer prostate + dépistage prostate + santé homme + moustache movember
2021-08-22,19,Movember,Movember + cancer prostate + dépistage prostate + santé homme + moustache movember
2021-08-29,20,Movember,Movember + cancer prostate + dépistage prostate + santé homme + moustache movember
2021-09-05,20,Movember,Movember + cancer prostate + dépistage prostate + santé homme + moustache movember
2021-09-12,21,Movember,Movember + cancer prostate + dépistage prostate + santé homme + moustache movember
2021-09-19,32,Movember,Movember + cancer prostate + dépistage prostate + santé homme + moustache movember
2021-09-26,27,Movember,Movember + cancer prostate + dépistage prostate + santé homme + moustache movember
2021-10-03,28,Movember,Movember + cancer prostate + dépistage prostate + santé homme + moustache movember
2021-10-10,29,Movember,Movember + cancer prostate + dépistage prostate + santé homme + moustache movember
2021-10-17,31,Movember,Movember + cancer prostate + dépistage prostate + santé homme + moustache movember
2021-10-24,41,Movember,Movember + cancer prostate + dépistage prostate + santé homme + moustache movember
2021-10-31,75,Movember,Movember + cancer prostate + dépistage prostate + santé homme + moustache movember
2021-11-07,49,Movember,Movember + cancer prostate + dépistage prostate + santé homme + moustache movember
2021-11-14,38,Movember,Movember + cancer prostate + dépistage prostate + santé homme + moustache movember
2021-11-21,43,Movember,Movember + cancer prostate + dépistage prostate + santé homme + moustache movember
2021-11-28,31,Movember,Movember + cancer prostate + dépistage prostate + santé homme + moustache movember
2021-12-05,29,Movember,Movember + cancer prostate + dépistage prostate + santé homme + moustache movember
2021-12-12,26,Movember,Movember + cancer prostate + dépistage prostate + santé homme + moustache movember
2021-12-19,24,Movember,Movember + cancer prostate + dépistage prostate + santé homme + moustache movember
2021-12-26,21,Movember,Movember + cancer prostate + dépistage prostate + santé homme + moustache movember
2022-01-02,23,Movember,Movember + cancer prostate + dépistage prostate + santé homme + moustache movember
2022-01-09,25,Movember,Movember + cancer prostate + dépistage prostate + santé homme + moustache movember
2022-01-16,22,Movember,Movember + cancer prostate + dépistage prostate + santé homme + moustache movember
2022-01-23,22,Movember,Movember + cancer prostate + dépistage prostate + santé homme + moustache movember
2022-01-30,24,Movember,Movember + cancer prostate + dépistage prostate + santé homme + moustache movember
2022-02-06,22,Movember,Movember + cancer prostate + dépistage prostate + santé homme + moustache movember
2022-02-13,23,Movember,Movember + cancer prostate + dépistage prostate + santé homme + moustache movember
2022-02-20,22,Movember,Movember + cancer prostate + dépistage prostate + santé homme + moustache movember
2022-02-27,27,Movember,Movember + cancer prostate + dépistage prostate + santé homme + moustache movember
2022-03-06,24,Movember,Movember + cancer prostate + dépistage prostate + santé homme + moustache movember
2022-03-13,23,Movember,Movember + cancer prostate + dépistage prostate + santé homme + moustache movember
2022-03-20,23,Movember,Movember + cancer prostate + dépistage prostate + santé homme + moustache movember
2022-03-27,22,Movember,Movember + cancer prostate + dépistage prostate + santé homme + moustache movember
2022-04-03,23,Movember,Movember + cancer prostate + dépistage prostate + santé homme + moustache movember
2022-04-10,28,Movember,Movember + cancer prostate + dépistage prostate + santé homme + moustache movember
2022-04-17,24,Movember,Movember + cancer prostate + dépistage prostate + santé homme + moustache movember
2022-04-24,22,Movember,Movember + cancer prostate + dépistage prostate + santé homme + moustache movember
2022-05-01,24,Movember,Movember + cancer prostate + dépistage prostate + santé homme + moustache movember
2022-05-08,23,Movember,Movember + cancer prostate + dépistage prostate + santé homme + moustache movember
2022-05-15,23,Movember,Movember + cancer prostate + dépistage prostate + santé homme + moustache movember
2022-05-22,22,Movember,Movember + cancer prostate + dépistage prostate + santé homme + moustache movember
2022-05-29,22,Movember,Movember + cancer prostate + dépistage prostate + santé homme + moustache movember
2022-06-05,24,Movember,Movember + cancer prostate + dépistage prostate + santé homme + moustache movember
2022-06-12,23,Movember,Movember + cancer prostate + dépistage prostate + santé homme + moustache movember
2022-06-19,22,Movember,Movember + cancer prostate + dépistage prostate + santé homme + moustache movember
2022-06-26,22,Movember,Movember + cancer prostate + dépistage prostate + santé homme + moustache movember
2022-07-03,20,Movember,Movember + cancer prostate + dépistage prostate + santé homme + moustache movember
2022-07-10,19,Movember,Movember + cancer prostate + dépistage prostate + santé homme + moustache movember
2022-07-17,22,Movember,Movember + cancer prostate + dépistage prostate + santé homme + moustache movember
2022-07-24,21,Movember,Movember + cancer prostate + dépistage prostate + santé homme + moustache movember
2022-07-31,23,Movember,Movember + cancer prostate + dépistage prostate + santé homme + moustache movember
2022-08-07,19,Movember,Movember + cancer prostate + dépistage prostate + santé homme + moustache movember
2022-08-14,21,Movember,Movember + cancer prostate + dépistage prostate + santé homme + moustache movember
2022-08-21,21,Movember,Movember + cancer prostate + dépistage prostate + santé homme + moustache movember
2022-08-28,21,Movember,Movember + cancer prostate + dépistage prostate + santé homme + moustache movember
2022-09-04,23,Movember,Movember + cancer prostate + dépistage prostate + santé homme + moustache movember
2022-09-11,25,Movember,Movember + cancer prostate + dépistage prostate + santé homme + moustache movember
2022-09-18,25,Movember,Movember + cancer prostate + dépistage prostate + santé homme + moustache movember
2022-09-25,29,Movember,Movember + cancer prostate + dépistage prostate + santé homme + moustache movember
2022-10-02,36,Movember,Movember + cancer prostate + dépistage prostate + santé homme + moustache movember
2022-10-09,34,Movember,Movember + cancer prostate + dépistage prostate + santé homme + moustache movember
2022-10-16,37,Movember,Movember + cancer prostate + dépistage prostate + santé homme + moustache movember
2022-10-23,40,Movember,Movember + cancer prostate + dépistage prostate + santé homme + moustache movember
2022-10-30,88,Movember,Movember + cancer prostate + dépistage prostate + santé homme + moustache movember
2022-11-06,63,Movember,Movember + cancer prostate + dépistage prostate + santé homme + moustache movember
2022-11-13,46,Movember,Movember + cancer prostate + dépistage prostate + santé homme + moustache movember
2022-11-20,39,Movember,Movember + cancer prostate + dépistage prostate + santé homme + moustache movember
2022-11-27,31,Movember,Movember + cancer prostate + dépistage prostate + santé homme + moustache movember
2022-12-04,26,Movember,Movember + cancer prostate + dépistage prostate + santé homme + moustache movember
2022-12-11,24,Movember,Movember + cancer prostate + dépistage prostate + santé homme + moustache movember
2022-12-18,23,Movember,Movember + cancer prostate + dépistage prostate + santé homme + moustache movember
2022-12-25,23,Movember,Movember + cancer prostate + dépistage prostate + santé homme + moustache movember
2023-01-01,27,Movember,Movember + cancer prostate + dépistage prostate + santé homme + moustache movember
2023-01-08,26,Movember,Movember + cancer prostate + dépistage prostate + santé homme + moustache movember
2023-01-15,25,Movember,Movember + cancer prostate + dépistage prostate + santé homme + moustache movember
2023-01-22,27,Movember,Movember + cancer prostate + dépistage prostate + santé homme + moustache movember
2023-01-29,28,Movember,Movember + cancer prostate + dépistage prostate + santé homme + moustache movember
2023-02-05,25,Movember,Movember + cancer prostate + dépistage prostate + santé homme + moustache movember
2023-02-12,24,Movember,Movember + cancer prostate + dépistage prostate + santé homme + moustache movember
2023-02-19,26,Movember,Movember + cancer prostate + dépistage prostate + santé homme + moustache movember
2023-02-26,25,Movember,Movember + cancer prostate + dépistage prostate + santé homme + moustache movember
2023-03-05,27,Movember,Movember + cancer prostate + dépistage prostate + santé homme + moustache movember
2023-03-12,27,Movember,Movember + cancer prostate + dépistage prostate + santé homme + moustache movember
2023-03-19,24,Movember,Movember + cancer prostate + dépistage prostate + santé homme + moustache movember
2023-03-26,26,Movember,Movember + cancer prostate + dépistage prostate + santé homme + moustache movember
2023-04-02,26,Movember,Movember + cancer prostate + dépistage prostate + santé homme + moustache movember
2023-04-09,23,Movember,Movember + cancer prostate + dépistage prostate + santé homme + moustache movember
2023-04-16,25,Movember,Movember + cancer prostate + dépistage prostate + santé homme + moustache movember
2023-04-23,25,Movember,Movember + cancer prostate + dépistage prostate + santé homme + moustache movember
2023-04-30,24,Movember,Movember + cancer prostate + dépistage prostate + santé homme + moustache movember
2023-05-07,23,Movember,Movember + cancer prostate + dépistage prostate + santé homme + moustache movember
2023-05-14,23,Movember,Movember + cancer prostate + dépistage prostate + santé homme + moustache movember
2023-05-21,24,Movember,Movember + cancer prostate + dépistage prostate + santé homme + moustache movember
2023-05-28,22,Movember,Movember + cancer prostate + dépistage prostate + santé homme + moustache movember
2023-06-04,23,Movember,Movember + cancer prostate + dépistage prostate + santé homme + moustache movember
2023-06-11,23,Movember,Movember + cancer prostate + dépistage prostate + santé homme + moustache movember
2023-06-18,24,Movember,Movember + cancer prostate + dépistage prostate + santé homme + moustache movember
2023-06-25,22,Movember,Movember + cancer prostate + dépistage prostate + santé homme + moustache movember
2023-07-02,23,Movember,Movember + cancer prostate + dépistage prostate + santé homme + moustache movember
2023-07-09,18,Movember,Movember + cancer prostate + dépistage prostate + santé homme + moustache movember
2023-07-16,21,Movember,Movember + cancer prostate + dépistage prostate + santé homme + moustache movember
2023-07-23,22,Movember,Movember + cancer prostate + dépistage prostate + santé homme + moustache movember
2023-07-30,20,Movember,Movember + cancer prostate + dépistage prostate + santé homme + moustache movember
2023-08-06,19,Movember,Movember + cancer prostate + dépistage prostate + santé homme + moustache movember
2023-08-13,19,Movember,Movember + cancer prostate + dépistage prostate + santé homme + moustache movember
2023-08-20,22,Movember,Movember + cancer prostate + dépistage prostate + santé homme + moustache movember
2023-08-27,20,Movember,Movember + cancer prostate + dépistage prostate + santé homme + moustache movember
2023-09-03,22,Movember,Movember + cancer prostate + dépistage prostate + santé homme + moustache movember
2023-09-10,24,Movember,Movember + cancer prostate + dépistage prostate + santé homme + moustache movember
2023-09-17,27,Movember,Movember + cancer prostate + dépistage prostate + santé homme + moustache movember
2023-09-24,27,Movember,Movember + cancer prostate + dépistage prostate + santé homme + moustache movember
2023-10-01,32,Movember,Movember + cancer prostate + dépistage prostate + santé homme + moustache movember
2023-10-08,31,Movember,Movember + cancer prostate + dépistage prostate + santé homme + moustache movember
2023-10-15,37,Movember,Movember + cancer prostate + dépistage prostate + santé homme + moustache movember
2023-10-22,40,Movember,Movember + cancer prostate + dépistage prostate + santé homme + moustache movember
2023-10-29,79,Movember,Movember + cancer prostate + dépistage prostate + santé homme + moustache movember
2023-11-05,69,Movember,Movember + cancer prostate + dépistage prostate + santé homme + moustache movember
2023-11-12,49,Movember,Movember + cancer prostate + dépistage prostate + santé homme + moustache movember
2023-11-19,41,Movember,Movember + cancer prostate + dépistage prostate + santé homme + moustache movember
2023-11-26,33,Movember,Movember + cancer prostate + dépistage prostate + santé homme + moustache movember
2023-12-03,27,Movember,Movember + cancer prostate + dépistage prostate + santé homme + moustache movember
2023-12-10,25,Movember,Movember + cancer prostate + dépistage prostate + santé homme + moustache movember
2023-12-17,26,Movember,Movember + cancer prostate + dépistage prostate + santé homme + moustache movember
2023-12-24,23,Movember,Movember + cancer prostate + dépistage prostate + santé homme + moustache movember
2023-12-31,26,Movember,Movember + cancer prostate + dépistage prostate + santé homme + moustache movember
2024-01-07,28,Movember,Movember + cancer prostate + dépistage prostate + santé homme + moustache movember
2024-01-14,28,Movember,Movember + cancer prostate + dépistage prostate + santé homme + moustache movember
2024-01-21,26,Movember,Movember + cancer prostate + dépistage prostate + santé homme + moustache movember
2024-01-28,23,Movember,Movember + cancer prostate + dépistage prostate + santé homme + moustache movember
2024-02-04,39,Movember,Movember + cancer prostate + dépistage prostate + santé homme + moustache movember
2024-02-11,29,Movember,Movember + cancer prostate + dépistage prostate + santé homme + moustache movember
2024-02-18,29,Movember,Movember + cancer prostate + dépistage prostate + santé homme + moustache movember
2024-02-25,25,Movember,Movember + cancer prostate + dépistage prostate + santé homme + moustache movember
2024-03-03,24,Movember,Movember + cancer prostate + dépistage prostate + santé homme + moustache movember
2024-03-10,24,Movember,Movember + cancer prostate + dépistage prostate + santé homme + moustache movember
2024-03-17,27,Movember,Movember + cancer prostate + dépistage prostate + santé homme + moustache movember
2024-03-24,25,Movember,Movember + cancer prostate + dépistage prostate + santé homme + moustache movember
2024-03-31,27,Movember,Movember + cancer prostate + dépistage prostate + santé homme + moustache movember
2024-04-07,25,Movember,Movember + cancer prostate + dépistage prostate + santé homme + moustache movember
2024-04-14,24,Movember,Movember + cancer prostate + dépistage prostate + santé homme + moustache movember
2024-04-21,23,Movember,Movember + cancer prostate + dépistage prostate + santé homme + moustache movember
2024-04-28,24,Movember,Movember + cancer prostate + dépistage prostate + santé homme + moustache movember
2024-05-05,22,Movember,Movember + cancer prostate + dépistage prostate + santé homme + moustache movember
2024-05-12,24,Movember,Movember + cancer prostate + dépistage prostate + santé homme + moustache movember
2024-05-19,21,Movember,Movember + cancer prostate + dépistage prostate + santé homme + moustache movember
2024-05-26,23,Movember,Movember + cancer prostate + dépistage prostate + santé homme + moustache movember
2024-06-02,23,Movember,Movember + cancer prostate + dépistage prostate + santé homme + moustache movember
2024-06-09,22,Movember,Movember + cancer prostate + dépistage prostate + santé homme + moustache movember
2024-06-16,23,Movember,Movember + cancer prostate + dépistage prostate + santé homme + moustache movember
2024-06-23,24,Movember,Movember + cancer prostate + dépistage prostate + santé homme + moustache movember
2024-06-30,20,Movember,Movember + cancer prostate + dépistage prostate + santé homme + moustache movember
2024-07-07,19,Movember,Movember + cancer prostate + dépistage prostate + santé homme + moustache movember
2024-07-14,19,Movember,Movember + cancer prostate + dépistage prostate + santé homme + moustache movember
2024-07-21,23,Movember,Movember + cancer prostate + dépistage prostate + santé homme + moustache movember
2024-07-28,19,Movember,Movember + cancer prostate + dépistage prostate + santé homme + moustache movember
2024-08-04,20,Movember,Movember + cancer prostate + dépistage prostate + santé homme + moustache movember
2024-08-11,19,Movember,Movember + cancer prostate + dépistage prostate + santé homme + moustache movember
2024-08-18,21,Movember,Movember + cancer prostate + dépistage prostate + santé homme + moustache movember
2024-08-25,22,Movember,Movember + cancer prostate + dépistage prostate + santé homme + moustache movember
2024-09-01,22,Movember,Movember + cancer prostate + dépistage prostate + santé homme + moustache movember
2024-09-08,26,Movember,Movember + cancer prostate + dépistage prostate + santé homme + moustache movember
2024-09-15,26,Movember,Movember + cancer prostate + dépistage prostate + santé homme + moustache movember
2024-09-22,26,Movember,Movember + cancer prostate + dépistage prostate + santé homme + moustache movember
2024-09-29,35,Movember,Movember + cancer prostate + dépistage prostate + santé homme + moustache movember
2024-10-06,36,Movember,Movember + cancer prostate + dépistage prostate + santé homme + moustache movember
2024-10-13,42,Movember,Movember + cancer prostate + dépistage prostate + santé homme + moustache movember
2024-10-20,40,Movember,Movember + cancer prostate + dépistage prostate + santé homme + moustache movember
2024-10-27,68,Movember,Movember + cancer prostate + dépistage prostate + santé homme + moustache movember
2024-11-03,85,Movember,Movember + cancer prostate + dépistage prostate + santé homme + moustache movember
2024-11-10,52,Movember,Movember + cancer prostate + dépistage prostate + santé homme + moustache movember
2024-11-17,44,Movember,Movember + cancer prostate + dépistage prostate + santé homme + moustache movember
2024-11-24,38,Movember,Movember + cancer prostate + dépistage prostate + santé homme + moustache movember
2024-12-01,30,Movember,Movember + cancer prostate + dépistage prostate + santé homme + moustache movember
2024-12-08,27,Movember,Movember + cancer prostate + dépistage prostate + santé homme + moustache movember
2024-12-15,25,Movember,Movember + cancer prostate + dépistage prostate + santé homme + moustache movember
2024-12-22,21,Movember,Movember + cancer prostate + dépistage prostate + santé homme + moustache movember
2024-12-29,26,Movember,Movember + cancer prostate + dépistage prostate + santé homme + moustache movember
2025-01-05,30,Movember,Movember + cancer prostate + dépistage prostate + santé homme + moustache movember
2025-01-12,27,Movember,Movember + cancer prostate + dépistage prostate + santé homme + moustache movember
2025-01-19,27,Movember,Movember + cancer prostate + dépistage prostate + santé homme + moustache movember
2025-01-26,27,Movember,Movember + cancer prostate + dépistage prostate + santé homme + moustache movember
2025-02-02,27,Movember,Movember + cancer prostate + dépistage prostate + santé homme + moustache movember
2025-02-09,29,Movember,Movember + cancer prostate + dépistage prostate + santé homme + moustache movember
2025-02-16,29,Movember,Movember + cancer prostate + dépistage prostate + santé homme + moustache movember
2025-02-23,26,Movember,Movember + cancer prostate + dépistage prostate + santé homme + moustache movember
2025-03-02,27,Movember,Movember + cancer prostate + dépistage prostate + santé homme + moustache movember
2025-03-09,26,Movember,Movember + cancer prostate + dépistage prostate + santé homme + moustache movember
2025-03-16,28,Movember,Movember + cancer prostate + dépistage prostate + santé homme + moustache movember
2025-03-23,28,Movember,Movember + cancer prostate + dépistage prostate + santé homme + moustache movember
2025-03-30,26,Movember,Movember + cancer prostate + dépistage prostate + santé homme + moustache movember
2025-04-06,27,Movember,Movember + cancer prostate + dépistage prostate + santé homme + moustache movember
2025-04-13,26,Movember,Movember + cancer prostate + dépistage prostate + santé homme + moustache movember
2025-04-20,26,Movember,Movember + cancer prostate + dépistage prostate + santé homme + moustache movember
2025-04-27,24,Movember,Movember + cancer prostate + dépistage prostate + santé homme + moustache movember
2025-05-04,24,Movember,Movember + cancer prostate + dépistage prostate + santé homme + moustache movember
2025-05-11,27,Movember,Movember + cancer prostate + dépistage prostate + santé homme + moustache movember
2025-05-18,52,Movember,Movember + cancer prostate + dépistage prostate + santé homme + moustache movember
2025-05-25,27,Movember,Movember + cancer prostate + dépistage prostate + santé homme + moustache movember
2025-06-01,26,Movember,Movember + cancer prostate + dépistage prostate + santé homme + moustache movember
2025-06-08,24,Movember,Movember + cancer prostate + dépistage prostate + santé homme + moustache movember
2025-06-15,25,Movember,Movember + cancer prostate + dépistage prostate + santé homme + moustache movember
2025-06-22,25,Movember,Movember + cancer prostate + dépistage prostate + santé homme + moustache movember
2025-06-29,23,Movember,Movember + cancer prostate + dépistage prostate + santé homme + moustache movember
2025-07-06,22,Movember,Movember + cancer prostate + dépistage prostate + santé homme + moustache movember
2025-07-13,22,Movember,Movember + cancer prostate + dépistage prostate + santé homme + moustache movember
2025-07-20,27,Movember,Movember + cancer prostate + dépistage prostate + santé homme + moustache movember
2025-07-27,25,Movember,Movember + cancer prostate + dépistage prostate + santé homme + moustache movember
2025-08-03,22,Movember,Movember + cancer prostate + dépistage prostate + santé homme + moustache movember
2025-08-10,23,Movember,Movember + cancer prostate + dépistage prostate + santé homme + moustache movember
2025-08-17,24,Movember,Movember + cancer prostate + dépistage prostate + santé homme + moustache movember
2025-08-24,22,Movember,Movember + cancer prostate + dépistage prostate + santé homme + moustache movember
2025-08-31,26,Movember,Movember + cancer prostate + dépistage prostate + santé homme + moustache movember
2025-09-07,28,Movember,Movember + cancer prostate + dépistage prostate + santé homme + moustache movember
2025-09-14,26,Movember,Movember + cancer prostate + dépistage prostate + santé homme + moustache movember
2025-09-21,28,Movember,Movember + cancer prostate + dépistage prostate + santé homme + moustache movember
2025-09-28,34,Movember,Movember + cancer prostate + dépistage prostate + santé homme + moustache movember
2025-10-05,37,Movember,Movember + cancer prostate + dépistage prostate + santé homme + moustache movember
2025-10-12,36,Movember,Movember + cancer prostate + dépistage prostate + santé homme + moustache movember
2025-10-19,40,Movember,Movember + cancer prostate + dépistage prostate + santé homme + moustache movember
2025-10-26,66,Movember,Movember + cancer prostate + dépistage prostate + santé homme + moustache movember
2025-11-02,100,Movember,Movember + cancer prostate + dépistage prostate + santé homme + moustache movember
2025-11-09,64,Movember,Movember + cancer prostate + dépistage prostate + santé homme + moustache movember
2025-11-16,50,Movember,Movember + cancer prostate + dépistage prostate + santé homme + moustache movember
2025-11-23,44,Movember,Movember + cancer prostate + dépistage prostate + santé homme + moustache movember
2025-11-30,37,Movember,Movember + cancer prostate + dépistage prostate + santé homme + moustache movember
2025-12-07,30,Movember,Movember + cancer prostate + dépistage prostate + santé homme + moustache movember
2025-12-14,29,Movember,Movember + cancer prostate + dépistage prostate + santé homme + moustache movember
2025-12-21,27,Movember,Movember + cancer prostate + dépistage prostate + santé homme + moustache movember
2025-12-28,27,Movember,Movember + cancer prostate + dépistage prostate + santé homme + moustache movember
2020-12-27,6,Octobre rose,Octobre rose + cancer du sein + mammographie + ruban rose + dépistage sein
2021-01-03,8,Octobre rose,Octobre rose + cancer du sein + mammographie + ruban rose + dépistage sein
2021-01-10,8,Octobre rose,Octobre rose + cancer du sein + mammographie + ruban rose + dépistage sein
2021-01-17,8,Octobre rose,Octobre rose + cancer du sein + mammographie + ruban rose + dépistage sein
2021-01-24,7,Octobre rose,Octobre rose + cancer du sein + mammographie + ruban rose + dépistage sein
2021-01-31,8,Octobre rose,Octobre rose + cancer du sein + mammographie + ruban rose + dépistage sein
2021-02-07,9,Octobre rose,Octobre rose + cancer du sein + mammographie + ruban rose + dépistage sein
2021-02-14,8,Octobre rose,Octobre rose + cancer du sein + mammographie + ruban rose + dépistage sein
2021-02-21,8,Octobre rose,Octobre rose + cancer du sein + mammographie + ruban rose + dépistage sein
2021-02-28,8,Octobre rose,Octobre rose + cancer du sein + mammographie + ruban rose + dépistage sein
2021-03-07,9,Octobre rose,Octobre rose + cancer du sein + mammographie + ruban rose + dépistage sein
2021-03-14,8,Octobre rose,Octobre rose + cancer du sein + mammographie + ruban rose + dépistage sein
2021-03-21,8,Octobre rose,Octobre rose + cancer du sein + mammographie + ruban rose + dépistage sein
2021-03-28,7,Octobre rose,Octobre rose + cancer du sein + mammographie + ruban rose + dépistage sein
2021-04-04,8,Octobre rose,Octobre rose + cancer du sein + mammographie + ruban rose + dépistage sein
2021-04-11,8,Octobre rose,Octobre rose + cancer du sein + mammographie + ruban rose + dépistage sein
2021-04-18,9,Octobre rose,Octobre rose + cancer du sein + mammographie + ruban rose + dépistage sein
2021-04-25,8,Octobre rose,Octobre rose + cancer du sein + mammographie + ruban rose + dépistage sein
2021-05-02,8,Octobre rose,Octobre rose + cancer du sein + mammographie + ruban rose + dépistage sein
2021-05-09,7,Octobre rose,Octobre rose + cancer du sein + mammographie + ruban rose + dépistage sein
2021-05-16,8,Octobre rose,Octobre rose + cancer du sein + mammographie + ruban rose + dépistage sein
2021-05-23,7,Octobre rose,Octobre rose + cancer du sein + mammographie + ruban rose + dépistage sein
2021-05-30,8,Octobre rose,Octobre rose + cancer du sein + mammographie + ruban rose + dépistage sein
2021-06-06,8,Octobre rose,Octobre rose + cancer du sein + mammographie + ruban rose + dépistage sein
2021-06-13,7,Octobre rose,Octobre rose + cancer du sein + mammographie + ruban rose + dépistage sein
2021-06-20,8,Octobre rose,Octobre rose + cancer du sein + mammographie + ruban rose + dépistage sein
2021-06-27,7,Octobre rose,Octobre rose + cancer du sein + mammographie + ruban rose + dépistage sein
2021-07-04,7,Octobre rose,Octobre rose + cancer du sein + mammographie + ruban rose + dépistage sein
2021-07-11,6,Octobre rose,Octobre rose + cancer du sein + mammographie + ruban rose + dépistage sein
2021-07-18,7,Octobre rose,Octobre rose + cancer du sein + mammographie + ruban rose + dépistage sein
2021-07-25,6,Octobre rose,Octobre rose + cancer du sein + mammographie + ruban rose + dépistage sein
2021-08-01,6,Octobre rose,Octobre rose + cancer du sein + mammographie + ruban rose + dépistage sein
2021-08-08,6,Octobre rose,Octobre rose + cancer du sein + mammographie + ruban rose + dépistage sein
2021-08-15,7,Octobre rose,Octobre rose + cancer du sein + mammographie + ruban rose + dépistage sein
2021-08-22,7,Octobre rose,Octobre rose + cancer du sein + mammographie + ruban rose + dépistage sein
2021-08-29,9,Octobre rose,Octobre rose + cancer du sein + mammographie + ruban rose + dépistage sein
2021-09-05,11,Octobre rose,Octobre rose + cancer du sein + mammographie + ruban rose + dépistage sein
2021-09-12,12,Octobre rose,Octobre rose + cancer du sein + mammographie + ruban rose + dépistage sein
2021-09-19,15,Octobre rose,Octobre rose + cancer du sein + mammographie + ruban rose + dépistage sein
2021-09-26,43,Octobre rose,Octobre rose + cancer du sein + mammographie + ruban rose + dépistage sein
2021-10-03,40,Octobre rose,Octobre rose + cancer du sein + mammographie + ruban rose + dépistage sein
2021-10-10,27,Octobre rose,Octobre rose + cancer du sein + mammographie + ruban rose + dépistage sein
2021-10-17,22,Octobre rose,Octobre rose + cancer du sein + mammographie + ruban rose + dépistage sein
2021-10-24,15,Octobre rose,Octobre rose + cancer du sein + mammographie + ruban rose + dépistage sein
2021-10-31,10,Octobre rose,Octobre rose + cancer du sein + mammographie + ruban rose + dépistage sein
2021-11-07,9,Octobre rose,Octobre rose + cancer du sein + mammographie + ruban rose + dépistage sein
2021-11-14,9,Octobre rose,Octobre rose + cancer du sein + mammographie + ruban rose + dépistage sein
2021-11-21,8,Octobre rose,Octobre rose + cancer du sein + mammographie + ruban rose + dépistage sein
2021-11-28,8,Octobre rose,Octobre rose + cancer du sein + mammographie + ruban rose + dépistage sein
2021-12-05,8,Octobre rose,Octobre rose + cancer du sein + mammographie + ruban rose + dépistage sein
2021-12-12,7,Octobre rose,Octobre rose + cancer du sein + mammographie + ruban rose + dépistage sein
2021-12-19,6,Octobre rose,Octobre rose + cancer du sein + mammographie + ruban rose + dépistage sein
2021-12-26,6,Octobre rose,Octobre rose + cancer du sein + mammographie + ruban rose + dépistage sein
2022-01-02,9,Octobre rose,Octobre rose + cancer du sein + mammographie + ruban rose + dépistage sein
2022-01-09,9,Octobre rose,Octobre rose + cancer du sein + mammographie + ruban rose + dépistage sein
2022-01-16,8,Octobre rose,Octobre rose + cancer du sein + mammographie + ruban rose + dépistage sein
2022-01-23,9,Octobre rose,Octobre rose + cancer du sein + mammographie + ruban rose + dépistage sein
2022-01-30,9,Octobre rose,Octobre rose + cancer du sein + mammographie + ruban rose + dépistage sein
2022-02-06,9,Octobre rose,Octobre rose + cancer du sein + mammographie + ruban rose + dépistage sein
2022-02-13,8,Octobre rose,Octobre rose + cancer du sein + mammographie + ruban rose + dépistage sein
2022-02-20,8,Octobre rose,Octobre rose + cancer du sein + mammographie + ruban rose + dépistage sein
2022-02-27,9,Octobre rose,Octobre rose + cancer du sein + mammographie + ruban rose + dépistage sein
2022-03-06,8,Octobre rose,Octobre rose + cancer du sein + mammographie + ruban rose + dépistage sein
2022-03-13,9,Octobre rose,Octobre rose + cancer du sein + mammographie + ruban rose + dépistage sein
2022-03-20,9,Octobre rose,Octobre rose + cancer du sein + mammographie + ruban rose + dépistage sein
2022-03-27,8,Octobre rose,Octobre rose + cancer du sein + mammographie + ruban rose + dépistage sein
2022-04-03,8,Octobre rose,Octobre rose + cancer du sein + mammographie + ruban rose + dépistage sein
2022-04-10,7,Octobre rose,Octobre rose + cancer du sein + mammographie + ruban rose + dépistage sein
2022-04-17,7,Octobre rose,Octobre rose + cancer du sein + mammographie + ruban rose + dépistage sein
2022-04-24,8,Octobre rose,Octobre rose + cancer du sein + mammographie + ruban rose + dépistage sein
2022-05-01,8,Octobre rose,Octobre rose + cancer du sein + mammographie + ruban rose + dépistage sein
2022-05-08,8,Octobre rose,Octobre rose + cancer du sein + mammographie + ruban rose + dépistage sein
2022-05-15,8,Octobre rose,Octobre rose + cancer du sein + mammographie + ruban rose + dépistage sein
2022-05-22,9,Octobre rose,Octobre rose + cancer du sein + mammographie + ruban rose + dépistage sein
2022-05-29,8,Octobre rose,Octobre rose + cancer du sein + mammographie + ruban rose + dépistage sein
2022-06-05,8,Octobre rose,Octobre rose + cancer du sein + mammographie + ruban rose + dépistage sein
2022-06-12,8,Octobre rose,Octobre rose + cancer du sein + mammographie + ruban rose + dépistage sein
2022-06-19,8,Octobre rose,Octobre rose + cancer du sein + mammographie + ruban rose + dépistage sein
2022-06-26,8,Octobre rose,Octobre rose + cancer du sein + mammographie + ruban rose + dépistage sein
2022-07-03,8,Octobre rose,Octobre rose + cancer du sein + mammographie + ruban rose + dépistage sein
2022-07-10,6,Octobre rose,Octobre rose + cancer du sein + mammographie + ruban rose + dépistage sein
2022-07-17,8,Octobre rose,Octobre rose + cancer du sein + mammographie + ruban rose + dépistage sein
2022-07-24,8,Octobre rose,Octobre rose + cancer du sein + mammographie + ruban rose + dépistage sein
2022-07-31,8,Octobre rose,Octobre rose + cancer du sein + mammographie + ruban rose + dépistage sein
2022-08-07,8,Octobre rose,Octobre rose + cancer du sein + mammographie + ruban rose + dépistage sein
2022-08-14,7,Octobre rose,Octobre rose + cancer du sein + mammographie + ruban rose + dépistage sein
2022-08-21,9,Octobre rose,Octobre rose + cancer du sein + mammographie + ruban rose + dépistage sein
2022-08-28,10,Octobre rose,Octobre rose + cancer du sein + mammographie + ruban rose + dépistage sein
2022-09-04,13,Octobre rose,Octobre rose + cancer du sein + mammographie + ruban rose + dépistage sein
2022-09-11,15,Octobre rose,Octobre rose + cancer du sein + mammographie + ruban rose + dépistage sein
2022-09-18,18,Octobre rose,Octobre rose + cancer du sein + mammographie + ruban rose + dépistage sein
2022-09-25,40,Octobre rose,Octobre rose + cancer du sein + mammographie + ruban rose + dépistage sein
2022-10-02,63,Octobre rose,Octobre rose + cancer du sein + mammographie + ruban rose + dépistage sein
2022-10-09,40,Octobre rose,Octobre rose + cancer du sein + mammographie + ruban rose + dépistage sein
2022-10-16,28,Octobre rose,Octobre rose + cancer du sein + mammographie + ruban rose + dépistage sein
2022-10-23,17,Octobre rose,Octobre rose + cancer du sein + mammographie + ruban rose + dépistage sein
2022-10-30,10,Octobre rose,Octobre rose + cancer du sein + mammographie + ruban rose + dépistage sein
2022-11-06,9,Octobre rose,Octobre rose + cancer du sein + mammographie + ruban rose + dépistage sein
2022-11-13,10,Octobre rose,Octobre rose + cancer du sein + mammographie + ruban rose + dépistage sein
2022-11-20,9,Octobre rose,Octobre rose + cancer du sein + mammographie + ruban rose + dépistage sein
2022-11-27,8,Octobre rose,Octobre rose + cancer du sein + mammographie + ruban rose + dépistage sein
2022-12-04,7,Octobre rose,Octobre rose + cancer du sein + mammographie + ruban rose + dépistage sein
2022-12-11,7,Octobre rose,Octobre rose + cancer du sein + mammographie + ruban rose + dépistage sein
2022-12-18,6,Octobre rose,Octobre rose + cancer du sein + mammographie + ruban rose + dépistage sein
2022-12-25,7,Octobre rose,Octobre rose + cancer du sein + mammographie + ruban rose + dépistage sein
2023-01-01,9,Octobre rose,Octobre rose + cancer du sein + mammographie + ruban rose + dépistage sein
2023-01-08,10,Octobre rose,Octobre rose + cancer du sein + mammographie + ruban rose + dépistage sein
2023-01-15,9,Octobre rose,Octobre rose + cancer du sein + mammographie + ruban rose + dépistage sein
2023-01-22,9,Octobre rose,Octobre rose + cancer du sein + mammographie + ruban rose + dépistage sein
2023-01-29,10,Octobre rose,Octobre rose + cancer du sein + mammographie + ruban rose + dépistage sein
2023-02-05,9,Octobre rose,Octobre rose + cancer du sein + mammographie + ruban rose + dépistage sein
2023-02-12,9,Octobre rose,Octobre rose + cancer du sein + mammographie + ruban rose + dépistage sein
2023-02-19,9,Octobre rose,Octobre rose + cancer du sein + mammographie + ruban rose + dépistage sein
2023-02-26,9,Octobre rose,Octobre rose + cancer du sein + mammographie + ruban rose + dépistage sein
2023-03-05,9,Octobre rose,Octobre rose + cancer du sein + mammographie + ruban rose + dépistage sein
2023-03-12,10,Octobre rose,Octobre rose + cancer du sein + mammographie + ruban rose + dépistage sein
2023-03-19,10,Octobre rose,Octobre rose + cancer du sein + mammographie + ruban rose + dépistage sein
2023-03-26,10,Octobre rose,Octobre rose + cancer du sein + mammographie + ruban rose + dépistage sein
2023-04-02,10,Octobre rose,Octobre rose + cancer du sein + mammographie + ruban rose + dépistage sein
2023-04-09,9,Octobre rose,Octobre rose + cancer du sein + mammographie + ruban rose + dépistage sein
2023-04-16,9,Octobre rose,Octobre rose + cancer du sein + mammographie + ruban rose + dépistage sein
2023-04-23,9,Octobre rose,Octobre rose + cancer du sein + mammographie + ruban rose + dépistage sein
2023-04-30,9,Octobre rose,Octobre rose + cancer du sein + mammographie + ruban rose + dépistage sein
2023-05-07,9,Octobre rose,Octobre rose + cancer du sein + mammographie + ruban rose + dépistage sein
2023-05-14,8,Octobre rose,Octobre rose + cancer du sein + mammographie + ruban rose + dépistage sein
2023-05-21,10,Octobre rose,Octobre rose + cancer du sein + mammographie + ruban rose + dépistage sein
2023-05-28,8,Octobre rose,Octobre rose + cancer du sein + mammographie + ruban rose + dépistage sein
2023-06-04,9,Octobre rose,Octobre rose + cancer du sein + mammographie + ruban rose + dépistage sein
2023-06-11,10,Octobre rose,Octobre rose + cancer du sein + mammographie + ruban rose + dépistage sein
2023-06-18,9,Octobre rose,Octobre rose + cancer du sein + mammographie + ruban rose + dépistage sein
2023-06-25,9,Octobre rose,Octobre rose + cancer du sein + mammographie + ruban rose + dépistage sein
2023-07-02,8,Octobre rose,Octobre rose + cancer du sein + mammographie + ruban rose + dépistage sein
2023-07-09,8,Octobre rose,Octobre rose + cancer du sein + mammographie + ruban rose + dépistage sein
2023-07-16,9,Octobre rose,Octobre rose + cancer du sein + mammographie + ruban rose + dépistage sein
2023-07-23,14,Octobre rose,Octobre rose + cancer du sein + mammographie + ruban rose + dépistage sein
2023-07-30,10,Octobre rose,Octobre rose + cancer du sein + mammographie + ruban rose + dépistage sein
2023-08-06,9,Octobre rose,Octobre rose + cancer du sein + mammographie + ruban rose + dépistage sein
2023-08-13,8,Octobre rose,Octobre rose + cancer du sein + mammographie + ruban rose + dépistage sein
2023-08-20,10,Octobre rose,Octobre rose + cancer du sein + mammographie + ruban rose + dépistage sein
2023-08-27,12,Octobre rose,Octobre rose + cancer du sein + mammographie + ruban rose + dépistage sein
2023-09-03,14,Octobre rose,Octobre rose + cancer du sein + mammographie + ruban rose + dépistage sein
2023-09-10,16,Octobre rose,Octobre rose + cancer du sein + mammographie + ruban rose + dépistage sein
2023-09-17,21,Octobre rose,Octobre rose + cancer du sein + mammographie + ruban rose + dépistage sein
2023-09-24,38,Octobre rose,Octobre rose + cancer du sein + mammographie + ruban rose + dépistage sein
2023-10-01,87,Octobre rose,Octobre rose + cancer du sein + mammographie + ruban rose + dépistage sein
2023-10-08,49,Octobre rose,Octobre rose + cancer du sein + mammographie + ruban rose + dépistage sein
2023-10-15,33,Octobre rose,Octobre rose + cancer du sein + mammographie + ruban rose + dépistage sein
2023-10-22,19,Octobre rose,Octobre rose + cancer du sein + mammographie + ruban rose + dépistage sein
2023-10-29,13,Octobre rose,Octobre rose + cancer du sein + mammographie + ruban rose + dépistage sein
2023-11-05,12,Octobre rose,Octobre rose + cancer du sein + mammographie + ruban rose + dépistage sein
2023-11-12,12,Octobre rose,Octobre rose + cancer du sein + mammographie + ruban rose + dépistage sein
2023-11-19,11,Octobre rose,Octobre rose + cancer du sein + mammographie + ruban rose + dépistage sein
2023-11-26,11,Octobre rose,Octobre rose + cancer du sein + mammographie + ruban rose + dépistage sein
2023-12-03,10,Octobre rose,Octobre rose + cancer du sein + mammographie + ruban rose + dépistage sein
2023-12-10,10,Octobre rose,Octobre rose + cancer du sein + mammographie + ruban rose + dépistage sein
2023-12-17,9,Octobre rose,Octobre rose + cancer du sein + mammographie + ruban rose + dépistage sein
2023-12-24,8,Octobre rose,Octobre rose + cancer du sein + mammographie + ruban rose + dépistage sein
2023-12-31,10,Octobre rose,Octobre rose + cancer du sein + mammographie + ruban rose + dépistage sein
2024-01-07,11,Octobre rose,Octobre rose + cancer du sein + mammographie + ruban rose + dépistage sein
2024-01-14,11,Octobre rose,Octobre rose + cancer du sein + mammographie + ruban rose + dépistage sein
2024-01-21,11,Octobre rose,Octobre rose + cancer du sein + mammographie + ruban rose + dépistage sein
2024-01-28,14,Octobre rose,Octobre rose + cancer du sein + mammographie + ruban rose + dépistage sein
2024-02-04,10,Octobre rose,Octobre rose + cancer du sein + mammographie + ruban rose + dépistage sein
2024-02-11,11,Octobre rose,Octobre rose + cancer du sein + mammographie + ruban rose + dépistage sein
2024-02-18,11,Octobre rose,Octobre rose + cancer du sein + mammographie + ruban rose + dépistage sein
2024-02-25,10,Octobre rose,Octobre rose + cancer du sein + mammographie + ruban rose + dépistage sein
2024-03-03,10,Octobre rose,Octobre rose + cancer du sein + mammographie + ruban rose + dépistage sein
2024-03-10,19,Octobre rose,Octobre rose + cancer du sein + mammographie + ruban rose + dépistage sein
2024-03-17,12,Octobre rose,Octobre rose + cancer du sein + mammographie + ruban rose + dépistage sein
2024-03-24,11,Octobre rose,Octobre rose + cancer du sein + mammographie + ruban rose + dépistage sein
2024-03-31,11,Octobre rose,Octobre rose + cancer du sein + mammographie + ruban rose + dépistage sein
2024-04-07,11,Octobre rose,Octobre rose + cancer du sein + mammographie + ruban rose + dépistage sein
2024-04-14,10,Octobre rose,Octobre rose + cancer du sein + mammographie + ruban rose + dépistage sein
2024-04-21,11,Octobre rose,Octobre rose + cancer du sein + mammographie + ruban rose + dépistage sein
2024-04-28,10,Octobre rose,Octobre rose + cancer du sein + mammographie + ruban rose + dépistage sein
2024-05-05,8,Octobre rose,Octobre rose + cancer du sein + mammographie + ruban rose + dépistage sein
2024-05-12,11,Octobre rose,Octobre rose + cancer du sein + mammographie + ruban rose + dépistage sein
2024-05-19,11,Octobre rose,Octobre rose + cancer du sein + mammographie + ruban rose + dépistage sein
2024-05-26,12,Octobre rose,Octobre rose + cancer du sein + mammographie + ruban rose + dépistage sein
2024-06-02,11,Octobre rose,Octobre rose + cancer du sein + mammographie + ruban rose + dépistage sein
2024-06-09,11,Octobre rose,Octobre rose + cancer du sein + mammographie + ruban rose + dépistage sein
2024-06-16,11,Octobre rose,Octobre rose + cancer du sein + mammographie + ruban rose + dépistage sein
2024-06-23,11,Octobre rose,Octobre rose + cancer du sein + mammographie + ruban rose + dépistage sein
2024-06-30,9,Octobre rose,Octobre rose + cancer du sein + mammographie + ruban rose + dépistage sein
2024-07-07,9,Octobre rose,Octobre rose + cancer du sein + mammographie + ruban rose + dépistage sein
2024-07-14,11,Octobre rose,Octobre rose + cancer du sein + mammographie + ruban rose + dépistage sein
2024-07-21,10,Octobre rose,Octobre rose + cancer du sein + mammographie + ruban rose + dépistage sein
2024-07-28,9,Octobre rose,Octobre rose + cancer du sein + mammographie + ruban rose + dépistage sein
2024-08-04,9,Octobre rose,Octobre rose + cancer du sein + mammographie + ruban rose + dépistage sein
2024-08-11,9,Octobre rose,Octobre rose + cancer du sein + mammographie + ruban rose + dépistage sein
2024-08-18,10,Octobre rose,Octobre rose + cancer du sein + mammographie + ruban rose + dépistage sein
2024-08-25,13,Octobre rose,Octobre rose + cancer du sein + mammographie + ruban rose + dépistage sein
2024-09-01,14,Octobre rose,Octobre rose + cancer du sein + mammographie + ruban rose + dépistage sein
2024-09-08,19,Octobre rose,Octobre rose + cancer du sein + mammographie + ruban rose + dépistage sein
2024-09-15,21,Octobre rose,Octobre rose + cancer du sein + mammographie + ruban rose + dépistage sein
2024-09-22,30,Octobre rose,Octobre rose + cancer du sein + mammographie + ruban rose + dépistage sein
2024-09-29,92,Octobre rose,Octobre rose + cancer du sein + mammographie + ruban rose + dépistage sein
2024-10-06,59,Octobre rose,Octobre rose + cancer du sein + mammographie + ruban rose + dépistage sein
2024-10-13,46,Octobre rose,Octobre rose + cancer du sein + mammographie + ruban rose + dépistage sein
2024-10-20,24,Octobre rose,Octobre rose + cancer du sein + mammographie + ruban rose + dépistage sein
2024-10-27,16,Octobre rose,Octobre rose + cancer du sein + mammographie + ruban rose + dépistage sein
2024-11-03,14,Octobre rose,Octobre rose + cancer du sein + mammographie + ruban rose + dépistage sein
2024-11-10,12,Octobre rose,Octobre rose + cancer du sein + mammographie + ruban rose + dépistage sein
2024-11-17,12,Octobre rose,Octobre rose + cancer du sein + mammographie + ruban rose + dépistage sein
2024-11-24,11,Octobre rose,Octobre rose + cancer du sein + mammographie + ruban rose + dépistage sein
2024-12-01,11,Octobre rose,Octobre rose + cancer du sein + mammographie + ruban rose + dépistage sein
2024-12-08,10,Octobre rose,Octobre rose + cancer du sein + mammographie + ruban rose + dépistage sein
2024-12-15,10,Octobre rose,Octobre rose + cancer du sein + mammographie + ruban rose + dépistage sein
2024-12-22,7,Octobre rose,Octobre rose + cancer du sein + mammographie + ruban rose + dépistage sein
2024-12-29,9,Octobre rose,Octobre rose + cancer du sein + mammographie + ruban rose + dépistage sein
2025-01-05,12,Octobre rose,Octobre rose + cancer du sein + mammographie + ruban rose + dépistage sein
2025-01-12,12,Octobre rose,Octobre rose + cancer du sein + mammographie + ruban rose + dépistage sein
2025-01-19,12,Octobre rose,Octobre rose + cancer du sein + mammographie + ruban rose + dépistage sein
2025-01-26,12,Octobre rose,Octobre rose + cancer du sein + mammographie + ruban rose + dépistage sein
2025-02-02,13,Octobre rose,Octobre rose + cancer du sein + mammographie + ruban rose + dépistage sein
2025-02-09,12,Octobre rose,Octobre rose + cancer du sein + mammographie + ruban rose + dépistage sein
2025-02-16,13,Octobre rose,Octobre rose + cancer du sein + mammographie + ruban rose + dépistage sein
2025-02-23,12,Octobre rose,Octobre rose + cancer du sein + mammographie + ruban rose + dépistage sein
2025-03-02,12,Octobre rose,Octobre rose + cancer du sein + mammographie + ruban rose + dépistage sein
2025-03-09,12,Octobre rose,Octobre rose + cancer du sein + mammographie + ruban rose + dépistage sein
2025-03-16,12,Octobre rose,Octobre rose + cancer du sein + mammographie + ruban rose + dépistage sein
2025-03-23,12,Octobre rose,Octobre rose + cancer du sein + mammographie + ruban rose + dépistage sein
2025-03-30,12,Octobre rose,Octobre rose + cancer du sein + mammographie + ruban rose + dépistage sein
2025-04-06,11,Octobre rose,Octobre rose + cancer du sein + mammographie + ruban rose + dépistage sein
2025-04-13,11,Octobre rose,Octobre rose + cancer du sein + mammographie + ruban rose + dépistage sein
2025-04-20,10,Octobre rose,Octobre rose + cancer du sein + mammographie + ruban rose + dépistage sein
2025-04-27,10,Octobre rose,Octobre rose + cancer du sein + mammographie + ruban rose + dépistage sein
2025-05-04,10,Octobre rose,Octobre rose + cancer du sein + mammographie + ruban rose + dépistage sein
2025-05-11,12,Octobre rose,Octobre rose + cancer du sein + mammographie + ruban rose + dépistage sein
2025-05-18,12,Octobre rose,Octobre rose + cancer du sein + mammographie + ruban rose + dépistage sein
2025-05-25,10,Octobre rose,Octobre rose + cancer du sein + mammographie + ruban rose + dépistage sein
2025-06-01,12,Octobre rose,Octobre rose + cancer du sein + mammographie + ruban rose + dépistage sein
2025-06-08,10,Octobre rose,Octobre rose + cancer du sein + mammographie + ruban rose + dépistage sein
2025-06-15,11,Octobre rose,Octobre rose + cancer du sein + mammographie + ruban rose + dépistage sein
2025-06-22,11,Octobre rose,Octobre rose + cancer du sein + mammographie + ruban rose + dépistage sein
2025-06-29,10,Octobre rose,Octobre rose + cancer du sein + mammographie + ruban rose + dépistage sein
2025-07-06,10,Octobre rose,Octobre rose + cancer du sein + mammographie + ruban rose + dépistage sein
2025-07-13,10,Octobre rose,Octobre rose + cancer du sein + mammographie + ruban rose + dépistage sein
2025-07-20,12,Octobre rose,Octobre rose + cancer du sein + mammographie + ruban rose + dépistage sein
2025-07-27,12,Octobre rose,Octobre rose + cancer du sein + mammographie + ruban rose + dépistage sein
2025-08-03,11,Octobre rose,Octobre rose + cancer du sein + mammographie + ruban rose + dépistage sein
2025-08-10,9,Octobre rose,Octobre rose + cancer du sein + mammographie + ruban rose + dépistage sein
2025-08-17,12,Octobre rose,Octobre rose + cancer du sein + mammographie + ruban rose + dépistage sein
2025-08-24,14,Octobre rose,Octobre rose + cancer du sein + mammographie + ruban rose + dépistage sein
2025-08-31,18,Octobre rose,Octobre rose + cancer du sein + mammographie + ruban rose + dépistage sein
2025-09-07,20,Octobre rose,Octobre rose + cancer du sein + mammographie + ruban rose + dépistage sein
2025-09-14,23,Octobre rose,Octobre rose + cancer du sein + mammographie + ruban rose + dépistage sein
2025-09-21,31,Octobre rose,Octobre rose + cancer du sein + mammographie + ruban rose + dépistage sein
2025-09-28,100,Octobre rose,Octobre rose + cancer du sein + mammographie + ruban rose + dépistage sein
2025-10-05,78,Octobre rose,Octobre rose + cancer du sein + mammographie + ruban rose + dépistage sein
2025-10-12,49,Octobre rose,Octobre rose + cancer du sein + mammographie + ruban rose + dépistage sein
2025-10-19,27,Octobre rose,Octobre rose + cancer du sein + mammographie + ruban rose + dépistage sein
2025-10-26,18,Octobre rose,Octobre rose + cancer du sein + mammographie + ruban rose + dépistage sein
2025-11-02,15,Octobre rose,Octobre rose + cancer du sein + mammographie + ruban rose + dépistage sein
2025-11-09,12,Octobre rose,Octobre rose + cancer du sein + mammographie + ruban rose + dépistage sein
2025-11-16,12,Octobre rose,Octobre rose + cancer du sein + mammographie + ruban rose + dépistage sein
2025-11-23,11,Octobre rose,Octobre rose + cancer du sein + mammographie + ruban rose + dépistage sein
2025-11-30,11,Octobre rose,Octobre rose + cancer du sein + mammographie + ruban rose + dépistage sein
2025-12-07,11,Octobre rose,Octobre rose + cancer du sein + mammographie + ruban rose + dépistage sein
2025-12-14,10,Octobre rose,Octobre rose + cancer du sein + mammographie + ruban rose + dépistage sein
2025-12-21,8,Octobre rose,Octobre rose + cancer du sein + mammographie + ruban rose + dépistage sein
2025-12-28,9,Octobre rose,Octobre rose + cancer du sein + mammographie + ruban rose + dépistage sein
2020-12-27,17,Sidaction,Sidaction + VIH symptômes + test VIH + prévention VIH + dépistage VIH
2021-01-03,19,Sidaction,Sidaction + VIH symptômes + test VIH + prévention VIH + dépistage VIH
2021-01-10,19,Sidaction,Sidaction + VIH symptômes + test VIH + prévention VIH + dépistage VIH
2021-01-17,18,Sidaction,Sidaction + VIH symptômes + test VIH + prévention VIH + dépistage VIH
2021-01-24,44,Sidaction,Sidaction + VIH symptômes + test VIH + prévention VIH + dépistage VIH
2021-01-31,20,Sidaction,Sidaction + VIH symptômes + test VIH + prévention VIH + dépistage VIH
2021-02-07,17,Sidaction,Sidaction + VIH symptômes + test VIH + prévention VIH + dépistage VIH
2021-02-14,16,Sidaction,Sidaction + VIH symptômes + test VIH + prévention VIH + dépistage VIH
2021-02-21,16,Sidaction,Sidaction + VIH symptômes + test VIH + prévention VIH + dépistage VIH
2021-02-28,17,Sidaction,Sidaction + VIH symptômes + test VIH + prévention VIH + dépistage VIH
2021-03-07,19,Sidaction,Sidaction + VIH symptômes + test VIH + prévention VIH + dépistage VIH
2021-03-14,20,Sidaction,Sidaction + VIH symptômes + test VIH + prévention VIH + dépistage VIH
2021-03-21,100,Sidaction,Sidaction + VIH symptômes + test VIH + prévention VIH + dépistage VIH
2021-03-28,68,Sidaction,Sidaction + VIH symptômes + test VIH + prévention VIH + dépistage VIH
2021-04-04,23,Sidaction,Sidaction + VIH symptômes + test VIH + prévention VIH + dépistage VIH
2021-04-11,20,Sidaction,Sidaction + VIH symptômes + test VIH + prévention VIH + dépistage VIH
2021-04-18,16,Sidaction,Sidaction + VIH symptômes + test VIH + prévention VIH + dépistage VIH
2021-04-25,18,Sidaction,Sidaction + VIH symptômes + test VIH + prévention VIH + dépistage VIH
2021-05-02,17,Sidaction,Sidaction + VIH symptômes + test VIH + prévention VIH + dépistage VIH
2021-05-09,17,Sidaction,Sidaction + VIH symptômes + test VIH + prévention VIH + dépistage VIH
2021-05-16,20,Sidaction,Sidaction + VIH symptômes + test VIH + prévention VIH + dépistage VIH
2021-05-23,22,Sidaction,Sidaction + VIH symptômes + test VIH + prévention VIH + dépistage VIH
2021-05-30,17,Sidaction,Sidaction + VIH symptômes + test VIH + prévention VIH + dépistage VIH
2021-06-06,18,Sidaction,Sidaction + VIH symptômes + test VIH + prévention VIH + dépistage VIH
2021-06-13,14,Sidaction,Sidaction + VIH symptômes + test VIH + prévention VIH + dépistage VIH
2021-06-20,16,Sidaction,Sidaction + VIH symptômes + test VIH + prévention VIH + dépistage VIH
2021-06-27,17,Sidaction,Sidaction + VIH symptômes + test VIH + prévention VIH + dépistage VIH
2021-07-04,16,Sidaction,Sidaction + VIH symptômes + test VIH + prévention VIH + dépistage VIH
2021-07-11,16,Sidaction,Sidaction + VIH symptômes + test VIH + prévention VIH + dépistage VIH
2021-07-18,15,Sidaction,Sidaction + VIH symptômes + test VIH + prévention VIH + dépistage VIH
2021-07-25,17,Sidaction,Sidaction + VIH symptômes + test VIH + prévention VIH + dépistage VIH
2021-08-01,20,Sidaction,Sidaction + VIH symptômes + test VIH + prévention VIH + dépistage VIH
2021-08-08,18,Sidaction,Sidaction + VIH symptômes + test VIH + prévention VIH + dépistage VIH
2021-08-15,20,Sidaction,Sidaction + VIH symptômes + test VIH + prévention VIH + dépistage VIH
2021-08-22,20,Sidaction,Sidaction + VIH symptômes + test VIH + prévention VIH + dépistage VIH
2021-08-29,16,Sidaction,Sidaction + VIH symptômes + test VIH + prévention VIH + dépistage VIH
2021-09-05,19,Sidaction,Sidaction + VIH symptômes + test VIH + prévention VIH + dépistage VIH
2021-09-12,18,Sidaction,Sidaction + VIH symptômes + test VIH + prévention VIH + dépistage VIH
2021-09-19,16,Sidaction,Sidaction + VIH symptômes + test VIH + prévention VIH + dépistage VIH
2021-09-26,21,Sidaction,Sidaction + VIH symptômes + test VIH + prévention VIH + dépistage VIH
2021-10-03,19,Sidaction,Sidaction + VIH symptômes + test VIH + prévention VIH + dépistage VIH
2021-10-10,20,Sidaction,Sidaction + VIH symptômes + test VIH + prévention VIH + dépistage VIH
2021-10-17,15,Sidaction,Sidaction + VIH symptômes + test VIH + prévention VIH + dépistage VIH
2021-10-24,14,Sidaction,Sidaction + VIH symptômes + test VIH + prévention VIH + dépistage VIH
2021-10-31,18,Sidaction,Sidaction + VIH symptômes + test VIH + prévention VIH + dépistage VIH
2021-11-07,20,Sidaction,Sidaction + VIH symptômes + test VIH + prévention VIH + dépistage VIH
2021-11-14,24,Sidaction,Sidaction + VIH symptômes + test VIH + prévention VIH + dépistage VIH
2021-11-21,19,Sidaction,Sidaction + VIH symptômes + test VIH + prévention VIH + dépistage VIH
2021-11-28,33,Sidaction,Sidaction + VIH symptômes + test VIH + prévention VIH + dépistage VIH
2021-12-05,21,Sidaction,Sidaction + VIH symptômes + test VIH + prévention VIH + dépistage VIH
2021-12-12,19,Sidaction,Sidaction + VIH symptômes + test VIH + prévention VIH + dépistage VIH
2021-12-19,20,Sidaction,Sidaction + VIH symptômes + test VIH + prévention VIH + dépistage VIH
2021-12-26,20,Sidaction,Sidaction + VIH symptômes + test VIH + prévention VIH + dépistage VIH
2022-01-02,25,Sidaction,Sidaction + VIH symptômes + test VIH + prévention VIH + dépistage VIH
2022-01-09,20,Sidaction,Sidaction + VIH symptômes + test VIH + prévention VIH + dépistage VIH
2022-01-16,15,Sidaction,Sidaction + VIH symptômes + test VIH + prévention VIH + dépistage VIH
2022-01-23,15,Sidaction,Sidaction + VIH symptômes + test VIH + prévention VIH + dépistage VIH
2022-01-30,19,Sidaction,Sidaction + VIH symptômes + test VIH + prévention VIH + dépistage VIH
2022-02-06,21,Sidaction,Sidaction + VIH symptômes + test VIH + prévention VIH + dépistage VIH
2022-02-13,17,Sidaction,Sidaction + VIH symptômes + test VIH + prévention VIH + dépistage VIH
2022-02-20,17,Sidaction,Sidaction + VIH symptômes + test VIH + prévention VIH + dépistage VIH
2022-02-27,20,Sidaction,Sidaction + VIH symptômes + test VIH + prévention VIH + dépistage VIH
2022-03-06,22,Sidaction,Sidaction + VIH symptômes + test VIH + prévention VIH + dépistage VIH
2022-03-13,21,Sidaction,Sidaction + VIH symptômes + test VIH + prévention VIH + dépistage VIH
2022-03-20,96,Sidaction,Sidaction + VIH symptômes + test VIH + prévention VIH + dépistage VIH
2022-03-27,62,Sidaction,Sidaction + VIH symptômes + test VIH + prévention VIH + dépistage VIH
2022-04-03,24,Sidaction,Sidaction + VIH symptômes + test VIH + prévention VIH + dépistage VIH
2022-04-10,20,Sidaction,Sidaction + VIH symptômes + test VIH + prévention VIH + dépistage VIH
2022-04-17,20,Sidaction,Sidaction + VIH symptômes + test VIH + prévention VIH + dépistage VIH
2022-04-24,22,Sidaction,Sidaction + VIH symptômes + test VIH + prévention VIH + dépistage VIH
2022-05-01,24,Sidaction,Sidaction + VIH symptômes + test VIH + prévention VIH + dépistage VIH
2022-05-08,19,Sidaction,Sidaction + VIH symptômes + test VIH + prévention VIH + dépistage VIH
2022-05-15,21,Sidaction,Sidaction + VIH symptômes + test VIH + prévention VIH + dépistage VIH
2022-05-22,23,Sidaction,Sidaction + VIH symptômes + test VIH + prévention VIH + dépistage VIH
2022-05-29,20,Sidaction,Sidaction + VIH symptômes + test VIH + prévention VIH + dépistage VIH
2022-06-05,21,Sidaction,Sidaction + VIH symptômes + test VIH + prévention VIH + dépistage VIH
2022-06-12,18,Sidaction,Sidaction + VIH symptômes + test VIH + prévention VIH + dépistage VIH
2022-06-19,20,Sidaction,Sidaction + VIH symptômes + test VIH + prévention VIH + dépistage VIH
2022-06-26,18,Sidaction,Sidaction + VIH symptômes + test VIH + prévention VIH + dépistage VIH
2022-07-03,19,Sidaction,Sidaction + VIH symptômes + test VIH + prévention VIH + dépistage VIH
2022-07-10,20,Sidaction,Sidaction + VIH symptômes + test VIH + prévention VIH + dépistage VIH
2022-07-17,19,Sidaction,Sidaction + VIH symptômes + test VIH + prévention VIH + dépistage VIH
2022-07-24,20,Sidaction,Sidaction + VIH symptômes + test VIH + prévention VIH + dépistage VIH
2022-07-31,19,Sidaction,Sidaction + VIH symptômes + test VIH + prévention VIH + dépistage VIH
2022-08-07,18,Sidaction,Sidaction + VIH symptômes + test VIH + prévention VIH + dépistage VIH
2022-08-14,19,Sidaction,Sidaction + VIH symptômes + test VIH + prévention VIH + dépistage VIH
2022-08-21,20,Sidaction,Sidaction + VIH symptômes + test VIH + prévention VIH + dépistage VIH
2022-08-28,18,Sidaction,Sidaction + VIH symptômes + test VIH + prévention VIH + dépistage VIH
2022-09-04,17,Sidaction,Sidaction + VIH symptômes + test VIH + prévention VIH + dépistage VIH
2022-09-11,22,Sidaction,Sidaction + VIH symptômes + test VIH + prévention VIH + dépistage VIH
2022-09-18,20,Sidaction,Sidaction + VIH symptômes + test VIH + prévention VIH + dépistage VIH
2022-09-25,21,Sidaction,Sidaction + VIH symptômes + test VIH + prévention VIH + dépistage VIH
2022-10-02,19,Sidaction,Sidaction + VIH symptômes + test VIH + prévention VIH + dépistage VIH
2022-10-09,17,Sidaction,Sidaction + VIH symptômes + test VIH + prévention VIH + dépistage VIH
2022-10-16,19,Sidaction,Sidaction + VIH symptômes + test VIH + prévention VIH + dépistage VIH
2022-10-23,21,Sidaction,Sidaction + VIH symptômes + test VIH + prévention VIH + dépistage VIH
2022-10-30,18,Sidaction,Sidaction + VIH symptômes + test VIH + prévention VIH + dépistage VIH
2022-11-06,16,Sidaction,Sidaction + VIH symptômes + test VIH + prévention VIH + dépistage VIH
2022-11-13,19,Sidaction,Sidaction + VIH symptômes + test VIH + prévention VIH + dépistage VIH
2022-11-20,19,Sidaction,Sidaction + VIH symptômes + test VIH + prévention VIH + dépistage VIH
2022-11-27,29,Sidaction,Sidaction + VIH symptômes + test VIH + prévention VIH + dépistage VIH
2022-12-04,20,Sidaction,Sidaction + VIH symptômes + test VIH + prévention VIH + dépistage VIH
2022-12-11,19,Sidaction,Sidaction + VIH symptômes + test VIH + prévention VIH + dépistage VIH
2022-12-18,17,Sidaction,Sidaction + VIH symptômes + test VIH + prévention VIH + dépistage VIH
2022-12-25,18,Sidaction,Sidaction + VIH symptômes + test VIH + prévention VIH + dépistage VIH
2023-01-01,18,Sidaction,Sidaction + VIH symptômes + test VIH + prévention VIH + dépistage VIH
2023-01-08,20,Sidaction,Sidaction + VIH symptômes + test VIH + prévention VIH + dépistage VIH
2023-01-15,21,Sidaction,Sidaction + VIH symptômes + test VIH + prévention VIH + dépistage VIH
2023-01-22,19,Sidaction,Sidaction + VIH symptômes + test VIH + prévention VIH + dépistage VIH
2023-01-29,21,Sidaction,Sidaction + VIH symptômes + test VIH + prévention VIH + dépistage VIH
2023-02-05,16,Sidaction,Sidaction + VIH symptômes + test VIH + prévention VIH + dépistage VIH
2023-02-12,19,Sidaction,Sidaction + VIH symptômes + test VIH + prévention VIH + dépistage VIH
2023-02-19,21,Sidaction,Sidaction + VIH symptômes + test VIH + prévention VIH + dépistage VIH
2023-02-26,19,Sidaction,Sidaction + VIH symptômes + test VIH + prévention VIH + dépistage VIH
2023-03-05,22,Sidaction,Sidaction + VIH symptômes + test VIH + prévention VIH + dépistage VIH
2023-03-12,24,Sidaction,Sidaction + VIH symptômes + test VIH + prévention VIH + dépistage VIH
2023-03-19,81,Sidaction,Sidaction + VIH symptômes + test VIH + prévention VIH + dépistage VIH
2023-03-26,53,Sidaction,Sidaction + VIH symptômes + test VIH + prévention VIH + dépistage VIH
2023-04-02,19,Sidaction,Sidaction + VIH symptômes + test VIH + prévention VIH + dépistage VIH
2023-04-09,18,Sidaction,Sidaction + VIH symptômes + test VIH + prévention VIH + dépistage VIH
2023-04-16,20,Sidaction,Sidaction + VIH symptômes + test VIH + prévention VIH + dépistage VIH
2023-04-23,18,Sidaction,Sidaction + VIH symptômes + test VIH + prévention VIH + dépistage VIH
2023-04-30,17,Sidaction,Sidaction + VIH symptômes + test VIH + prévention VIH + dépistage VIH
2023-05-07,16,Sidaction,Sidaction + VIH symptômes + test VIH + prévention VIH + dépistage VIH
2023-05-14,20,Sidaction,Sidaction + VIH symptômes + test VIH + prévention VIH + dépistage VIH
2023-05-21,19,Sidaction,Sidaction + VIH symptômes + test VIH + prévention VIH + dépistage VIH
2023-05-28,19,Sidaction,Sidaction + VIH symptômes + test VIH + prévention VIH + dépistage VIH
2023-06-04,18,Sidaction,Sidaction + VIH symptômes + test VIH + prévention VIH + dépistage VIH
2023-06-11,17,Sidaction,Sidaction + VIH symptômes + test VIH + prévention VIH + dépistage VIH
2023-06-18,16,Sidaction,Sidaction + VIH symptômes + test VIH + prévention VIH + dépistage VIH
2023-06-25,15,Sidaction,Sidaction + VIH symptômes + test VIH + prévention VIH + dépistage VIH
2023-07-02,18,Sidaction,Sidaction + VIH symptômes + test VIH + prévention VIH + dépistage VIH
2023-07-09,16,Sidaction,Sidaction + VIH symptômes + test VIH + prévention VIH + dépistage VIH
2023-07-16,17,Sidaction,Sidaction + VIH symptômes + test VIH + prévention VIH + dépistage VIH
2023-07-23,17,Sidaction,Sidaction + VIH symptômes + test VIH + prévention VIH + dépistage VIH
2023-07-30,17,Sidaction,Sidaction + VIH symptômes + test VIH + prévention VIH + dépistage VIH
2023-08-06,17,Sidaction,Sidaction + VIH symptômes + test VIH + prévention VIH + dépistage VIH
2023-08-13,17,Sidaction,Sidaction + VIH symptômes + test VIH + prévention VIH + dépistage VIH
2023-08-20,17,Sidaction,Sidaction + VIH symptômes + test VIH + prévention VIH + dépistage VIH
2023-08-27,18,Sidaction,Sidaction + VIH symptômes + test VIH + prévention VIH + dépistage VIH
2023-09-03,13,Sidaction,Sidaction + VIH symptômes + test VIH + prévention VIH + dépistage VIH
2023-09-10,18,Sidaction,Sidaction + VIH symptômes + test VIH + prévention VIH + dépistage VIH
2023-09-17,18,Sidaction,Sidaction + VIH symptômes + test VIH + prévention VIH + dépistage VIH
2023-09-24,19,Sidaction,Sidaction + VIH symptômes + test VIH + prévention VIH + dépistage VIH
2023-10-01,18,Sidaction,Sidaction + VIH symptômes + test VIH + prévention VIH + dépistage VIH
2023-10-08,17,Sidaction,Sidaction + VIH symptômes + test VIH + prévention VIH + dépistage VIH
2023-10-15,20,Sidaction,Sidaction + VIH symptômes + test VIH + prévention VIH + dépistage VIH
2023-10-22,19,Sidaction,Sidaction + VIH symptômes + test VIH + prévention VIH + dépistage VIH
2023-10-29,13,Sidaction,Sidaction + VIH symptômes + test VIH + prévention VIH + dépistage VIH
2023-11-05,18,Sidaction,Sidaction + VIH symptômes + test VIH + prévention VIH + dépistage VIH
2023-11-12,18,Sidaction,Sidaction + VIH symptômes + test VIH + prévention VIH + dépistage VIH
2023-11-19,18,Sidaction,Sidaction + VIH symptômes + test VIH + prévention VIH + dépistage VIH
2023-11-26,28,Sidaction,Sidaction + VIH symptômes + test VIH + prévention VIH + dépistage VIH
2023-12-03,18,Sidaction,Sidaction + VIH symptômes + test VIH + prévention VIH + dépistage VIH
2023-12-10,23,Sidaction,Sidaction + VIH symptômes + test VIH + prévention VIH + dépistage VIH
2023-12-17,19,Sidaction,Sidaction + VIH symptômes + test VIH + prévention VIH + dépistage VIH
2023-12-24,18,Sidaction,Sidaction + VIH symptômes + test VIH + prévention VIH + dépistage VIH
2023-12-31,18,Sidaction,Sidaction + VIH symptômes + test VIH + prévention VIH + dépistage VIH
2024-01-07,18,Sidaction,Sidaction + VIH symptômes + test VIH + prévention VIH + dépistage VIH
2024-01-14,17,Sidaction,Sidaction + VIH symptômes + test VIH + prévention VIH + dépistage VIH
2024-01-21,19,Sidaction,Sidaction + VIH symptômes + test VIH + prévention VIH + dépistage VIH
2024-01-28,13,Sidaction,Sidaction + VIH symptômes + test VIH + prévention VIH + dépistage VIH
2024-02-04,18,Sidaction,Sidaction + VIH symptômes + test VIH + prévention VIH + dépistage VIH
2024-02-11,19,Sidaction,Sidaction + VIH symptômes + test VIH + prévention VIH + dépistage VIH
2024-02-18,21,Sidaction,Sidaction + VIH symptômes + test VIH + prévention VIH + dépistage VIH
2024-02-25,20,Sidaction,Sidaction + VIH symptômes + test VIH + prévention VIH + dépistage VIH
2024-03-03,18,Sidaction,Sidaction + VIH symptômes + test VIH + prévention VIH + dépistage VIH
2024-03-10,21,Sidaction,Sidaction + VIH symptômes + test VIH + prévention VIH + dépistage VIH
2024-03-17,99,Sidaction,Sidaction + VIH symptômes + test VIH + prévention VIH + dépistage VIH
2024-03-24,49,Sidaction,Sidaction + VIH symptômes + test VIH + prévention VIH + dépistage VIH
2024-03-31,20,Sidaction,Sidaction + VIH symptômes + test VIH + prévention VIH + dépistage VIH
2024-04-07,20,Sidaction,Sidaction + VIH symptômes + test VIH + prévention VIH + dépistage VIH
2024-04-14,18,Sidaction,Sidaction + VIH symptômes + test VIH + prévention VIH + dépistage VIH
2024-04-21,19,Sidaction,Sidaction + VIH symptômes + test VIH + prévention VIH + dépistage VIH
2024-04-28,15,Sidaction,Sidaction + VIH symptômes + test VIH + prévention VIH + dépistage VIH
2024-05-05,17,Sidaction,Sidaction + VIH symptômes + test VIH + prévention VIH + dépistage VIH
2024-05-12,17,Sidaction,Sidaction + VIH symptômes + test VIH + prévention VIH + dépistage VIH
2024-05-19,16,Sidaction,Sidaction + VIH symptômes + test VIH + prévention VIH + dépistage VIH
2024-05-26,19,Sidaction,Sidaction + VIH symptômes + test VIH + prévention VIH + dépistage VIH
2024-06-02,18,Sidaction,Sidaction + VIH symptômes + test VIH + prévention VIH + dépistage VIH
2024-06-09,16,Sidaction,Sidaction + VIH symptômes + test VIH + prévention VIH + dépistage VIH
2024-06-16,15,Sidaction,Sidaction + VIH symptômes + test VIH + prévention VIH + dépistage VIH
2024-06-23,15,Sidaction,Sidaction + VIH symptômes + test VIH + prévention VIH + dépistage VIH
2024-06-30,14,Sidaction,Sidaction + VIH symptômes + test VIH + prévention VIH + dépistage VIH
2024-07-07,15,Sidaction,Sidaction + VIH symptômes + test VIH + prévention VIH + dépistage VIH
2024-07-14,16,Sidaction,Sidaction + VIH symptômes + test VIH + prévention VIH + dépistage VIH
2024-07-21,15,Sidaction,Sidaction + VIH symptômes + test VIH + prévention VIH + dépistage VIH
2024-07-28,14,Sidaction,Sidaction + VIH symptômes + test VIH + prévention VIH + dépistage VIH
2024-08-04,13,Sidaction,Sidaction + VIH symptômes + test VIH + prévention VIH + dépistage VIH
2024-08-11,15,Sidaction,Sidaction + VIH symptômes + test VIH + prévention VIH + dépistage VIH
2024-08-18,16,Sidaction,Sidaction + VIH symptômes + test VIH + prévention VIH + dépistage VIH
2024-08-25,19,Sidaction,Sidaction + VIH symptômes + test VIH + prévention VIH + dépistage VIH
2024-09-01,17,Sidaction,Sidaction + VIH symptômes + test VIH + prévention VIH + dépistage VIH
2024-09-08,17,Sidaction,Sidaction + VIH symptômes + test VIH + prévention VIH + dépistage VIH
2024-09-15,16,Sidaction,Sidaction + VIH symptômes + test VIH + prévention VIH + dépistage VIH
2024-09-22,18,Sidaction,Sidaction + VIH symptômes + test VIH + prévention VIH + dépistage VIH
2024-09-29,18,Sidaction,Sidaction + VIH symptômes + test VIH + prévention VIH + dépistage VIH
2024-10-06,19,Sidaction,Sidaction + VIH symptômes + test VIH + prévention VIH + dépistage VIH
2024-10-13,21,Sidaction,Sidaction + VIH symptômes + test VIH + prévention VIH + dépistage VIH
2024-10-20,15,Sidaction,Sidaction + VIH symptômes + test VIH + prévention VIH + dépistage VIH
2024-10-27,16,Sidaction,Sidaction + VIH symptômes + test VIH + prévention VIH + dépistage VIH
2024-11-03,16,Sidaction,Sidaction + VIH symptômes + test VIH + prévention VIH + dépistage VIH
2024-11-10,15,Sidaction,Sidaction + VIH symptômes + test VIH + prévention VIH + dépistage VIH
2024-11-17,15,Sidaction,Sidaction + VIH symptômes + test VIH + prévention VIH + dépistage VIH
2024-11-24,25,Sidaction,Sidaction + VIH symptômes + test VIH + prévention VIH + dépistage VIH
2024-12-01,21,Sidaction,Sidaction + VIH symptômes + test VIH + prévention VIH + dépistage VIH
2024-12-08,16,Sidaction,Sidaction + VIH symptômes + test VIH + prévention VIH + dépistage VIH
2024-12-15,17,Sidaction,Sidaction + VIH symptômes + test VIH + prévention VIH + dépistage VIH
2024-12-22,17,Sidaction,Sidaction + VIH symptômes + test VIH + prévention VIH + dépistage VIH
2024-12-29,18,Sidaction,Sidaction + VIH symptômes + test VIH + prévention VIH + dépistage VIH
2025-01-05,18,Sidaction,Sidaction + VIH symptômes + test VIH + prévention VIH + dépistage VIH
2025-01-12,16,Sidaction,Sidaction + VIH symptômes + test VIH + prévention VIH + dépistage VIH
2025-01-19,15,Sidaction,Sidaction + VIH symptômes + test VIH + prévention VIH + dépistage VIH
2025-01-26,17,Sidaction,Sidaction + VIH symptômes + test VIH + prévention VIH + dépistage VIH
2025-02-02,15,Sidaction,Sidaction + VIH symptômes + test VIH + prévention VIH + dépistage VIH
2025-02-09,16,Sidaction,Sidaction + VIH symptômes + test VIH + prévention VIH + dépistage VIH
2025-02-16,15,Sidaction,Sidaction + VIH symptômes + test VIH + prévention VIH + dépistage VIH
2025-02-23,19,Sidaction,Sidaction + VIH symptômes + test VIH + prévention VIH + dépistage VIH
2025-03-02,18,Sidaction,Sidaction + VIH symptômes + test VIH + prévention VIH + dépistage VIH
2025-03-09,25,Sidaction,Sidaction + VIH symptômes + test VIH + prévention VIH + dépistage VIH
2025-03-16,69,Sidaction,Sidaction + VIH symptômes + test VIH + prévention VIH + dépistage VIH
2025-03-23,45,Sidaction,Sidaction + VIH symptômes + test VIH + prévention VIH + dépistage VIH
2025-03-30,21,Sidaction,Sidaction + VIH symptômes + test VIH + prévention VIH + dépistage VIH
2025-04-06,16,Sidaction,Sidaction + VIH symptômes + test VIH + prévention VIH + dépistage VIH
2025-04-13,14,Sidaction,Sidaction + VIH symptômes + test VIH + prévention VIH + dépistage VIH
2025-04-20,14,Sidaction,Sidaction + VIH symptômes + test VIH + prévention VIH + dépistage VIH
2025-04-27,13,Sidaction,Sidaction + VIH symptômes + test VIH + prévention VIH + dépistage VIH
2025-05-04,15,Sidaction,Sidaction + VIH symptômes + test VIH + prévention VIH + dépistage VIH
2025-05-11,16,Sidaction,Sidaction + VIH symptômes + test VIH + prévention VIH + dépistage VIH
2025-05-18,15,Sidaction,Sidaction + VIH symptômes + test VIH + prévention VIH + dépistage VIH
2025-05-25,13,Sidaction,Sidaction + VIH symptômes + test VIH + prévention VIH + dépistage VIH
2025-06-01,14,Sidaction,Sidaction + VIH symptômes + test VIH + prévention VIH + dépistage VIH
2025-06-08,14,Sidaction,Sidaction + VIH symptômes + test VIH + prévention VIH + dépistage VIH
2025-06-15,13,Sidaction,Sidaction + VIH symptômes + test VIH + prévention VIH + dépistage VIH
2025-06-22,12,Sidaction,Sidaction + VIH symptômes + test VIH + prévention VIH + dépistage VIH
2025-06-29,13,Sidaction,Sidaction + VIH symptômes + test VIH + prévention VIH + dépistage VIH
2025-07-06,12,Sidaction,Sidaction + VIH symptômes + test VIH + prévention VIH + dépistage VIH
2025-07-13,12,Sidaction,Sidaction + VIH symptômes + test VIH + prévention VIH + dépistage VIH
2025-07-20,15,Sidaction,Sidaction + VIH symptômes + test VIH + prévention VIH + dépistage VIH
2025-07-27,12,Sidaction,Sidaction + VIH symptômes + test VIH + prévention VIH + dépistage VIH
2025-08-03,14,Sidaction,Sidaction + VIH symptômes + test VIH + prévention VIH + dépistage VIH
2025-08-10,14,Sidaction,Sidaction + VIH symptômes + test VIH + prévention VIH + dépistage VIH
2025-08-17,10,Sidaction,Sidaction + VIH symptômes + test VIH + prévention VIH + dépistage VIH
2025-08-24,12,Sidaction,Sidaction + VIH symptômes + test VIH + prévention VIH + dépistage VIH
2025-08-31,13,Sidaction,Sidaction + VIH symptômes + test VIH + prévention VIH + dépistage VIH
2025-09-07,14,Sidaction,Sidaction + VIH symptômes + test VIH + prévention VIH + dépistage VIH
2025-09-14,13,Sidaction,Sidaction + VIH symptômes + test VIH + prévention VIH + dépistage VIH
2025-09-21,14,Sidaction,Sidaction + VIH symptômes + test VIH + prévention VIH + dépistage VIH
2025-09-28,11,Sidaction,Sidaction + VIH symptômes + test VIH + prévention VIH + dépistage VIH
2025-10-05,14,Sidaction,Sidaction + VIH symptômes + test VIH + prévention VIH + dépistage VIH
2025-10-12,14,Sidaction,Sidaction + VIH symptômes + test VIH + prévention VIH + dépistage VIH
2025-10-19,13,Sidaction,Sidaction + VIH symptômes + test VIH + prévention VIH + dépistage VIH
2025-10-26,12,Sidaction,Sidaction + VIH symptômes + test VIH + prévention VIH + dépistage VIH
2025-11-02,14,Sidaction,Sidaction + VIH symptômes + test VIH + prévention VIH + dépistage VIH
2025-11-09,11,Sidaction,Sidaction + VIH symptômes + test VIH + prévention VIH + dépistage VIH
2025-11-16,13,Sidaction,Sidaction + VIH symptômes + test VIH + prévention VIH + dépistage VIH
2025-11-23,16,Sidaction,Sidaction + VIH symptômes + test VIH + prévention VIH + dépistage VIH
2025-11-30,27,Sidaction,Sidaction + VIH symptômes + test VIH + prévention VIH + dépistage VIH
2025-12-07,15,Sidaction,Sidaction + VIH symptômes + test VIH + prévention VIH + dépistage VIH
2025-12-14,17,Sidaction,Sidaction + VIH symptômes + test VIH + prévention VIH + dépistage VIH
2025-12-21,13,Sidaction,Sidaction + VIH symptômes + test VIH + prévention VIH + dépistage VIH
2025-12-28,15,Sidaction,Sidaction + VIH symptômes + test VIH + prévention VIH + dépistage VIH
2020-12-27,8,World Health Day,World Health Day + WHO health day + santé mondiale + global health + journée santé
2021-01-03,12,World Health Day,World Health Day + WHO health day + santé mondiale + global health + journée santé
2021-01-10,11,World Health Day,World Health Day + WHO health day + santé mondiale + global health + journée santé
2021-01-17,7,World Health Day,World Health Day + WHO health day + santé mondiale + global health + journée santé
2021-01-24,9,World Health Day,World Health Day + WHO health day + santé mondiale + global health + journée santé
2021-01-31,8,World Health Day,World Health Day + WHO health day + santé mondiale + global health + journée santé
2021-02-07,8,World Health Day,World Health Day + WHO health day + santé mondiale + global health + journée santé
2021-02-14,7,World Health Day,World Health Day + WHO health day + santé mondiale + global health + journée santé
2021-02-21,9,World Health Day,World Health Day + WHO health day + santé mondiale + global health + journée santé
2021-02-28,8,World Health Day,World Health Day + WHO health day + santé mondiale + global health + journée santé
2021-03-07,11,World Health Day,World Health Day + WHO health day + santé mondiale + global health + journée santé
2021-03-14,10,World Health Day,World Health Day + WHO health day + santé mondiale + global health + journée santé
2021-03-21,12,World Health Day,World Health Day + WHO health day + santé mondiale + global health + journée santé
2021-03-28,13,World Health Day,World Health Day + WHO health day + santé mondiale + global health + journée santé
2021-04-04,20,World Health Day,World Health Day + WHO health day + santé mondiale + global health + journée santé
2021-04-11,9,World Health Day,World Health Day + WHO health day + santé mondiale + global health + journée santé
2021-04-18,8,World Health Day,World Health Day + WHO health day + santé mondiale + global health + journée santé
2021-04-25,14,World Health Day,World Health Day + WHO health day + santé mondiale + global health + journée santé
2021-05-02,9,World Health Day,World Health Day + WHO health day + santé mondiale + global health + journée santé
2021-05-09,7,World Health Day,World Health Day + WHO health day + santé mondiale + global health + journée santé
2021-05-16,11,World Health Day,World Health Day + WHO health day + santé mondiale + global health + journée santé
2021-05-23,9,World Health Day,World Health Day + WHO health day + santé mondiale + global health + journée santé
2021-05-30,8,World Health Day,World Health Day + WHO health day + santé mondiale + global health + journée santé
2021-06-06,10,World Health Day,World Health Day + WHO health day + santé mondiale + global health + journée santé
2021-06-13,8,World Health Day,World Health Day + WHO health day + santé mondiale + global health + journée santé
2021-06-20,7,World Health Day,World Health Day + WHO health day + santé mondiale + global health + journée santé
2021-06-27,7,World Health Day,World Health Day + WHO health day + santé mondiale + global health + journée santé
2021-07-04,5,World Health Day,World Health Day + WHO health day + santé mondiale + global health + journée santé
2021-07-11,6,World Health Day,World Health Day + WHO health day + santé mondiale + global health + journée santé
2021-07-18,7,World Health Day,World Health Day + WHO health day + santé mondiale + global health + journée santé
2021-07-25,5,World Health Day,World Health Day + WHO health day + santé mondiale + global health + journée santé
2021-08-01,7,World Health Day,World Health Day + WHO health day + santé mondiale + global health + journée santé
2021-08-08,7,World Health Day,World Health Day + WHO health day + santé mondiale + global health + journée santé
2021-08-15,7,World Health Day,World Health Day + WHO health day + santé mondiale + global health + journée santé
2021-08-22,6,World Health Day,World Health Day + WHO health day + santé mondiale + global health + journée santé
2021-08-29,6,World Health Day,World Health Day + WHO health day + santé mondiale + global health + journée santé
2021-09-05,10,World Health Day,World Health Day + WHO health day + santé mondiale + global health + journée santé
2021-09-12,9,World Health Day,World Health Day + WHO health day + santé mondiale + global health + journée santé
2021-09-19,9,World Health Day,World Health Day + WHO health day + santé mondiale + global health + journée santé
2021-09-26,10,World Health Day,World Health Day + WHO health day + santé mondiale + global health + journée santé
2021-10-03,10,World Health Day,World Health Day + WHO health day + santé mondiale + global health + journée santé
2021-10-10,14,World Health Day,World Health Day + WHO health day + santé mondiale + global health + journée santé
2021-10-17,9,World Health Day,World Health Day + WHO health day + santé mondiale + global health + journée santé
2021-10-24,8,World Health Day,World Health Day + WHO health day + santé mondiale + global health + journée santé
2021-10-31,7,World Health Day,World Health Day + WHO health day + santé mondiale + global health + journée santé
2021-11-07,8,World Health Day,World Health Day + WHO health day + santé mondiale + global health + journée santé
2021-11-14,12,World Health Day,World Health Day + WHO health day + santé mondiale + global health + journée santé
2021-11-21,9,World Health Day,World Health Day + WHO health day + santé mondiale + global health + journée santé
2021-11-28,8,World Health Day,World Health Day + WHO health day + santé mondiale + global health + journée santé
2021-12-05,10,World Health Day,World Health Day + WHO health day + santé mondiale + global health + journée santé
2021-12-12,10,World Health Day,World Health Day + WHO health day + santé mondiale + global health + journée santé
2021-12-19,8,World Health Day,World Health Day + WHO health day + santé mondiale + global health + journée santé
2021-12-26,7,World Health Day,World Health Day + WHO health day + santé mondiale + global health + journée santé
2022-01-02,10,World Health Day,World Health Day + WHO health day + santé mondiale + global health + journée santé
2022-01-09,11,World Health Day,World Health Day + WHO health day + santé mondiale + global health + journée santé
2022-01-16,12,World Health Day,World Health Day + WHO health day + santé mondiale + global health + journée santé
2022-01-23,11,World Health Day,World Health Day + WHO health day + santé mondiale + global health + journée santé
2022-01-30,13,World Health Day,World Health Day + WHO health day + santé mondiale + global health + journée santé
2022-02-06,11,World Health Day,World Health Day + WHO health day + santé mondiale + global health + journée santé
2022-02-13,10,World Health Day,World Health Day + WHO health day + santé mondiale + global health + journée santé
2022-02-20,13,World Health Day,World Health Day + WHO health day + santé mondiale + global health + journée santé
2022-02-27,16,World Health Day,World Health Day + WHO health day + santé mondiale + global health + journée santé
2022-03-06,11,World Health Day,World Health Day + WHO health day + santé mondiale + global health + journée santé
2022-03-13,13,World Health Day,World Health Day + WHO health day + santé mondiale + global health + journée santé
2022-03-20,14,World Health Day,World Health Day + WHO health day + santé mondiale + global health + journée santé
2022-03-27,18,World Health Day,World Health Day + WHO health day + santé mondiale + global health + journée santé
2022-04-03,28,World Health Day,World Health Day + WHO health day + santé mondiale + global health + journée santé
2022-04-10,12,World Health Day,World Health Day + WHO health day + santé mondiale + global health + journée santé
2022-04-17,13,World Health Day,World Health Day + WHO health day + santé mondiale + global health + journée santé
2022-04-24,16,World Health Day,World Health Day + WHO health day + santé mondiale + global health + journée santé
2022-05-01,12,World Health Day,World Health Day + WHO health day + santé mondiale + global health + journée santé
2022-05-08,10,World Health Day,World Health Day + WHO health day + santé mondiale + global health + journée santé
2022-05-15,12,World Health Day,World Health Day + WHO health day + santé mondiale + global health + journée santé
2022-05-22,11,World Health Day,World Health Day + WHO health day + santé mondiale + global health + journée santé
2022-05-29,10,World Health Day,World Health Day + WHO health day + santé mondiale + global health + journée santé
2022-06-05,9,World Health Day,World Health Day + WHO health day + santé mondiale + global health + journée santé
2022-06-12,9,World Health Day,World Health Day + WHO health day + santé mondiale + global health + journée santé
2022-06-19,8,World Health Day,World Health Day + WHO health day + santé mondiale + global health + journée santé
2022-06-26,9,World Health Day,World Health Day + WHO health day + santé mondiale + global health + journée santé
2022-07-03,6,World Health Day,World Health Day + WHO health day + santé mondiale + global health + journée santé
2022-07-10,7,World Health Day,World Health Day + WHO health day + santé mondiale + global health + journée santé
2022-07-17,6,World Health Day,World Health Day + WHO health day + santé mondiale + global health + journée santé
2022-07-24,9,World Health Day,World Health Day + WHO health day + santé mondiale + global health + journée santé
2022-07-31,6,World Health Day,World Health Day + WHO health day + santé mondiale + global health + journée santé
2022-08-07,7,World Health Day,World Health Day + WHO health day + santé mondiale + global health + journée santé
2022-08-14,5,World Health Day,World Health Day + WHO health day + santé mondiale + global health + journée santé
2022-08-21,10,World Health Day,World Health Day + WHO health day + santé mondiale + global health + journée santé
2022-08-28,8,World Health Day,World Health Day + WHO health day + santé mondiale + global health + journée santé
2022-09-04,11,World Health Day,World Health Day + WHO health day + santé mondiale + global health + journée santé
2022-09-11,12,World Health Day,World Health Day + WHO health day + santé mondiale + global health + journée santé
2022-09-18,11,World Health Day,World Health Day + WHO health day + santé mondiale + global health + journée santé
2022-09-25,12,World Health Day,World Health Day + WHO health day + santé mondiale + global health + journée santé
2022-10-02,14,World Health Day,World Health Day + WHO health day + santé mondiale + global health + journée santé
2022-10-09,26,World Health Day,World Health Day + WHO health day + santé mondiale + global health + journée santé
2022-10-16,11,World Health Day,World Health Day + WHO health day + santé mondiale + global health + journée santé
2022-10-23,8,World Health Day,World Health Day + WHO health day + santé mondiale + global health + journée santé
2022-10-30,6,World Health Day,World Health Day + WHO health day + santé mondiale + global health + journée santé
2022-11-06,10,World Health Day,World Health Day + WHO health day + santé mondiale + global health + journée santé
2022-11-13,10,World Health Day,World Health Day + WHO health day + santé mondiale + global health + journée santé
2022-11-20,9,World Health Day,World Health Day + WHO health day + santé mondiale + global health + journée santé
2022-11-27,8,World Health Day,World Health Day + WHO health day + santé mondiale + global health + journée santé
2022-12-04,9,World Health Day,World Health Day + WHO health day + santé mondiale + global health + journée santé
2022-12-11,9,World Health Day,World Health Day + WHO health day + santé mondiale + global health + journée santé
2022-12-18,7,World Health Day,World Health Day + WHO health day + santé mondiale + global health + journée santé
2022-12-25,6,World Health Day,World Health Day + WHO health day + santé mondiale + global health + journée santé
2023-01-01,9,World Health Day,World Health Day + WHO health day + santé mondiale + global health + journée santé
2023-01-08,9,World Health Day,World Health Day + WHO health day + santé mondiale + global health + journée santé
2023-01-15,12,World Health Day,World Health Day + WHO health day + santé mondiale + global health + journée santé
2023-01-22,13,World Health Day,World Health Day + WHO health day + santé mondiale + global health + journée santé
2023-01-29,12,World Health Day,World Health Day + WHO health day + santé mondiale + global health + journée santé
2023-02-05,12,World Health Day,World Health Day + WHO health day + santé mondiale + global health + journée santé
2023-02-12,9,World Health Day,World Health Day + WHO health day + santé mondiale + global health + journée santé
2023-02-19,11,World Health Day,World Health Day + WHO health day + santé mondiale + global health + journée santé
2023-02-26,10,World Health Day,World Health Day + WHO health day + santé mondiale + global health + journée santé
2023-03-05,16,World Health Day,World Health Day + WHO health day + santé mondiale + global health + journée santé
2023-03-12,15,World Health Day,World Health Day + WHO health day + santé mondiale + global health + journée santé
2023-03-19,14,World Health Day,World Health Day + WHO health day + santé mondiale + global health + journée santé
2023-03-26,16,World Health Day,World Health Day + WHO health day + santé mondiale + global health + journée santé
2023-04-02,26,World Health Day,World Health Day + WHO health day + santé mondiale + global health + journée santé
2023-04-09,12,World Health Day,World Health Day + WHO health day + santé mondiale + global health + journée santé
2023-04-16,12,World Health Day,World Health Day + WHO health day + santé mondiale + global health + journée santé
2023-04-23,23,World Health Day,World Health Day + WHO health day + santé mondiale + global health + journée santé
2023-04-30,12,World Health Day,World Health Day + WHO health day + santé mondiale + global health + journée santé
2023-05-07,9,World Health Day,World Health Day + WHO health day + santé mondiale + global health + journée santé
2023-05-14,9,World Health Day,World Health Day + WHO health day + santé mondiale + global health + journée santé
2023-05-21,12,World Health Day,World Health Day + WHO health day + santé mondiale + global health + journée santé
2023-05-28,11,World Health Day,World Health Day + WHO health day + santé mondiale + global health + journée santé
2023-06-04,10,World Health Day,World Health Day + WHO health day + santé mondiale + global health + journée santé
2023-06-11,12,World Health Day,World Health Day + WHO health day + santé mondiale + global health + journée santé
2023-06-18,10,World Health Day,World Health Day + WHO health day + santé mondiale + global health + journée santé
2023-06-25,9,World Health Day,World Health Day + WHO health day + santé mondiale + global health + journée santé
2023-07-02,7,World Health Day,World Health Day + WHO health day + santé mondiale + global health + journée santé
2023-07-09,8,World Health Day,World Health Day + WHO health day + santé mondiale + global health + journée santé
2023-07-16,8,World Health Day,World Health Day + WHO health day + santé mondiale + global health + journée santé
2023-07-23,6,World Health Day,World Health Day + WHO health day + santé mondiale + global health + journée santé
2023-07-30,7,World Health Day,World Health Day + WHO health day + santé mondiale + global health + journée santé
2023-08-06,6,World Health Day,World Health Day + WHO health day + santé mondiale + global health + journée santé
2023-08-13,4,World Health Day,World Health Day + WHO health day + santé mondiale + global health + journée santé
2023-08-20,9,World Health Day,World Health Day + WHO health day + santé mondiale + global health + journée santé
2023-08-27,10,World Health Day,World Health Day + WHO health day + santé mondiale + global health + journée santé
2023-09-03,12,World Health Day,World Health Day + WHO health day + santé mondiale + global health + journée santé
2023-09-10,11,World Health Day,World Health Day + WHO health day + santé mondiale + global health + journée santé
2023-09-17,11,World Health Day,World Health Day + WHO health day + santé mondiale + global health + journée santé
2023-09-24,14,World Health Day,World Health Day + WHO health day + santé mondiale + global health + journée santé
2023-10-01,13,World Health Day,World Health Day + WHO health day + santé mondiale + global health + journée santé
2023-10-08,25,World Health Day,World Health Day + WHO health day + santé mondiale + global health + journée santé
2023-10-15,14,World Health Day,World Health Day + WHO health day + santé mondiale + global health + journée santé
2023-10-22,12,World Health Day,World Health Day + WHO health day + santé mondiale + global health + journée santé
2023-10-29,9,World Health Day,World Health Day + WHO health day + santé mondiale + global health + journée santé
2023-11-05,10,World Health Day,World Health Day + WHO health day + santé mondiale + global health + journée santé
2023-11-12,10,World Health Day,World Health Day + WHO health day + santé mondiale + global health + journée santé
2023-11-19,9,World Health Day,World Health Day + WHO health day + santé mondiale + global health + journée santé
2023-11-26,11,World Health Day,World Health Day + WHO health day + santé mondiale + global health + journée santé
2023-12-03,13,World Health Day,World Health Day + WHO health day + santé mondiale + global health + journée santé
2023-12-10,10,World Health Day,World Health Day + WHO health day + santé mondiale + global health + journée santé
2023-12-17,11,World Health Day,World Health Day + WHO health day + santé mondiale + global health + journée santé
2023-12-24,4,World Health Day,World Health Day + WHO health day + santé mondiale + global health + journée santé
2023-12-31,9,World Health Day,World Health Day + WHO health day + santé mondiale + global health + journée santé
2024-01-07,14,World Health Day,World Health Day + WHO health day + santé mondiale + global health + journée santé
2024-01-14,13,World Health Day,World Health Day + WHO health day + santé mondiale + global health + journée santé
2024-01-21,13,World Health Day,World Health Day + WHO health day + santé mondiale + global health + journée santé
2024-01-28,14,World Health Day,World Health Day + WHO health day + santé mondiale + global health + journée santé
2024-02-04,14,World Health Day,World Health Day + WHO health day + santé mondiale + global health + journée santé
2024-02-11,12,World Health Day,World Health Day + WHO health day + santé mondiale + global health + journée santé
2024-02-18,13,World Health Day,World Health Day + WHO health day + santé mondiale + global health + journée santé
2024-02-25,13,World Health Day,World Health Day + WHO health day + santé mondiale + global health + journée santé
2024-03-03,16,World Health Day,World Health Day + WHO health day + santé mondiale + global health + journée santé
2024-03-10,14,World Health Day,World Health Day + WHO health day + santé mondiale + global health + journée santé
2024-03-17,15,World Health Day,World Health Day + WHO health day + santé mondiale + global health + journée santé
2024-03-24,17,World Health Day,World Health Day + WHO health day + santé mondiale + global health + journée santé
2024-03-31,17,World Health Day,World Health Day + WHO health day + santé mondiale + global health + journée santé
2024-04-07,20,World Health Day,World Health Day + WHO health day + santé mondiale + global health + journée santé
2024-04-14,16,World Health Day,World Health Day + WHO health day + santé mondiale + global health + journée santé
2024-04-21,18,World Health Day,World Health Day + WHO health day + santé mondiale + global health + journée santé
2024-04-28,14,World Health Day,World Health Day + WHO health day + santé mondiale + global health + journée santé
2024-05-05,9,World Health Day,World Health Day + WHO health day + santé mondiale + global health + journée santé
2024-05-12,13,World Health Day,World Health Day + WHO health day + santé mondiale + global health + journée santé
2024-05-19,10,World Health Day,World Health Day + WHO health day + santé mondiale + global health + journée santé
2024-05-26,16,World Health Day,World Health Day + WHO health day + santé mondiale + global health + journée santé
2024-06-02,13,World Health Day,World Health Day + WHO health day + santé mondiale + global health + journée santé
2024-06-09,11,World Health Day,World Health Day + WHO health day + santé mondiale + global health + journée santé
2024-06-16,10,World Health Day,World Health Day + WHO health day + santé mondiale + global health + journée santé
2024-06-23,11,World Health Day,World Health Day + WHO health day + santé mondiale + global health + journée santé
2024-06-30,10,World Health Day,World Health Day + WHO health day + santé mondiale + global health + journée santé
2024-07-07,9,World Health Day,World Health Day + WHO health day + santé mondiale + global health + journée santé
2024-07-14,11,World Health Day,World Health Day + WHO health day + santé mondiale + global health + journée santé
2024-07-21,9,World Health Day,World Health Day + WHO health day + santé mondiale + global health + journée santé
2024-07-28,9,World Health Day,World Health Day + WHO health day + santé mondiale + global health + journée santé
2024-08-04,7,World Health Day,World Health Day + WHO health day + santé mondiale + global health + journée santé
2024-08-11,7,World Health Day,World Health Day + WHO health day + santé mondiale + global health + journée santé
2024-08-18,9,World Health Day,World Health Day + WHO health day + santé mondiale + global health + journée santé
2024-08-25,10,World Health Day,World Health Day + WHO health day + santé mondiale + global health + journée santé
2024-09-01,13,World Health Day,World Health Day + WHO health day + santé mondiale + global health + journée santé
2024-09-08,12,World Health Day,World Health Day + WHO health day + santé mondiale + global health + journée santé
2024-09-15,14,World Health Day,World Health Day + WHO health day + santé mondiale + global health + journée santé
2024-09-22,18,World Health Day,World Health Day + WHO health day + santé mondiale + global health + journée santé
2024-09-29,14,World Health Day,World Health Day + WHO health day + santé mondiale + global health + journée santé
2024-10-06,35,World Health Day,World Health Day + WHO health day + santé mondiale + global health + journée santé
2024-10-13,16,World Health Day,World Health Day + WHO health day + santé mondiale + global health + journée santé
2024-10-20,13,World Health Day,World Health Day + WHO health day + santé mondiale + global health + journée santé
2024-10-27,10,World Health Day,World Health Day + WHO health day + santé mondiale + global health + journée santé
2024-11-03,16,World Health Day,World Health Day + WHO health day + santé mondiale + global health + journée santé
2024-11-10,11,World Health Day,World Health Day + WHO health day + santé mondiale + global health + journée santé
2024-11-17,14,World Health Day,World Health Day + WHO health day + santé mondiale + global health + journée santé
2024-11-24,12,World Health Day,World Health Day + WHO health day + santé mondiale + global health + journée santé
2024-12-01,14,World Health Day,World Health Day + WHO health day + santé mondiale + global health + journée santé
2024-12-08,14,World Health Day,World Health Day + WHO health day + santé mondiale + global health + journée santé
2024-12-15,16,World Health Day,World Health Day + WHO health day + santé mondiale + global health + journée santé
2024-12-22,9,World Health Day,World Health Day + WHO health day + santé mondiale + global health + journée santé
2024-12-29,9,World Health Day,World Health Day + WHO health day + santé mondiale + global health + journée santé
2025-01-05,14,World Health Day,World Health Day + WHO health day + santé mondiale + global health + journée santé
2025-01-12,17,World Health Day,World Health Day + WHO health day + santé mondiale + global health + journée santé
2025-01-19,16,World Health Day,World Health Day + WHO health day + santé mondiale + global health + journée santé
2025-01-26,16,World Health Day,World Health Day + WHO health day + santé mondiale + global health + journée santé
2025-02-02,19,World Health Day,World Health Day + WHO health day + santé mondiale + global health + journée santé
2025-02-09,17,World Health Day,World Health Day + WHO health day + santé mondiale + global health + journée santé
2025-02-16,12,World Health Day,World Health Day + WHO health day + santé mondiale + global health + journée santé
2025-02-23,16,World Health Day,World Health Day + WHO health day + santé mondiale + global health + journée santé
2025-03-02,21,World Health Day,World Health Day + WHO health day + santé mondiale + global health + journée santé
2025-03-09,20,World Health Day,World Health Day + WHO health day + santé mondiale + global health + journée santé
2025-03-16,19,World Health Day,World Health Day + WHO health day + santé mondiale + global health + journée santé
2025-03-23,18,World Health Day,World Health Day + WHO health day + santé mondiale + global health + journée santé
2025-03-30,23,World Health Day,World Health Day + WHO health day + santé mondiale + global health + journée santé
2025-04-06,25,World Health Day,World Health Day + WHO health day + santé mondiale + global health + journée santé
2025-04-13,15,World Health Day,World Health Day + WHO health day + santé mondiale + global health + journée santé
2025-04-20,19,World Health Day,World Health Day + WHO health day + santé mondiale + global health + journée santé
2025-04-27,17,World Health Day,World Health Day + WHO health day + santé mondiale + global health + journée santé
2025-05-04,14,World Health Day,World Health Day + WHO health day + santé mondiale + global health + journée santé
2025-05-11,12,World Health Day,World Health Day + WHO health day + santé mondiale + global health + journée santé
2025-05-18,13,World Health Day,World Health Day + WHO health day + santé mondiale + global health + journée santé
2025-05-25,14,World Health Day,World Health Day + WHO health day + santé mondiale + global health + journée santé
2025-06-01,17,World Health Day,World Health Day + WHO health day + santé mondiale + global health + journée santé
2025-06-08,15,World Health Day,World Health Day + WHO health day + santé mondiale + global health + journée santé
2025-06-15,16,World Health Day,World Health Day + WHO health day + santé mondiale + global health + journée santé
2025-06-22,14,World Health Day,World Health Day + WHO health day + santé mondiale + global health + journée santé
2025-06-29,16,World Health Day,World Health Day + WHO health day + santé mondiale + global health + journée santé
2025-07-06,13,World Health Day,World Health Day + WHO health day + santé mondiale + global health + journée santé
2025-07-13,12,World Health Day,World Health Day + WHO health day + santé mondiale + global health + journée santé
2025-07-20,13,World Health Day,World Health Day + WHO health day + santé mondiale + global health + journée santé
2025-07-27,14,World Health Day,World Health Day + WHO health day + santé mondiale + global health + journée santé
2025-08-03,15,World Health Day,World Health Day + WHO health day + santé mondiale + global health + journée santé
2025-08-10,14,World Health Day,World Health Day + WHO health day + santé mondiale + global health + journée santé
2025-08-17,10,World Health Day,World Health Day + WHO health day + santé mondiale + global health + journée santé
2025-08-24,10,World Health Day,World Health Day + WHO health day + santé mondiale + global health + journée santé
2025-08-31,21,World Health Day,World Health Day + WHO health day + santé mondiale + global health + journée santé
2025-09-07,15,World Health Day,World Health Day + WHO health day + santé mondiale + global health + journée santé
2025-09-14,22,World Health Day,World Health Day + WHO health day + santé mondiale + global health + journée santé
2025-09-21,19,World Health Day,World Health Day + WHO health day + santé mondiale + global health + journée santé
2025-09-28,21,World Health Day,World Health Day + WHO health day + santé mondiale + global health + journée santé
2025-10-05,42,World Health Day,World Health Day + WHO health day + santé mondiale + global health + journée santé
2025-10-12,19,World Health Day,World Health Day + WHO health day + santé mondiale + global health + journée santé
2025-10-19,18,World Health Day,World Health Day + WHO health day + santé mondiale + global health + journée santé
2025-10-26,31,World Health Day,World Health Day + WHO health day + santé mondiale + global health + journée santé
2025-11-02,52,World Health Day,World Health Day + WHO health day + santé mondiale + global health + journée santé
2025-11-09,60,World Health Day,World Health Day + WHO health day + santé mondiale + global health + journée santé
2025-11-16,65,World Health Day,World Health Day + WHO health day + santé mondiale + global health + journée santé
2025-11-23,79,World Health Day,World Health Day + WHO health day + santé mondiale + global health + journée santé
2025-11-30,100,World Health Day,World Health Day + WHO health day + santé mondiale + global health + journée santé
2025-12-07,84,World Health Day,World Health Day + WHO health day + santé mondiale + global health + journée santé
2025-12-14,66,World Health Day,World Health Day + WHO health day + santé mondiale + global health + journée santé
2025-12-21,43,World Health Day,World Health Day + WHO health day + santé mondiale + global health + journée santé
2025-12-28,52,World Health Day,World Health Day + WHO health day + santé mondiale + global health + journée santé
