date,campaign_index,campaign,query,season,window_start,window_end
2015-02-02,62,Mars Bleu,Mars bleu + cancer colorectal + dépistage colon + coloscopie + cancer colon,2015,2015-02-02,2015-04-30
2015-02-03,69,Mars Bleu,Mars bleu + cancer colorectal + dépistage colon + coloscopie + cancer colon,2015,2015-02-02,2015-04-30
2015-02-04,68,Mars Bleu,Mars bleu + cancer colorectal + dépistage colon + coloscopie + cancer colon,2015,2015-02-02,2015-04-30
2015-02-05,58,Mars Bleu,Mars bleu + cancer colorectal + dépistage colon + coloscopie + cancer colon,2015,2015-02-02,2015-04-30
2015-02-06,45,Mars Bleu,Mars bleu + cancer colorectal + dépistage colon + coloscopie + cancer colon,2015,2015-02-02,2015-04-30
2015-02-07,49,Mars Bleu,Mars bleu + cancer colorectal + dépistage colon + coloscopie + cancer colon,2015,2015-02-02,2015-04-30
2015-02-08,51,Mars Bleu,Mars bleu + cancer colorectal + dépistage colon + coloscopie + cancer colon,2015,2015-02-02,2015-04-30
2015-02-09,64,Mars Bleu,Mars bleu + cancer colorectal + dépistage colon + coloscopie + cancer colon,2015,2015-02-02,2015-04-30
2015-02-10,55,Mars Bleu,Mars bleu + cancer colorectal + dépistage colon + coloscopie + cancer colon,2015,2015-02-02,2015-04-30
2015-02-11,67,Mars Bleu,Mars bleu + cancer colorectal + dépistage colon + coloscopie + cancer colon,2015,2015-02-02,2015-04-30
2015-02-12,63,Mars Bleu,Mars bleu + cancer colorectal + dépistage colon + coloscopie + cancer colon,2015,2015-02-02,2015-04-30
2015-02-13,46,Mars Bleu,Mars bleu + cancer colorectal + dépistage colon + coloscopie + cancer colon,2015,2015-02-02,2015-04-30
2015-02-14,45,Mars Bleu,Mars bleu + cancer colorectal + dépistage colon + coloscopie + cancer colon,2015,2015-02-02,2015-04-30
2015-02-15,50,Mars Bleu,Mars bleu + cancer colorectal + dépistage colon + coloscopie + cancer colon,2015,2015-02-02,2015-04-30
2015-02-16,51,Mars Bleu,Mars bleu + cancer colorectal + dépistage colon + coloscopie + cancer colon,2015,2015-02-02,2015-04-30
2015-02-17,60,Mars Bleu,Mars bleu + cancer colorectal + dépistage colon + coloscopie + cancer colon,2015,2015-02-02,2015-04-30
2015-02-18,50,Mars Bleu,Mars bleu + cancer colorectal + dépistage colon + coloscopie + cancer colon,2015,2015-02-02,2015-04-30
2015-02-19,48,Mars Bleu,Mars bleu + cancer colorectal + dépistage colon + coloscopie + cancer colon,2015,2015-02-02,2015-04-30
2015-02-20,62,Mars Bleu,Mars bleu + cancer colorectal + dépistage colon + coloscopie + cancer colon,2015,2015-02-02,2015-04-30
2015-02-21,61,Mars Bleu,Mars bleu + cancer colorectal + dépistage colon + coloscopie + cancer colon,2015,2015-02-02,2015-04-30
2015-02-22,59,Mars Bleu,Mars bleu + cancer colorectal + dépistage colon + coloscopie + cancer colon,2015,2015-02-02,2015-04-30
2015-02-23,59,Mars Bleu,Mars bleu + cancer colorectal + dépistage colon + coloscopie + cancer colon,2015,2015-02-02,2015-04-30
2015-02-24,61,Mars Bleu,Mars bleu + cancer colorectal + dépistage colon + coloscopie + cancer colon,2015,2015-02-02,2015-04-30
2015-02-25,68,Mars Bleu,Mars bleu + cancer colorectal + dépistage colon + coloscopie + cancer colon,2015,2015-02-02,2015-04-30
2015-02-26,69,Mars Bleu,Mars bleu + cancer colorectal + dépistage colon + coloscopie + cancer colon,2015,2015-02-02,2015-04-30
2015-02-27,60,Mars Bleu,Mars bleu + cancer colorectal + dépistage colon + coloscopie + cancer colon,2015,2015-02-02,2015-04-30
2015-02-28,49,Mars Bleu,Mars bleu + cancer colorectal + dépistage colon + coloscopie + cancer colon,2015,2015-02-02,2015-04-30
2015-03-01,50,Mars Bleu,Mars bleu + cancer colorectal + dépistage colon + coloscopie + cancer colon,2015,2015-02-02,2015-04-30
2015-03-02,75,Mars Bleu,Mars bleu + cancer colorectal + dépistage colon + coloscopie + cancer colon,2015,2015-02-02,2015-04-30
2015-03-03,79,Mars Bleu,Mars bleu + cancer colorectal + dépistage colon + coloscopie + cancer colon,2015,2015-02-02,2015-04-30
2015-03-04,67,Mars Bleu,Mars bleu + cancer colorectal + dépistage colon + coloscopie + cancer colon,2015,2015-02-02,2015-04-30
2015-03-05,71,Mars Bleu,Mars bleu + cancer colorectal + dépistage colon + coloscopie + cancer colon,2015,2015-02-02,2015-04-30
2015-03-06,50,Mars Bleu,Mars bleu + cancer colorectal + dépistage colon + coloscopie + cancer colon,2015,2015-02-02,2015-04-30
2015-03-07,63,Mars Bleu,Mars bleu + cancer colorectal + dépistage colon + coloscopie + cancer colon,2015,2015-02-02,2015-04-30
2015-03-08,100,Mars Bleu,Mars bleu + cancer colorectal + dépistage colon + coloscopie + cancer colon,2015,2015-02-02,2015-04-30
2015-03-09,85,Mars Bleu,Mars bleu + cancer colorectal + dépistage colon + coloscopie + cancer colon,2015,2015-02-02,2015-04-30
2015-03-10,73,Mars Bleu,Mars bleu + cancer colorectal + dépistage colon + coloscopie + cancer colon,2015,2015-02-02,2015-04-30
2015-03-11,76,Mars Bleu,Mars bleu + cancer colorectal + dépistage colon + coloscopie + cancer colon,2015,2015-02-02,2015-04-30
2015-03-12,69,Mars Bleu,Mars bleu + cancer colorectal + dépistage colon + coloscopie + cancer colon,2015,2015-02-02,2015-04-30
2015-03-13,73,Mars Bleu,Mars bleu + cancer colorectal + dépistage colon + coloscopie + cancer colon,2015,2015-02-02,2015-04-30
2015-03-14,64,Mars Bleu,Mars bleu + cancer colorectal + dépistage colon + coloscopie + cancer colon,2015,2015-02-02,2015-04-30
2015-03-15,67,Mars Bleu,Mars bleu + cancer colorectal + dépistage colon + coloscopie + cancer colon,2015,2015-02-02,2015-04-30
2015-03-16,83,Mars Bleu,Mars bleu + cancer colorectal + dépistage colon + coloscopie + cancer colon,2015,2015-02-02,2015-04-30
2015-03-17,88,Mars Bleu,Mars bleu + cancer colorectal + dépistage colon + coloscopie + cancer colon,2015,2015-02-02,2015-04-30
2015-03-18,62,Mars Bleu,Mars bleu + cancer colorectal + dépistage colon + coloscopie + cancer colon,2015,2015-02-02,2015-04-30
2015-03-19,75,Mars Bleu,Mars bleu + cancer colorectal + dépistage colon + coloscopie + cancer colon,2015,2015-02-02,2015-04-30
2015-03-20,70,Mars Bleu,Mars bleu + cancer colorectal + dépistage colon + coloscopie + cancer colon,2015,2015-02-02,2015-04-30
2015-03-21,67,Mars Bleu,Mars bleu + cancer colorectal + dépistage colon + coloscopie + cancer colon,2015,2015-02-02,2015-04-30
2015-03-22,64,Mars Bleu,Mars bleu + cancer colorectal + dépistage colon + coloscopie + cancer colon,2015,2015-02-02,2015-04-30
2015-03-23,70,Mars Bleu,Mars bleu + cancer colorectal + dépistage colon + coloscopie + cancer colon,2015,2015-02-02,2015-04-30
2015-03-24,96,Mars Bleu,Mars bleu + cancer colorectal + dépistage colon + coloscopie + cancer colon,2015,2015-02-02,2015-04-30
2015-03-25,86,Mars Bleu,Mars bleu + cancer colorectal + dépistage colon + coloscopie + cancer colon,2015,2015-02-02,2015-04-30
2015-03-26,70,Mars Bleu,Mars bleu + cancer colorectal + dépistage colon + coloscopie + cancer colon,2015,2015-02-02,2015-04-30
2015-03-27,65,Mars Bleu,Mars bleu + cancer colorectal + dépistage colon + coloscopie + cancer colon,2015,2015-02-02,2015-04-30
2015-03-28,60,Mars Bleu,Mars bleu + cancer colorectal + dépistage colon + coloscopie + cancer colon,2015,2015-02-02,2015-04-30
2015-03-29,58,Mars Bleu,Mars bleu + cancer colorectal + dépistage colon + coloscopie + cancer colon,2015,2015-02-02,2015-04-30
2015-03-30,73,Mars Bleu,Mars bleu + cancer colorectal + dépistage colon + coloscopie + cancer colon,2015,2015-02-02,2015-04-30
2015-03-31,67,Mars Bleu,Mars bleu + cancer colorectal + dépistage colon + coloscopie + cancer colon,2015,2015-02-02,2015-04-30
2015-04-01,64,Mars Bleu,Mars bleu + cancer colorectal + dépistage colon + coloscopie + cancer colon,2015,2015-02-02,2015-04-30
2015-04-02,44,Mars Bleu,Mars bleu + cancer colorectal + dépistage colon + coloscopie + cancer colon,2015,2015-02-02,2015-04-30
2015-04-03,41,Mars Bleu,Mars bleu + cancer colorectal + dépistage colon + coloscopie + cancer colon,2015,2015-02-02,2015-04-30
2015-04-04,48,Mars Bleu,Mars bleu + cancer colorectal + dépistage colon + coloscopie + cancer colon,2015,2015-02-02,2015-04-30
2015-04-05,38,Mars Bleu,Mars bleu + cancer colorectal + dépistage colon + coloscopie + cancer colon,2015,2015-02-02,2015-04-30
2015-04-06,49,Mars Bleu,Mars bleu + cancer colorectal + dépistage colon + coloscopie + cancer colon,2015,2015-02-02,2015-04-30
2015-04-07,61,Mars Bleu,Mars bleu + cancer colorectal + dépistage colon + coloscopie + cancer colon,2015,2015-02-02,2015-04-30
2015-04-08,53,Mars Bleu,Mars bleu + cancer colorectal + dépistage colon + coloscopie + cancer colon,2015,2015-02-02,2015-04-30
2015-04-09,52,Mars Bleu,Mars bleu + cancer colorectal + dépistage colon + coloscopie + cancer colon,2015,2015-02-02,2015-04-30
2015-04-10,49,Mars Bleu,Mars bleu + cancer colorectal + dépistage colon + coloscopie + cancer colon,2015,2015-02-02,2015-04-30
2015-04-11,42,Mars Bleu,Mars bleu + cancer colorectal + dépistage colon + coloscopie + cancer colon,2015,2015-02-02,2015-04-30
2015-04-12,50,Mars Bleu,Mars bleu + cancer colorectal + dépistage colon + coloscopie + cancer colon,2015,2015-02-02,2015-04-30
2015-04-13,60,Mars Bleu,Mars bleu + cancer colorectal + dépistage colon + coloscopie + cancer colon,2015,2015-02-02,2015-04-30
2015-04-14,63,Mars Bleu,Mars bleu + cancer colorectal + dépistage colon + coloscopie + cancer colon,2015,2015-02-02,2015-04-30
2015-04-15,56,Mars Bleu,Mars bleu + cancer colorectal + dépistage colon + coloscopie + cancer colon,2015,2015-02-02,2015-04-30
2015-04-16,53,Mars Bleu,Mars bleu + cancer colorectal + dépistage colon + coloscopie + cancer colon,2015,2015-02-02,2015-04-30
2015-04-17,58,Mars Bleu,Mars bleu + cancer colorectal + dépistage colon + coloscopie + cancer colon,2015,2015-02-02,2015-04-30
2015-04-18,50,Mars Bleu,Mars bleu + cancer colorectal + dépistage colon + coloscopie + cancer colon,2015,2015-02-02,2015-04-30
2015-04-19,56,Mars Bleu,Mars bleu + cancer colorectal + dépistage colon + coloscopie + cancer colon,2015,2015-02-02,2015-04-30
2015-04-20,57,Mars Bleu,Mars bleu + cancer colorectal + dépistage colon + coloscopie + cancer colon,2015,2015-02-02,2015-04-30
2015-04-21,62,Mars Bleu,Mars bleu + cancer colorectal + dépistage colon + coloscopie + cancer colon,2015,2015-02-02,2015-04-30
2015-04-22,65,Mars Bleu,Mars bleu + cancer colorectal + dépistage colon + coloscopie + cancer colon,2015,2015-02-02,2015-04-30
2015-04-23,50,Mars Bleu,Mars bleu + cancer colorectal + dépistage colon + coloscopie + cancer colon,2015,2015-02-02,2015-04-30
2015-04-24,56,Mars Bleu,Mars bleu + cancer colorectal + dépistage colon + coloscopie + cancer colon,2015,2015-02-02,2015-04-30
2015-04-25,40,Mars Bleu,Mars bleu + cancer colorectal + dépistage colon + coloscopie + cancer colon,2015,2015-02-02,2015-04-30
2015-04-26,51,Mars Bleu,Mars bleu + cancer colorectal + dépistage colon + coloscopie + cancer colon,2015,2015-02-02,2015-04-30
2015-04-27,60,Mars Bleu,Mars bleu + cancer colorectal + dépistage colon + coloscopie + cancer colon,2015,2015-02-02,2015-04-30
2015-04-28,63,Mars Bleu,Mars bleu + cancer colorectal + dépistage colon + coloscopie + cancer colon,2015,2015-02-02,2015-04-30
2015-04-29,59,Mars Bleu,Mars bleu + cancer colorectal + dépistage colon + coloscopie + cancer colon,2015,2015-02-02,2015-04-30
2015-04-30,33,Mars Bleu,Mars bleu + cancer colorectal + dépistage colon + coloscopie + cancer colon,2015,2015-02-02,2015-04-30
2016-02-02,57,Mars Bleu,Mars bleu + cancer colorectal + dépistage colon + coloscopie + cancer colon,2016,2016-02-02,2016-04-30
2016-02-03,48,Mars Bleu,Mars bleu + cancer colorectal + dépistage colon + coloscopie + cancer colon,2016,2016-02-02,2016-04-30
2016-02-04,52,Mars Bleu,Mars bleu + cancer colorectal + dépistage colon + coloscopie + cancer colon,2016,2016-02-02,2016-04-30
2016-02-05,50,Mars Bleu,Mars bleu + cancer colorectal + dépistage colon + coloscopie + cancer colon,2016,2016-02-02,2016-04-30
2016-02-06,33,Mars Bleu,Mars bleu + cancer colorectal + dépistage colon + coloscopie + cancer colon,2016,2016-02-02,2016-04-30
2016-02-07,41,Mars Bleu,Mars bleu + cancer colorectal + dépistage colon + coloscopie + cancer colon,2016,2016-02-02,2016-04-30
2016-02-08,55,Mars Bleu,Mars bleu + cancer colorectal + dépistage colon + coloscopie + cancer colon,2016,2016-02-02,2016-04-30
2016-02-09,48,Mars Bleu,Mars bleu + cancer colorectal + dépistage colon + coloscopie + cancer colon,2016,2016-02-02,2016-04-30
2016-02-10,43,Mars Bleu,Mars bleu + cancer colorectal + dépistage colon + coloscopie + cancer colon,2016,2016-02-02,2016-04-30
2016-02-11,48,Mars Bleu,Mars bleu + cancer colorectal + dépistage colon + coloscopie + cancer colon,2016,2016-02-02,2016-04-30
2016-02-12,45,Mars Bleu,Mars bleu + cancer colorectal + dépistage colon + coloscopie + cancer colon,2016,2016-02-02,2016-04-30
2016-02-13,39,Mars Bleu,Mars bleu + cancer colorectal + dépistage colon + coloscopie + cancer colon,2016,2016-02-02,2016-04-30
2016-02-14,45,Mars Bleu,Mars bleu + cancer colorectal + dépistage colon + coloscopie + cancer colon,2016,2016-02-02,2016-04-30
2016-02-15,58,Mars Bleu,Mars bleu + cancer colorectal + dépistage colon + coloscopie + cancer colon,2016,2016-02-02,2016-04-30
2016-02-16,45,Mars Bleu,Mars bleu + cancer colorectal + dépistage colon + coloscopie + cancer colon,2016,2016-02-02,2016-04-30
2016-02-17,46,Mars Bleu,Mars bleu + cancer colorectal + dépistage colon + coloscopie + cancer colon,2016,2016-02-02,2016-04-30
2016-02-18,52,Mars Bleu,Mars bleu + cancer colorectal + dépistage colon + coloscopie + cancer colon,2016,2016-02-02,2016-04-30
2016-02-19,41,Mars Bleu,Mars bleu + cancer colorectal + dépistage colon + coloscopie + cancer colon,2016,2016-02-02,2016-04-30
2016-02-20,39,Mars Bleu,Mars bleu + cancer colorectal + dépistage colon + coloscopie + cancer colon,2016,2016-02-02,2016-04-30
2016-02-21,38,Mars Bleu,Mars bleu + cancer colorectal + dépistage colon + coloscopie + cancer colon,2016,2016-02-02,2016-04-30
2016-02-22,49,Mars Bleu,Mars bleu + cancer colorectal + dépistage colon + coloscopie + cancer colon,2016,2016-02-02,2016-04-30
2016-02-23,42,Mars Bleu,Mars bleu + cancer colorectal + dépistage colon + coloscopie + cancer colon,2016,2016-02-02,2016-04-30
2016-02-24,47,Mars Bleu,Mars bleu + cancer colorectal + dépistage colon + coloscopie + cancer colon,2016,2016-02-02,2016-04-30
2016-02-25,43,Mars Bleu,Mars bleu + cancer colorectal + dépistage colon + coloscopie + cancer colon,2016,2016-02-02,2016-04-30
2016-02-26,44,Mars Bleu,Mars bleu + cancer colorectal + dépistage colon + coloscopie + cancer colon,2016,2016-02-02,2016-04-30
2016-02-27,36,Mars Bleu,Mars bleu + cancer colorectal + dépistage colon + coloscopie + cancer colon,2016,2016-02-02,2016-04-30
2016-02-28,43,Mars Bleu,Mars bleu + cancer colorectal + dépistage colon + coloscopie + cancer colon,2016,2016-02-02,2016-04-30
2016-02-29,57,Mars Bleu,Mars bleu + cancer colorectal + dépistage colon + coloscopie + cancer colon,2016,2016-02-02,2016-04-30
2016-03-01,100,Mars Bleu,Mars bleu + cancer colorectal + dépistage colon + coloscopie + cancer colon,2016,2016-02-02,2016-04-30
2016-03-02,61,Mars Bleu,Mars bleu + cancer colorectal + dépistage colon + coloscopie + cancer colon,2016,2016-02-02,2016-04-30
2016-03-03,57,Mars Bleu,Mars bleu + cancer colorectal + dépistage colon + coloscopie + cancer colon,2016,2016-02-02,2016-04-30
2016-03-04,49,Mars Bleu,Mars bleu + cancer colorectal + dépistage colon + coloscopie + cancer colon,2016,2016-02-02,2016-04-30
2016-03-05,47,Mars Bleu,Mars bleu + cancer colorectal + dépistage colon + coloscopie + cancer colon,2016,2016-02-02,2016-04-30
2016-03-06,52,Mars Bleu,Mars bleu + cancer colorectal + dépistage colon + coloscopie + cancer colon,2016,2016-02-02,2016-04-30
2016-03-07,74,Mars Bleu,Mars bleu + cancer colorectal + dépistage colon + coloscopie + cancer colon,2016,2016-02-02,2016-04-30
2016-03-08,64,Mars Bleu,Mars bleu + cancer colorectal + dépistage colon + coloscopie + cancer colon,2016,2016-02-02,2016-04-30
2016-03-09,62,Mars Bleu,Mars bleu + cancer colorectal + dépistage colon + coloscopie + cancer colon,2016,2016-02-02,2016-04-30
2016-03-10,54,Mars Bleu,Mars bleu + cancer colorectal + dépistage colon + coloscopie + cancer colon,2016,2016-02-02,2016-04-30
2016-03-11,60,Mars Bleu,Mars bleu + cancer colorectal + dépistage colon + coloscopie + cancer colon,2016,2016-02-02,2016-04-30
2016-03-12,53,Mars Bleu,Mars bleu + cancer colorectal + dépistage colon + coloscopie + cancer colon,2016,2016-02-02,2016-04-30
2016-03-13,62,Mars Bleu,Mars bleu + cancer colorectal + dépistage colon + coloscopie + cancer colon,2016,2016-02-02,2016-04-30
2016-03-14,72,Mars Bleu,Mars bleu + cancer colorectal + dépistage colon + coloscopie + cancer colon,2016,2016-02-02,2016-04-30
2016-03-15,71,Mars Bleu,Mars bleu + cancer colorectal + dépistage colon + coloscopie + cancer colon,2016,2016-02-02,2016-04-30
2016-03-16,60,Mars Bleu,Mars bleu + cancer colorectal + dépistage colon + coloscopie + cancer colon,2016,2016-02-02,2016-04-30
2016-03-17,51,Mars Bleu,Mars bleu + cancer colorectal + dépistage colon + coloscopie + cancer colon,2016,2016-02-02,2016-04-30
2016-03-18,48,Mars Bleu,Mars bleu + cancer colorectal + dépistage colon + coloscopie + cancer colon,2016,2016-02-02,2016-04-30
2016-03-19,59,Mars Bleu,Mars bleu + cancer colorectal + dépistage colon + coloscopie + cancer colon,2016,2016-02-02,2016-04-30
2016-03-20,41,Mars Bleu,Mars bleu + cancer colorectal + dépistage colon + coloscopie + cancer colon,2016,2016-02-02,2016-04-30
2016-03-21,59,Mars Bleu,Mars bleu + cancer colorectal + dépistage colon + coloscopie + cancer colon,2016,2016-02-02,2016-04-30
2016-03-22,64,Mars Bleu,Mars bleu + cancer colorectal + dépistage colon + coloscopie + cancer colon,2016,2016-02-02,2016-04-30
2016-03-23,57,Mars Bleu,Mars bleu + cancer colorectal + dépistage colon + coloscopie + cancer colon,2016,2016-02-02,2016-04-30
2016-03-24,58,Mars Bleu,Mars bleu + cancer colorectal + dépistage colon + coloscopie + cancer colon,2016,2016-02-02,2016-04-30
2016-03-25,46,Mars Bleu,Mars bleu + cancer colorectal + dépistage colon + coloscopie + cancer colon,2016,2016-02-02,2016-04-30
2016-03-26,44,Mars Bleu,Mars bleu + cancer colorectal + dépistage colon + coloscopie + cancer colon,2016,2016-02-02,2016-04-30
2016-03-27,48,Mars Bleu,Mars bleu + cancer colorectal + dépistage colon + coloscopie + cancer colon,2016,2016-02-02,2016-04-30
2016-03-28,47,Mars Bleu,Mars bleu + cancer colorectal + dépistage colon + coloscopie + cancer colon,2016,2016-02-02,2016-04-30
2016-03-29,51,Mars Bleu,Mars bleu + cancer colorectal + dépistage colon + coloscopie + cancer colon,2016,2016-02-02,2016-04-30
2016-03-30,51,Mars Bleu,Mars bleu + cancer colorectal + dépistage colon + coloscopie + cancer colon,2016,2016-02-02,2016-04-30
2016-03-31,51,Mars Bleu,Mars bleu + cancer colorectal + dépistage colon + coloscopie + cancer colon,2016,2016-02-02,2016-04-30
2016-04-01,49,Mars Bleu,Mars bleu + cancer colorectal + dépistage colon + coloscopie + cancer colon,2016,2016-02-02,2016-04-30
2016-04-02,39,Mars Bleu,Mars bleu + cancer colorectal + dépistage colon + coloscopie + cancer colon,2016,2016-02-02,2016-04-30
2016-04-03,42,Mars Bleu,Mars bleu + cancer colorectal + dépistage colon + coloscopie + cancer colon,2016,2016-02-02,2016-04-30
2016-04-04,48,Mars Bleu,Mars bleu + cancer colorectal + dépistage colon + coloscopie + cancer colon,2016,2016-02-02,2016-04-30
2016-04-05,42,Mars Bleu,Mars bleu + cancer colorectal + dépistage colon + coloscopie + cancer colon,2016,2016-02-02,2016-04-30
2016-04-06,43,Mars Bleu,Mars bleu + cancer colorectal + dépistage colon + coloscopie + cancer colon,2016,2016-02-02,2016-04-30
2016-04-07,44,Mars Bleu,Mars bleu + cancer colorectal + dépistage colon + coloscopie + cancer colon,2016,2016-02-02,2016-04-30
2016-04-08,43,Mars Bleu,Mars bleu + cancer colorectal + dépistage colon + coloscopie + cancer colon,2016,2016-02-02,2016-04-30
2016-04-09,43,Mars Bleu,Mars bleu + cancer colorectal + dépistage colon + coloscopie + cancer colon,2016,2016-02-02,2016-04-30
2016-04-10,43,Mars Bleu,Mars bleu + cancer colorectal + dépistage colon + coloscopie + cancer colon,2016,2016-02-02,2016-04-30
2016-04-11,40,Mars Bleu,Mars bleu + cancer colorectal + dépistage colon + coloscopie + cancer colon,2016,2016-02-02,2016-04-30
2016-04-12,42,Mars Bleu,Mars bleu + cancer colorectal + dépistage colon + coloscopie + cancer colon,2016,2016-02-02,2016-04-30
2016-04-13,45,Mars Bleu,Mars bleu + cancer colorectal + dépistage colon + coloscopie + cancer colon,2016,2016-02-02,2016-04-30
2016-04-14,42,Mars Bleu,Mars bleu + cancer colorectal + dépistage colon + coloscopie + cancer colon,2016,2016-02-02,2016-04-30
2016-04-15,42,Mars Bleu,Mars bleu + cancer colorectal + dépistage colon + coloscopie + cancer colon,2016,2016-02-02,2016-04-30
2016-04-16,32,Mars Bleu,Mars bleu + cancer colorectal + dépistage colon + coloscopie + cancer colon,2016,2016-02-02,2016-04-30
2016-04-17,42,Mars Bleu,Mars bleu + cancer colorectal + dépistage colon + coloscopie + cancer colon,2016,2016-02-02,2016-04-30
2016-04-18,48,Mars Bleu,Mars bleu + cancer colorectal + dépistage colon + coloscopie + cancer colon,2016,2016-02-02,2016-04-30
2016-04-19,40,Mars Bleu,Mars bleu + cancer colorectal + dépistage colon + coloscopie + cancer colon,2016,2016-02-02,2016-04-30
2016-04-20,46,Mars Bleu,Mars bleu + cancer colorectal + dépistage colon + coloscopie + cancer colon,2016,2016-02-02,2016-04-30
2016-04-21,37,Mars Bleu,Mars bleu + cancer colorectal + dépistage colon + coloscopie + cancer colon,2016,2016-02-02,2016-04-30
2016-04-22,42,Mars Bleu,Mars bleu + cancer colorectal + dépistage colon + coloscopie + cancer colon,2016,2016-02-02,2016-04-30
2016-04-23,40,Mars Bleu,Mars bleu + cancer colorectal + dépistage colon + coloscopie + cancer colon,2016,2016-02-02,2016-04-30
2016-04-24,27,Mars Bleu,Mars bleu + cancer colorectal + dépistage colon + coloscopie + cancer colon,2016,2016-02-02,2016-04-30
2016-04-25,49,Mars Bleu,Mars bleu + cancer colorectal + dépistage colon + coloscopie + cancer colon,2016,2016-02-02,2016-04-30
2016-04-26,45,Mars Bleu,Mars bleu + cancer colorectal + dépistage colon + coloscopie + cancer colon,2016,2016-02-02,2016-04-30
2016-04-27,46,Mars Bleu,Mars bleu + cancer colorectal + dépistage colon + coloscopie + cancer colon,2016,2016-02-02,2016-04-30
2016-04-28,46,Mars Bleu,Mars bleu + cancer colorectal + dépistage colon + coloscopie + cancer colon,2016,2016-02-02,2016-04-30
2016-04-29,41,Mars Bleu,Mars bleu + cancer colorectal + dépistage colon + coloscopie + cancer colon,2016,2016-02-02,2016-04-30
2016-04-30,38,Mars Bleu,Mars bleu + cancer colorectal + dépistage colon + coloscopie + cancer colon,2016,2016-02-02,2016-04-30
2017-02-02,64,Mars Bleu,Mars bleu + cancer colorectal + dépistage colon + coloscopie + cancer colon,2017,2017-02-02,2017-04-30
2017-02-03,64,Mars Bleu,Mars bleu + cancer colorectal + dépistage colon + coloscopie + cancer colon,2017,2017-02-02,2017-04-30
2017-02-04,65,Mars Bleu,Mars bleu + cancer colorectal + dépistage colon + coloscopie + cancer colon,2017,2017-02-02,2017-04-30
2017-02-05,62,Mars Bleu,Mars bleu + cancer colorectal + dépistage colon + coloscopie + cancer colon,2017,2017-02-02,2017-04-30
2017-02-06,69,Mars Bleu,Mars bleu + cancer colorectal + dépistage colon + coloscopie + cancer colon,2017,2017-02-02,2017-04-30
2017-02-07,66,Mars Bleu,Mars bleu + cancer colorectal + dépistage colon + coloscopie + cancer colon,2017,2017-02-02,2017-04-30
2017-02-08,81,Mars Bleu,Mars bleu + cancer colorectal + dépistage colon + coloscopie + cancer colon,2017,2017-02-02,2017-04-30
2017-02-09,71,Mars Bleu,Mars bleu + cancer colorectal + dépistage colon + coloscopie + cancer colon,2017,2017-02-02,2017-04-30
2017-02-10,63,Mars Bleu,Mars bleu + cancer colorectal + dépistage colon + coloscopie + cancer colon,2017,2017-02-02,2017-04-30
2017-02-11,58,Mars Bleu,Mars bleu + cancer colorectal + dépistage colon + coloscopie + cancer colon,2017,2017-02-02,2017-04-30
2017-02-12,58,Mars Bleu,Mars bleu + cancer colorectal + dépistage colon + coloscopie + cancer colon,2017,2017-02-02,2017-04-30
2017-02-13,79,Mars Bleu,Mars bleu + cancer colorectal + dépistage colon + coloscopie + cancer colon,2017,2017-02-02,2017-04-30
2017-02-14,69,Mars Bleu,Mars bleu + cancer colorectal + dépistage colon + coloscopie + cancer colon,2017,2017-02-02,2017-04-30
2017-02-15,63,Mars Bleu,Mars bleu + cancer colorectal + dépistage colon + coloscopie + cancer colon,2017,2017-02-02,2017-04-30
2017-02-16,79,Mars Bleu,Mars bleu + cancer colorectal + dépistage colon + coloscopie + cancer colon,2017,2017-02-02,2017-04-30
2017-02-17,67,Mars Bleu,Mars bleu + cancer colorectal + dépistage colon + coloscopie + cancer colon,2017,2017-02-02,2017-04-30
2017-02-18,63,Mars Bleu,Mars bleu + cancer colorectal + dépistage colon + coloscopie + cancer colon,2017,2017-02-02,2017-04-30
2017-02-19,68,Mars Bleu,Mars bleu + cancer colorectal + dépistage colon + coloscopie + cancer colon,2017,2017-02-02,2017-04-30
2017-02-20,84,Mars Bleu,Mars bleu + cancer colorectal + dépistage colon + coloscopie + cancer colon,2017,2017-02-02,2017-04-30
2017-02-21,77,Mars Bleu,Mars bleu + cancer colorectal + dépistage colon + coloscopie + cancer colon,2017,2017-02-02,2017-04-30
2017-02-22,75,Mars Bleu,Mars bleu + cancer colorectal + dépistage colon + coloscopie + cancer colon,2017,2017-02-02,2017-04-30
2017-02-23,67,Mars Bleu,Mars bleu + cancer colorectal + dépistage colon + coloscopie + cancer colon,2017,2017-02-02,2017-04-30
2017-02-24,77,Mars Bleu,Mars bleu + cancer colorectal + dépistage colon + coloscopie + cancer colon,2017,2017-02-02,2017-04-30
2017-02-25,58,Mars Bleu,Mars bleu + cancer colorectal + dépistage colon + coloscopie + cancer colon,2017,2017-02-02,2017-04-30
2017-02-26,60,Mars Bleu,Mars bleu + cancer colorectal + dépistage colon + coloscopie + cancer colon,2017,2017-02-02,2017-04-30
2017-02-27,96,Mars Bleu,Mars bleu + cancer colorectal + dépistage colon + coloscopie + cancer colon,2017,2017-02-02,2017-04-30
2017-02-28,81,Mars Bleu,Mars bleu + cancer colorectal + dépistage colon + coloscopie + cancer colon,2017,2017-02-02,2017-04-30
2017-03-01,89,Mars Bleu,Mars bleu + cancer colorectal + dépistage colon + coloscopie + cancer colon,2017,2017-02-02,2017-04-30
2017-03-02,92,Mars Bleu,Mars bleu + cancer colorectal + dépistage colon + coloscopie + cancer colon,2017,2017-02-02,2017-04-30
2017-03-03,83,Mars Bleu,Mars bleu + cancer colorectal + dépistage colon + coloscopie + cancer colon,2017,2017-02-02,2017-04-30
2017-03-04,59,Mars Bleu,Mars bleu + cancer colorectal + dépistage colon + coloscopie + cancer colon,2017,2017-02-02,2017-04-30
2017-03-05,70,Mars Bleu,Mars bleu + cancer colorectal + dépistage colon + coloscopie + cancer colon,2017,2017-02-02,2017-04-30
2017-03-06,74,Mars Bleu,Mars bleu + cancer colorectal + dépistage colon + coloscopie + cancer colon,2017,2017-02-02,2017-04-30
2017-03-07,88,Mars Bleu,Mars bleu + cancer colorectal + dépistage colon + coloscopie + cancer colon,2017,2017-02-02,2017-04-30
2017-03-08,85,Mars Bleu,Mars bleu + cancer colorectal + dépistage colon + coloscopie + cancer colon,2017,2017-02-02,2017-04-30
2017-03-09,81,Mars Bleu,Mars bleu + cancer colorectal + dépistage colon + coloscopie + cancer colon,2017,2017-02-02,2017-04-30
2017-03-10,75,Mars Bleu,Mars bleu + cancer colorectal + dépistage colon + coloscopie + cancer colon,2017,2017-02-02,2017-04-30
2017-03-11,67,Mars Bleu,Mars bleu + cancer colorectal + dépistage colon + coloscopie + cancer colon,2017,2017-02-02,2017-04-30
2017-03-12,78,Mars Bleu,Mars bleu + cancer colorectal + dépistage colon + coloscopie + cancer colon,2017,2017-02-02,2017-04-30
2017-03-13,100,Mars Bleu,Mars bleu + cancer colorectal + dépistage colon + coloscopie + cancer colon,2017,2017-02-02,2017-04-30
2017-03-14,92,Mars Bleu,Mars bleu + cancer colorectal + dépistage colon + coloscopie + cancer colon,2017,2017-02-02,2017-04-30
2017-03-15,93,Mars Bleu,Mars bleu + cancer colorectal + dépistage colon + coloscopie + cancer colon,2017,2017-02-02,2017-04-30
2017-03-16,97,Mars Bleu,Mars bleu + cancer colorectal + dépistage colon + coloscopie + cancer colon,2017,2017-02-02,2017-04-30
2017-03-17,93,Mars Bleu,Mars bleu + cancer colorectal + dépistage colon + coloscopie + cancer colon,2017,2017-02-02,2017-04-30
2017-03-18,87,Mars Bleu,Mars bleu + cancer colorectal + dépistage colon + coloscopie + cancer colon,2017,2017-02-02,2017-04-30
2017-03-19,74,Mars Bleu,Mars bleu + cancer colorectal + dépistage colon + coloscopie + cancer colon,2017,2017-02-02,2017-04-30
2017-03-20,96,Mars Bleu,Mars bleu + cancer colorectal + dépistage colon + coloscopie + cancer colon,2017,2017-02-02,2017-04-30
2017-03-21,86,Mars Bleu,Mars bleu + cancer colorectal + dépistage colon + coloscopie + cancer colon,2017,2017-02-02,2017-04-30
2017-03-22,94,Mars Bleu,Mars bleu + cancer colorectal + dépistage colon + coloscopie + cancer colon,2017,2017-02-02,2017-04-30
2017-03-23,86,Mars Bleu,Mars bleu + cancer colorectal + dépistage colon + coloscopie + cancer colon,2017,2017-02-02,2017-04-30
2017-03-24,80,Mars Bleu,Mars bleu + cancer colorectal + dépistage colon + coloscopie + cancer colon,2017,2017-02-02,2017-04-30
2017-03-25,69,Mars Bleu,Mars bleu + cancer colorectal + dépistage colon + coloscopie + cancer colon,2017,2017-02-02,2017-04-30
2017-03-26,77,Mars Bleu,Mars bleu + cancer colorectal + dépistage colon + coloscopie + cancer colon,2017,2017-02-02,2017-04-30
2017-03-27,93,Mars Bleu,Mars bleu + cancer colorectal + dépistage colon + coloscopie + cancer colon,2017,2017-02-02,2017-04-30
2017-03-28,80,Mars Bleu,Mars bleu + cancer colorectal + dépistage colon + coloscopie + cancer colon,2017,2017-02-02,2017-04-30
2017-03-29,73,Mars Bleu,Mars bleu + cancer colorectal + dépistage colon + coloscopie + cancer colon,2017,2017-02-02,2017-04-30
2017-03-30,87,Mars Bleu,Mars bleu + cancer colorectal + dépistage colon + coloscopie + cancer colon,2017,2017-02-02,2017-04-30
2017-03-31,97,Mars Bleu,Mars bleu + cancer colorectal + dépistage colon + coloscopie + cancer colon,2017,2017-02-02,2017-04-30
2017-04-01,72,Mars Bleu,Mars bleu + cancer colorectal + dépistage colon + coloscopie + cancer colon,2017,2017-02-02,2017-04-30
2017-04-02,67,Mars Bleu,Mars bleu + cancer colorectal + dépistage colon + coloscopie + cancer colon,2017,2017-02-02,2017-04-30
2017-04-03,69,Mars Bleu,Mars bleu + cancer colorectal + dépistage colon + coloscopie + cancer colon,2017,2017-02-02,2017-04-30
2017-04-04,70,Mars Bleu,Mars bleu + cancer colorectal + dépistage colon + coloscopie + cancer colon,2017,2017-02-02,2017-04-30
2017-04-05,62,Mars Bleu,Mars bleu + cancer colorectal + dépistage colon + coloscopie + cancer colon,2017,2017-02-02,2017-04-30
2017-04-06,74,Mars Bleu,Mars bleu + cancer colorectal + dépistage colon + coloscopie + cancer colon,2017,2017-02-02,2017-04-30
2017-04-07,53,Mars Bleu,Mars bleu + cancer colorectal + dépistage colon + coloscopie + cancer colon,2017,2017-02-02,2017-04-30
2017-04-08,49,Mars Bleu,Mars bleu + cancer colorectal + dépistage colon + coloscopie + cancer colon,2017,2017-02-02,2017-04-30
2017-04-09,50,Mars Bleu,Mars bleu + cancer colorectal + dépistage colon + coloscopie + cancer colon,2017,2017-02-02,2017-04-30
2017-04-10,68,Mars Bleu,Mars bleu + cancer colorectal + dépistage colon + coloscopie + cancer colon,2017,2017-02-02,2017-04-30
2017-04-11,47,Mars Bleu,Mars bleu + cancer colorectal + dépistage colon + coloscopie + cancer colon,2017,2017-02-02,2017-04-30
2017-04-12,52,Mars Bleu,Mars bleu + cancer colorectal + dépistage colon + coloscopie + cancer colon,2017,2017-02-02,2017-04-30
2017-04-13,49,Mars Bleu,Mars bleu + cancer colorectal + dépistage colon + coloscopie + cancer colon,2017,2017-02-02,2017-04-30
2017-04-14,65,Mars Bleu,Mars bleu + cancer colorectal + dépistage colon + coloscopie + cancer colon,2017,2017-02-02,2017-04-30
2017-04-15,46,Mars Bleu,Mars bleu + cancer colorectal + dépistage colon + coloscopie + cancer colon,2017,2017-02-02,2017-04-30
2017-04-16,52,Mars Bleu,Mars bleu + cancer colorectal + dépistage colon + coloscopie + cancer colon,2017,2017-02-02,2017-04-30
2017-04-17,56,Mars Bleu,Mars bleu + cancer colorectal + dépistage colon + coloscopie + cancer colon,2017,2017-02-02,2017-04-30
2017-04-18,59,Mars Bleu,Mars bleu + cancer colorectal + dépistage colon + coloscopie + cancer colon,2017,2017-02-02,2017-04-30
2017-04-19,62,Mars Bleu,Mars bleu + cancer colorectal + dépistage colon + coloscopie + cancer colon,2017,2017-02-02,2017-04-30
2017-04-20,68,Mars Bleu,Mars bleu + cancer colorectal + dépistage colon + coloscopie + cancer colon,2017,2017-02-02,2017-04-30
2017-04-21,49,Mars Bleu,Mars bleu + cancer colorectal + dépistage colon + coloscopie + cancer colon,2017,2017-02-02,2017-04-30
2017-04-22,37,Mars Bleu,Mars bleu + cancer colorectal + dépistage colon + coloscopie + cancer colon,2017,2017-02-02,2017-04-30
2017-04-23,41,Mars Bleu,Mars bleu + cancer colorectal + dépistage colon + coloscopie + cancer colon,2017,2017-02-02,2017-04-30
2017-04-24,54,Mars Bleu,Mars bleu + cancer colorectal + dépistage colon + coloscopie + cancer colon,2017,2017-02-02,2017-04-30
2017-04-25,64,Mars Bleu,Mars bleu + cancer colorectal + dépistage colon + coloscopie + cancer colon,2017,2017-02-02,2017-04-30
2017-04-26,65,Mars Bleu,Mars bleu + cancer colorectal + dépistage colon + coloscopie + cancer colon,2017,2017-02-02,2017-04-30
2017-04-27,61,Mars Bleu,Mars bleu + cancer colorectal + dépistage colon + coloscopie + cancer colon,2017,2017-02-02,2017-04-30
2017-04-28,60,Mars Bleu,Mars bleu + cancer colorectal + dépistage colon + coloscopie + cancer colon,2017,2017-02-02,2017-04-30
2017-04-29,44,Mars Bleu,Mars bleu + cancer colorectal + dépistage colon + coloscopie + cancer colon,2017,2017-02-02,2017-04-30
2017-04-30,40,Mars Bleu,Mars bleu + cancer colorectal + dépistage colon + coloscopie + cancer colon,2017,2017-02-02,2017-04-30
2018-02-02,68,Mars Bleu,Mars bleu + cancer colorectal + dépistage colon + coloscopie + cancer colon,2018,2018-02-02,2018-04-30
2018-02-03,53,Mars Bleu,Mars bleu + cancer colorectal + dépistage colon + coloscopie + cancer colon,2018,2018-02-02,2018-04-30
2018-02-04,42,Mars Bleu,Mars bleu + cancer colorectal + dépistage colon + coloscopie + cancer colon,2018,2018-02-02,2018-04-30
2018-02-05,82,Mars Bleu,Mars bleu + cancer colorectal + dépistage colon + coloscopie + cancer colon,2018,2018-02-02,2018-04-30
2018-02-06,59,Mars Bleu,Mars bleu + cancer colorectal + dépistage colon + coloscopie + cancer colon,2018,2018-02-02,2018-04-30
2018-02-07,61,Mars Bleu,Mars bleu + cancer colorectal + dépistage colon + coloscopie + cancer colon,2018,2018-02-02,2018-04-30
2018-02-08,70,Mars Bleu,Mars bleu + cancer colorectal + dépistage colon + coloscopie + cancer colon,2018,2018-02-02,2018-04-30
2018-02-09,63,Mars Bleu,Mars bleu + cancer colorectal + dépistage colon + coloscopie + cancer colon,2018,2018-02-02,2018-04-30
2018-02-10,51,Mars Bleu,Mars bleu + cancer colorectal + dépistage colon + coloscopie + cancer colon,2018,2018-02-02,2018-04-30
2018-02-11,54,Mars Bleu,Mars bleu + cancer colorectal + dépistage colon + coloscopie + cancer colon,2018,2018-02-02,2018-04-30
2018-02-12,64,Mars Bleu,Mars bleu + cancer colorectal + dépistage colon + coloscopie + cancer colon,2018,2018-02-02,2018-04-30
2018-02-13,73,Mars Bleu,Mars bleu + cancer colorectal + dépistage colon + coloscopie + cancer colon,2018,2018-02-02,2018-04-30
2018-02-14,71,Mars Bleu,Mars bleu + cancer colorectal + dépistage colon + coloscopie + cancer colon,2018,2018-02-02,2018-04-30
2018-02-15,69,Mars Bleu,Mars bleu + cancer colorectal + dépistage colon + coloscopie + cancer colon,2018,2018-02-02,2018-04-30
2018-02-16,66,Mars Bleu,Mars bleu + cancer colorectal + dépistage colon + coloscopie + cancer colon,2018,2018-02-02,2018-04-30
2018-02-17,66,Mars Bleu,Mars bleu + cancer colorectal + dépistage colon + coloscopie + cancer colon,2018,2018-02-02,2018-04-30
2018-02-18,90,Mars Bleu,Mars bleu + cancer colorectal + dépistage colon + coloscopie + cancer colon,2018,2018-02-02,2018-04-30
2018-02-19,83,Mars Bleu,Mars bleu + cancer colorectal + dépistage colon + coloscopie + cancer colon,2018,2018-02-02,2018-04-30
2018-02-20,92,Mars Bleu,Mars bleu + cancer colorectal + dépistage colon + coloscopie + cancer colon,2018,2018-02-02,2018-04-30
2018-02-21,80,Mars Bleu,Mars bleu + cancer colorectal + dépistage colon + coloscopie + cancer colon,2018,2018-02-02,2018-04-30
2018-02-22,77,Mars Bleu,Mars bleu + cancer colorectal + dépistage colon + coloscopie + cancer colon,2018,2018-02-02,2018-04-30
2018-02-23,79,Mars Bleu,Mars bleu + cancer colorectal + dépistage colon + coloscopie + cancer colon,2018,2018-02-02,2018-04-30
2018-02-24,52,Mars Bleu,Mars bleu + cancer colorectal + dépistage colon + coloscopie + cancer colon,2018,2018-02-02,2018-04-30
2018-02-25,64,Mars Bleu,Mars bleu + cancer colorectal + dépistage colon + coloscopie + cancer colon,2018,2018-02-02,2018-04-30
2018-02-26,83,Mars Bleu,Mars bleu + cancer colorectal + dépistage colon + coloscopie + cancer colon,2018,2018-02-02,2018-04-30
2018-02-27,74,Mars Bleu,Mars bleu + cancer colorectal + dépistage colon + coloscopie + cancer colon,2018,2018-02-02,2018-04-30
2018-02-28,76,Mars Bleu,Mars bleu + cancer colorectal + dépistage colon + coloscopie + cancer colon,2018,2018-02-02,2018-04-30
2018-03-01,84,Mars Bleu,Mars bleu + cancer colorectal + dépistage colon + coloscopie + cancer colon,2018,2018-02-02,2018-04-30
2018-03-02,78,Mars Bleu,Mars bleu + cancer colorectal + dépistage colon + coloscopie + cancer colon,2018,2018-02-02,2018-04-30
2018-03-03,63,Mars Bleu,Mars bleu + cancer colorectal + dépistage colon + coloscopie + cancer colon,2018,2018-02-02,2018-04-30
2018-03-04,73,Mars Bleu,Mars bleu + cancer colorectal + dépistage colon + coloscopie + cancer colon,2018,2018-02-02,2018-04-30
2018-03-05,95,Mars Bleu,Mars bleu + cancer colorectal + dépistage colon + coloscopie + cancer colon,2018,2018-02-02,2018-04-30
2018-03-06,82,Mars Bleu,Mars bleu + cancer colorectal + dépistage colon + coloscopie + cancer colon,2018,2018-02-02,2018-04-30
2018-03-07,92,Mars Bleu,Mars bleu + cancer colorectal + dépistage colon + coloscopie + cancer colon,2018,2018-02-02,2018-04-30
2018-03-08,80,Mars Bleu,Mars bleu + cancer colorectal + dépistage colon + coloscopie + cancer colon,2018,2018-02-02,2018-04-30
2018-03-09,89,Mars Bleu,Mars bleu + cancer colorectal + dépistage colon + coloscopie + cancer colon,2018,2018-02-02,2018-04-30
2018-03-10,71,Mars Bleu,Mars bleu + cancer colorectal + dépistage colon + coloscopie + cancer colon,2018,2018-02-02,2018-04-30
2018-03-11,90,Mars Bleu,Mars bleu + cancer colorectal + dépistage colon + coloscopie + cancer colon,2018,2018-02-02,2018-04-30
2018-03-12,94,Mars Bleu,Mars bleu + cancer colorectal + dépistage colon + coloscopie + cancer colon,2018,2018-02-02,2018-04-30
2018-03-13,83,Mars Bleu,Mars bleu + cancer colorectal + dépistage colon + coloscopie + cancer colon,2018,2018-02-02,2018-04-30
2018-03-14,89,Mars Bleu,Mars bleu + cancer colorectal + dépistage colon + coloscopie + cancer colon,2018,2018-02-02,2018-04-30
2018-03-15,90,Mars Bleu,Mars bleu + cancer colorectal + dépistage colon + coloscopie + cancer colon,2018,2018-02-02,2018-04-30
2018-03-16,88,Mars Bleu,Mars bleu + cancer colorectal + dépistage colon + coloscopie + cancer colon,2018,2018-02-02,2018-04-30
2018-03-17,72,Mars Bleu,Mars bleu + cancer colorectal + dépistage colon + coloscopie + cancer colon,2018,2018-02-02,2018-04-30
2018-03-18,76,Mars Bleu,Mars bleu + cancer colorectal + dépistage colon + coloscopie + cancer colon,2018,2018-02-02,2018-04-30
2018-03-19,100,Mars Bleu,Mars bleu + cancer colorectal + dépistage colon + coloscopie + cancer colon,2018,2018-02-02,2018-04-30
2018-03-20,92,Mars Bleu,Mars bleu + cancer colorectal + dépistage colon + coloscopie + cancer colon,2018,2018-02-02,2018-04-30
2018-03-21,87,Mars Bleu,Mars bleu + cancer colorectal + dépistage colon + coloscopie + cancer colon,2018,2018-02-02,2018-04-30
2018-03-22,82,Mars Bleu,Mars bleu + cancer colorectal + dépistage colon + coloscopie + cancer colon,2018,2018-02-02,2018-04-30
2018-03-23,75,Mars Bleu,Mars bleu + cancer colorectal + dépistage colon + coloscopie + cancer colon,2018,2018-02-02,2018-04-30
2018-03-24,54,Mars Bleu,Mars bleu + cancer colorectal + dépistage colon + coloscopie + cancer colon,2018,2018-02-02,2018-04-30
2018-03-25,78,Mars Bleu,Mars bleu + cancer colorectal + dépistage colon + coloscopie + cancer colon,2018,2018-02-02,2018-04-30
2018-03-26,82,Mars Bleu,Mars bleu + cancer colorectal + dépistage colon + coloscopie + cancer colon,2018,2018-02-02,2018-04-30
2018-03-27,88,Mars Bleu,Mars bleu + cancer colorectal + dépistage colon + coloscopie + cancer colon,2018,2018-02-02,2018-04-30
2018-03-28,79,Mars Bleu,Mars bleu + cancer colorectal + dépistage colon + coloscopie + cancer colon,2018,2018-02-02,2018-04-30
2018-03-29,83,Mars Bleu,Mars bleu + cancer colorectal + dépistage colon + coloscopie + cancer colon,2018,2018-02-02,2018-04-30
2018-03-30,77,Mars Bleu,Mars bleu + cancer colorectal + dépistage colon + coloscopie + cancer colon,2018,2018-02-02,2018-04-30
2018-03-31,64,Mars Bleu,Mars bleu + cancer colorectal + dépistage colon + coloscopie + cancer colon,2018,2018-02-02,2018-04-30
2018-04-01,49,Mars Bleu,Mars bleu + cancer colorectal + dépistage colon + coloscopie + cancer colon,2018,2018-02-02,2018-04-30
2018-04-02,65,Mars Bleu,Mars bleu + cancer colorectal + dépistage colon + coloscopie + cancer colon,2018,2018-02-02,2018-04-30
2018-04-03,63,Mars Bleu,Mars bleu + cancer colorectal + dépistage colon + coloscopie + cancer colon,2018,2018-02-02,2018-04-30
2018-04-04,55,Mars Bleu,Mars bleu + cancer colorectal + dépistage colon + coloscopie + cancer colon,2018,2018-02-02,2018-04-30
2018-04-05,74,Mars Bleu,Mars bleu + cancer colorectal + dépistage colon + coloscopie + cancer colon,2018,2018-02-02,2018-04-30
2018-04-06,58,Mars Bleu,Mars bleu + cancer colorectal + dépistage colon + coloscopie + cancer colon,2018,2018-02-02,2018-04-30
2018-04-07,50,Mars Bleu,Mars bleu + cancer colorectal + dépistage colon + coloscopie + cancer colon,2018,2018-02-02,2018-04-30
2018-04-08,50,Mars Bleu,Mars bleu + cancer colorectal + dépistage colon + coloscopie + cancer colon,2018,2018-02-02,2018-04-30
2018-04-09,78,Mars Bleu,Mars bleu + cancer colorectal + dépistage colon + coloscopie + cancer colon,2018,2018-02-02,2018-04-30
2018-04-10,69,Mars Bleu,Mars bleu + cancer colorectal + dépistage colon + coloscopie + cancer colon,2018,2018-02-02,2018-04-30
2018-04-11,64,Mars Bleu,Mars bleu + cancer colorectal + dépistage colon + coloscopie + cancer colon,2018,2018-02-02,2018-04-30
2018-04-12,62,Mars Bleu,Mars bleu + cancer colorectal + dépistage colon + coloscopie + cancer colon,2018,2018-02-02,2018-04-30
2018-04-13,57,Mars Bleu,Mars bleu + cancer colorectal + dépistage colon + coloscopie + cancer colon,2018,2018-02-02,2018-04-30
2018-04-14,51,Mars Bleu,Mars bleu + cancer colorectal + dépistage colon + coloscopie + cancer colon,2018,2018-02-02,2018-04-30
2018-04-15,52,Mars Bleu,Mars bleu + cancer colorectal + dépistage colon + coloscopie + cancer colon,2018,2018-02-02,2018-04-30
2018-04-16,64,Mars Bleu,Mars bleu + cancer colorectal + dépistage colon + coloscopie + cancer colon,2018,2018-02-02,2018-04-30
2018-04-17,75,Mars Bleu,Mars bleu + cancer colorectal + dépistage colon + coloscopie + cancer colon,2018,2018-02-02,2018-04-30
2018-04-18,64,Mars Bleu,Mars bleu + cancer colorectal + dépistage colon + coloscopie + cancer colon,2018,2018-02-02,2018-04-30
2018-04-19,68,Mars Bleu,Mars bleu + cancer colorectal + dépistage colon + coloscopie + cancer colon,2018,2018-02-02,2018-04-30
2018-04-20,76,Mars Bleu,Mars bleu + cancer colorectal + dépistage colon + coloscopie + cancer colon,2018,2018-02-02,2018-04-30
2018-04-21,44,Mars Bleu,Mars bleu + cancer colorectal + dépistage colon + coloscopie + cancer colon,2018,2018-02-02,2018-04-30
2018-04-22,47,Mars Bleu,Mars bleu + cancer colorectal + dépistage colon + coloscopie + cancer colon,2018,2018-02-02,2018-04-30
2018-04-23,63,Mars Bleu,Mars bleu + cancer colorectal + dépistage colon + coloscopie + cancer colon,2018,2018-02-02,2018-04-30
2018-04-24,71,Mars Bleu,Mars bleu + cancer colorectal + dépistage colon + coloscopie + cancer colon,2018,2018-02-02,2018-04-30
2018-04-25,85,Mars Bleu,Mars bleu + cancer colorectal + dépistage colon + coloscopie + cancer colon,2018,2018-02-02,2018-04-30
2018-04-26,65,Mars Bleu,Mars bleu + cancer colorectal + dépistage colon + coloscopie + cancer colon,2018,2018-02-02,2018-04-30
2018-04-27,57,Mars Bleu,Mars bleu + cancer colorectal + dépistage colon + coloscopie + cancer colon,2018,2018-02-02,2018-04-30
2018-04-28,49,Mars Bleu,Mars bleu + cancer colorectal + dépistage colon + coloscopie + cancer colon,2018,2018-02-02,2018-04-30
2018-04-29,47,Mars Bleu,Mars bleu + cancer colorectal + dépistage colon + coloscopie + cancer colon,2018,2018-02-02,2018-04-30
2018-04-30,48,Mars Bleu,Mars bleu + cancer colorectal + dépistage colon + coloscopie + cancer colon,2018,2018-02-02,2018-04-30
2019-02-02,44,Mars Bleu,Mars bleu + cancer colorectal + dépistage colon + coloscopie + cancer colon,2019,2019-02-02,2019-04-30
2019-02-03,53,Mars Bleu,Mars bleu + cancer colorectal + dépistage colon + coloscopie + cancer colon,2019,2019-02-02,2019-04-30
2019-02-04,60,Mars Bleu,Mars bleu + cancer colorectal + dépistage colon + coloscopie + cancer colon,2019,2019-02-02,2019-04-30
2019-02-05,46,Mars Bleu,Mars bleu + cancer colorectal + dépistage colon + coloscopie + cancer colon,2019,2019-02-02,2019-04-30
2019-02-06,53,Mars Bleu,Mars bleu + cancer colorectal + dépistage colon + coloscopie + cancer colon,2019,2019-02-02,2019-04-30
2019-02-07,59,Mars Bleu,Mars bleu + cancer colorectal + dépistage colon + coloscopie + cancer colon,2019,2019-02-02,2019-04-30
2019-02-08,56,Mars Bleu,Mars bleu + cancer colorectal + dépistage colon + coloscopie + cancer colon,2019,2019-02-02,2019-04-30
2019-02-09,34,Mars Bleu,Mars bleu + cancer colorectal + dépistage colon + coloscopie + cancer colon,2019,2019-02-02,2019-04-30
2019-02-10,50,Mars Bleu,Mars bleu + cancer colorectal + dépistage colon + coloscopie + cancer colon,2019,2019-02-02,2019-04-30
2019-02-11,57,Mars Bleu,Mars bleu + cancer colorectal + dépistage colon + coloscopie + cancer colon,2019,2019-02-02,2019-04-30
2019-02-12,55,Mars Bleu,Mars bleu + cancer colorectal + dépistage colon + coloscopie + cancer colon,2019,2019-02-02,2019-04-30
2019-02-13,56,Mars Bleu,Mars bleu + cancer colorectal + dépistage colon + coloscopie + cancer colon,2019,2019-02-02,2019-04-30
2019-02-14,42,Mars Bleu,Mars bleu + cancer colorectal + dépistage colon + coloscopie + cancer colon,2019,2019-02-02,2019-04-30
2019-02-15,50,Mars Bleu,Mars bleu + cancer colorectal + dépistage colon + coloscopie + cancer colon,2019,2019-02-02,2019-04-30
2019-02-16,49,Mars Bleu,Mars bleu + cancer colorectal + dépistage colon + coloscopie + cancer colon,2019,2019-02-02,2019-04-30
2019-02-17,41,Mars Bleu,Mars bleu + cancer colorectal + dépistage colon + coloscopie + cancer colon,2019,2019-02-02,2019-04-30
2019-02-18,58,Mars Bleu,Mars bleu + cancer colorectal + dépistage colon + coloscopie + cancer colon,2019,2019-02-02,2019-04-30
2019-02-19,55,Mars Bleu,Mars bleu + cancer colorectal + dépistage colon + coloscopie + cancer colon,2019,2019-02-02,2019-04-30
2019-02-20,59,Mars Bleu,Mars bleu + cancer colorectal + dépistage colon + coloscopie + cancer colon,2019,2019-02-02,2019-04-30
2019-02-21,60,Mars Bleu,Mars bleu + cancer colorectal + dépistage colon + coloscopie + cancer colon,2019,2019-02-02,2019-04-30
2019-02-22,59,Mars Bleu,Mars bleu + cancer colorectal + dépistage colon + coloscopie + cancer colon,2019,2019-02-02,2019-04-30
2019-02-23,46,Mars Bleu,Mars bleu + cancer colorectal + dépistage colon + coloscopie + cancer colon,2019,2019-02-02,2019-04-30
2019-02-24,53,Mars Bleu,Mars bleu + cancer colorectal + dépistage colon + coloscopie + cancer colon,2019,2019-02-02,2019-04-30
2019-02-25,59,Mars Bleu,Mars bleu + cancer colorectal + dépistage colon + coloscopie + cancer colon,2019,2019-02-02,2019-04-30
2019-02-26,46,Mars Bleu,Mars bleu + cancer colorectal + dépistage colon + coloscopie + cancer colon,2019,2019-02-02,2019-04-30
2019-02-27,61,Mars Bleu,Mars bleu + cancer colorectal + dépistage colon + coloscopie + cancer colon,2019,2019-02-02,2019-04-30
2019-02-28,63,Mars Bleu,Mars bleu + cancer colorectal + dépistage colon + coloscopie + cancer colon,2019,2019-02-02,2019-04-30
2019-03-01,57,Mars Bleu,Mars bleu + cancer colorectal + dépistage colon + coloscopie + cancer colon,2019,2019-02-02,2019-04-30
2019-03-02,60,Mars Bleu,Mars bleu + cancer colorectal + dépistage colon + coloscopie + cancer colon,2019,2019-02-02,2019-04-30
2019-03-03,51,Mars Bleu,Mars bleu + cancer colorectal + dépistage colon + coloscopie + cancer colon,2019,2019-02-02,2019-04-30
2019-03-04,71,Mars Bleu,Mars bleu + cancer colorectal + dépistage colon + coloscopie + cancer colon,2019,2019-02-02,2019-04-30
2019-03-05,65,Mars Bleu,Mars bleu + cancer colorectal + dépistage colon + coloscopie + cancer colon,2019,2019-02-02,2019-04-30
2019-03-06,59,Mars Bleu,Mars bleu + cancer colorectal + dépistage colon + coloscopie + cancer colon,2019,2019-02-02,2019-04-30
2019-03-07,67,Mars Bleu,Mars bleu + cancer colorectal + dépistage colon + coloscopie + cancer colon,2019,2019-02-02,2019-04-30
2019-03-08,55,Mars Bleu,Mars bleu + cancer colorectal + dépistage colon + coloscopie + cancer colon,2019,2019-02-02,2019-04-30
2019-03-09,54,Mars Bleu,Mars bleu + cancer colorectal + dépistage colon + coloscopie + cancer colon,2019,2019-02-02,2019-04-30
2019-03-10,58,Mars Bleu,Mars bleu + cancer colorectal + dépistage colon + coloscopie + cancer colon,2019,2019-02-02,2019-04-30
2019-03-11,77,Mars Bleu,Mars bleu + cancer colorectal + dépistage colon + coloscopie + cancer colon,2019,2019-02-02,2019-04-30
2019-03-12,75,Mars Bleu,Mars bleu + cancer colorectal + dépistage colon + coloscopie + cancer colon,2019,2019-02-02,2019-04-30
2019-03-13,63,Mars Bleu,Mars bleu + cancer colorectal + dépistage colon + coloscopie + cancer colon,2019,2019-02-02,2019-04-30
2019-03-14,61,Mars Bleu,Mars bleu + cancer colorectal + dépistage colon + coloscopie + cancer colon,2019,2019-02-02,2019-04-30
2019-03-15,59,Mars Bleu,Mars bleu + cancer colorectal + dépistage colon + coloscopie + cancer colon,2019,2019-02-02,2019-04-30
2019-03-16,57,Mars Bleu,Mars bleu + cancer colorectal + dépistage colon + coloscopie + cancer colon,2019,2019-02-02,2019-04-30
2019-03-17,59,Mars Bleu,Mars bleu + cancer colorectal + dépistage colon + coloscopie + cancer colon,2019,2019-02-02,2019-04-30
2019-03-18,100,Mars Bleu,Mars bleu + cancer colorectal + dépistage colon + coloscopie + cancer colon,2019,2019-02-02,2019-04-30
2019-03-19,74,Mars Bleu,Mars bleu + cancer colorectal + dépistage colon + coloscopie + cancer colon,2019,2019-02-02,2019-04-30
2019-03-20,75,Mars Bleu,Mars bleu + cancer colorectal + dépistage colon + coloscopie + cancer colon,2019,2019-02-02,2019-04-30
2019-03-21,65,Mars Bleu,Mars bleu + cancer colorectal + dépistage colon + coloscopie + cancer colon,2019,2019-02-02,2019-04-30
2019-03-22,74,Mars Bleu,Mars bleu + cancer colorectal + dépistage colon + coloscopie + cancer colon,2019,2019-02-02,2019-04-30
2019-03-23,53,Mars Bleu,Mars bleu + cancer colorectal + dépistage colon + coloscopie + cancer colon,2019,2019-02-02,2019-04-30
2019-03-24,58,Mars Bleu,Mars bleu + cancer colorectal + dépistage colon + coloscopie + cancer colon,2019,2019-02-02,2019-04-30
2019-03-25,74,Mars Bleu,Mars bleu + cancer colorectal + dépistage colon + coloscopie + cancer colon,2019,2019-02-02,2019-04-30
2019-03-26,77,Mars Bleu,Mars bleu + cancer colorectal + dépistage colon + coloscopie + cancer colon,2019,2019-02-02,2019-04-30
2019-03-27,65,Mars Bleu,Mars bleu + cancer colorectal + dépistage colon + coloscopie + cancer colon,2019,2019-02-02,2019-04-30
2019-03-28,68,Mars Bleu,Mars bleu + cancer colorectal + dépistage colon + coloscopie + cancer colon,2019,2019-02-02,2019-04-30
2019-03-29,51,Mars Bleu,Mars bleu + cancer colorectal + dépistage colon + coloscopie + cancer colon,2019,2019-02-02,2019-04-30
2019-03-30,48,Mars Bleu,Mars bleu + cancer colorectal + dépistage colon + coloscopie + cancer colon,2019,2019-02-02,2019-04-30
2019-03-31,61,Mars Bleu,Mars bleu + cancer colorectal + dépistage colon + coloscopie + cancer colon,2019,2019-02-02,2019-04-30
2019-04-01,70,Mars Bleu,Mars bleu + cancer colorectal + dépistage colon + coloscopie + cancer colon,2019,2019-02-02,2019-04-30
2019-04-02,58,Mars Bleu,Mars bleu + cancer colorectal + dépistage colon + coloscopie + cancer colon,2019,2019-02-02,2019-04-30
2019-04-03,61,Mars Bleu,Mars bleu + cancer colorectal + dépistage colon + coloscopie + cancer colon,2019,2019-02-02,2019-04-30
2019-04-04,59,Mars Bleu,Mars bleu + cancer colorectal + dépistage colon + coloscopie + cancer colon,2019,2019-02-02,2019-04-30
2019-04-05,55,Mars Bleu,Mars bleu + cancer colorectal + dépistage colon + coloscopie + cancer colon,2019,2019-02-02,2019-04-30
2019-04-06,46,Mars Bleu,Mars bleu + cancer colorectal + dépistage colon + coloscopie + cancer colon,2019,2019-02-02,2019-04-30
2019-04-07,55,Mars Bleu,Mars bleu + cancer colorectal + dépistage colon + coloscopie + cancer colon,2019,2019-02-02,2019-04-30
2019-04-08,52,Mars Bleu,Mars bleu + cancer colorectal + dépistage colon + coloscopie + cancer colon,2019,2019-02-02,2019-04-30
2019-04-09,52,Mars Bleu,Mars bleu + cancer colorectal + dépistage colon + coloscopie + cancer colon,2019,2019-02-02,2019-04-30
2019-04-10,57,Mars Bleu,Mars bleu + cancer colorectal + dépistage colon + coloscopie + cancer colon,2019,2019-02-02,2019-04-30
2019-04-11,49,Mars Bleu,Mars bleu + cancer colorectal + dépistage colon + coloscopie + cancer colon,2019,2019-02-02,2019-04-30
2019-04-12,47,Mars Bleu,Mars bleu + cancer colorectal + dépistage colon + coloscopie + cancer colon,2019,2019-02-02,2019-04-30
2019-04-13,48,Mars Bleu,Mars bleu + cancer colorectal + dépistage colon + coloscopie + cancer colon,2019,2019-02-02,2019-04-30
2019-04-14,46,Mars Bleu,Mars bleu + cancer colorectal + dépistage colon + coloscopie + cancer colon,2019,2019-02-02,2019-04-30
2019-04-15,47,Mars Bleu,Mars bleu + cancer colorectal + dépistage colon + coloscopie + cancer colon,2019,2019-02-02,2019-04-30
2019-04-16,53,Mars Bleu,Mars bleu + cancer colorectal + dépistage colon + coloscopie + cancer colon,2019,2019-02-02,2019-04-30
2019-04-17,45,Mars Bleu,Mars bleu + cancer colorectal + dépistage colon + coloscopie + cancer colon,2019,2019-02-02,2019-04-30
2019-04-18,46,Mars Bleu,Mars bleu + cancer colorectal + dépistage colon + coloscopie + cancer colon,2019,2019-02-02,2019-04-30
2019-04-19,46,Mars Bleu,Mars bleu + cancer colorectal + dépistage colon + coloscopie + cancer colon,2019,2019-02-02,2019-04-30
2019-04-20,39,Mars Bleu,Mars bleu + cancer colorectal + dépistage colon + coloscopie + cancer colon,2019,2019-02-02,2019-04-30
2019-04-21,39,Mars Bleu,Mars bleu + cancer colorectal + dépistage colon + coloscopie + cancer colon,2019,2019-02-02,2019-04-30
2019-04-22,39,Mars Bleu,Mars bleu + cancer colorectal + dépistage colon + coloscopie + cancer colon,2019,2019-02-02,2019-04-30
2019-04-23,43,Mars Bleu,Mars bleu + cancer colorectal + dépistage colon + coloscopie + cancer colon,2019,2019-02-02,2019-04-30
2019-04-24,59,Mars Bleu,Mars bleu + cancer colorectal + dépistage colon + coloscopie + cancer colon,2019,2019-02-02,2019-04-30
2019-04-25,70,Mars Bleu,Mars bleu + cancer colorectal + dépistage colon + coloscopie + cancer colon,2019,2019-02-02,2019-04-30
2019-04-26,52,Mars Bleu,Mars bleu + cancer colorectal + dépistage colon + coloscopie + cancer colon,2019,2019-02-02,2019-04-30
2019-04-27,51,Mars Bleu,Mars bleu + cancer colorectal + dépistage colon + coloscopie + cancer colon,2019,2019-02-02,2019-04-30
2019-04-28,44,Mars Bleu,Mars bleu + cancer colorectal + dépistage colon + coloscopie + cancer colon,2019,2019-02-02,2019-04-30
2019-04-29,60,Mars Bleu,Mars bleu + cancer colorectal + dépistage colon + coloscopie + cancer colon,2019,2019-02-02,2019-04-30
2019-04-30,46,Mars Bleu,Mars bleu + cancer colorectal + dépistage colon + coloscopie + cancer colon,2019,2019-02-02,2019-04-30
2020-02-02,63,Mars Bleu,Mars bleu + cancer colorectal + dépistage colon + coloscopie + cancer colon,2020,2020-02-02,2020-04-30
2020-02-03,92,Mars Bleu,Mars bleu + cancer colorectal + dépistage colon + coloscopie + cancer colon,2020,2020-02-02,2020-04-30
2020-02-04,93,Mars Bleu,Mars bleu + cancer colorectal + dépistage colon + coloscopie + cancer colon,2020,2020-02-02,2020-04-30
2020-02-05,87,Mars Bleu,Mars bleu + cancer colorectal + dépistage colon + coloscopie + cancer colon,2020,2020-02-02,2020-04-30
2020-02-06,79,Mars Bleu,Mars bleu + cancer colorectal + dépistage colon + coloscopie + cancer colon,2020,2020-02-02,2020-04-30
2020-02-07,80,Mars Bleu,Mars bleu + cancer colorectal + dépistage colon + coloscopie + cancer colon,2020,2020-02-02,2020-04-30
2020-02-08,71,Mars Bleu,Mars bleu + cancer colorectal + dépistage colon + coloscopie + cancer colon,2020,2020-02-02,2020-04-30
2020-02-09,66,Mars Bleu,Mars bleu + cancer colorectal + dépistage colon + coloscopie + cancer colon,2020,2020-02-02,2020-04-30
2020-02-10,96,Mars Bleu,Mars bleu + cancer colorectal + dépistage colon + coloscopie + cancer colon,2020,2020-02-02,2020-04-30
2020-02-11,92,Mars Bleu,Mars bleu + cancer colorectal + dépistage colon + coloscopie + cancer colon,2020,2020-02-02,2020-04-30
2020-02-12,94,Mars Bleu,Mars bleu + cancer colorectal + dépistage colon + coloscopie + cancer colon,2020,2020-02-02,2020-04-30
2020-02-13,75,Mars Bleu,Mars bleu + cancer colorectal + dépistage colon + coloscopie + cancer colon,2020,2020-02-02,2020-04-30
2020-02-14,80,Mars Bleu,Mars bleu + cancer colorectal + dépistage colon + coloscopie + cancer colon,2020,2020-02-02,2020-04-30
2020-02-15,76,Mars Bleu,Mars bleu + cancer colorectal + dépistage colon + coloscopie + cancer colon,2020,2020-02-02,2020-04-30
2020-02-16,77,Mars Bleu,Mars bleu + cancer colorectal + dépistage colon + coloscopie + cancer colon,2020,2020-02-02,2020-04-30
2020-02-17,95,Mars Bleu,Mars bleu + cancer colorectal + dépistage colon + coloscopie + cancer colon,2020,2020-02-02,2020-04-30
2020-02-18,92,Mars Bleu,Mars bleu + cancer colorectal + dépistage colon + coloscopie + cancer colon,2020,2020-02-02,2020-04-30
2020-02-19,100,Mars Bleu,Mars bleu + cancer colorectal + dépistage colon + coloscopie + cancer colon,2020,2020-02-02,2020-04-30
2020-02-20,89,Mars Bleu,Mars bleu + cancer colorectal + dépistage colon + coloscopie + cancer colon,2020,2020-02-02,2020-04-30
2020-02-21,70,Mars Bleu,Mars bleu + cancer colorectal + dépistage colon + coloscopie + cancer colon,2020,2020-02-02,2020-04-30
2020-02-22,75,Mars Bleu,Mars bleu + cancer colorectal + dépistage colon + coloscopie + cancer colon,2020,2020-02-02,2020-04-30
2020-02-23,74,Mars Bleu,Mars bleu + cancer colorectal + dépistage colon + coloscopie + cancer colon,2020,2020-02-02,2020-04-30
2020-02-24,86,Mars Bleu,Mars bleu + cancer colorectal + dépistage colon + coloscopie + cancer colon,2020,2020-02-02,2020-04-30
2020-02-25,87,Mars Bleu,Mars bleu + cancer colorectal + dépistage colon + coloscopie + cancer colon,2020,2020-02-02,2020-04-30
2020-02-26,79,Mars Bleu,Mars bleu + cancer colorectal + dépistage colon + coloscopie + cancer colon,2020,2020-02-02,2020-04-30
2020-02-27,73,Mars Bleu,Mars bleu + cancer colorectal + dépistage colon + coloscopie + cancer colon,2020,2020-02-02,2020-04-30
2020-02-28,69,Mars Bleu,Mars bleu + cancer colorectal + dépistage colon + coloscopie + cancer colon,2020,2020-02-02,2020-04-30
2020-02-29,62,Mars Bleu,Mars bleu + cancer colorectal + dépistage colon + coloscopie + cancer colon,2020,2020-02-02,2020-04-30
2020-03-01,74,Mars Bleu,Mars bleu + cancer colorectal + dépistage colon + coloscopie + cancer colon,2020,2020-02-02,2020-04-30
2020-03-02,87,Mars Bleu,Mars bleu + cancer colorectal + dépistage colon + coloscopie + cancer colon,2020,2020-02-02,2020-04-30
2020-03-03,82,Mars Bleu,Mars bleu + cancer colorectal + dépistage colon + coloscopie + cancer colon,2020,2020-02-02,2020-04-30
2020-03-04,91,Mars Bleu,Mars bleu + cancer colorectal + dépistage colon + coloscopie + cancer colon,2020,2020-02-02,2020-04-30
2020-03-05,93,Mars Bleu,Mars bleu + cancer colorectal + dépistage colon + coloscopie + cancer colon,2020,2020-02-02,2020-04-30
2020-03-06,77,Mars Bleu,Mars bleu + cancer colorectal + dépistage colon + coloscopie + cancer colon,2020,2020-02-02,2020-04-30
2020-03-07,61,Mars Bleu,Mars bleu + cancer colorectal + dépistage colon + coloscopie + cancer colon,2020,2020-02-02,2020-04-30
2020-03-08,81,Mars Bleu,Mars bleu + cancer colorectal + dépistage colon + coloscopie + cancer colon,2020,2020-02-02,2020-04-30
2020-03-09,88,Mars Bleu,Mars bleu + cancer colorectal + dépistage colon + coloscopie + cancer colon,2020,2020-02-02,2020-04-30
2020-03-10,90,Mars Bleu,Mars bleu + cancer colorectal + dépistage colon + coloscopie + cancer colon,2020,2020-02-02,2020-04-30
2020-03-11,78,Mars Bleu,Mars bleu + cancer colorectal + dépistage colon + coloscopie + cancer colon,2020,2020-02-02,2020-04-30
2020-03-12,72,Mars Bleu,Mars bleu + cancer colorectal + dépistage colon + coloscopie + cancer colon,2020,2020-02-02,2020-04-30
2020-03-13,66,Mars Bleu,Mars bleu + cancer colorectal + dépistage colon + coloscopie + cancer colon,2020,2020-02-02,2020-04-30
2020-03-14,54,Mars Bleu,Mars bleu + cancer colorectal + dépistage colon + coloscopie + cancer colon,2020,2020-02-02,2020-04-30
2020-03-15,43,Mars Bleu,Mars bleu + cancer colorectal + dépistage colon + coloscopie + cancer colon,2020,2020-02-02,2020-04-30
2020-03-16,31,Mars Bleu,Mars bleu + cancer colorectal + dépistage colon + coloscopie + cancer colon,2020,2020-02-02,2020-04-30
2020-03-17,40,Mars Bleu,Mars bleu + cancer colorectal + dépistage colon + coloscopie + cancer colon,2020,2020-02-02,2020-04-30
2020-03-18,33,Mars Bleu,Mars bleu + cancer colorectal + dépistage colon + coloscopie + cancer colon,2020,2020-02-02,2020-04-30
2020-03-19,50,Mars Bleu,Mars bleu + cancer colorectal + dépistage colon + coloscopie + cancer colon,2020,2020-02-02,2020-04-30
2020-03-20,38,Mars Bleu,Mars bleu + cancer colorectal + dépistage colon + coloscopie + cancer colon,2020,2020-02-02,2020-04-30
2020-03-21,34,Mars Bleu,Mars bleu + cancer colorectal + dépistage colon + coloscopie + cancer colon,2020,2020-02-02,2020-04-30
2020-03-22,34,Mars Bleu,Mars bleu + cancer colorectal + dépistage colon + coloscopie + cancer colon,2020,2020-02-02,2020-04-30
2020-03-23,40,Mars Bleu,Mars bleu + cancer colorectal + dépistage colon + coloscopie + cancer colon,2020,2020-02-02,2020-04-30
2020-03-24,37,Mars Bleu,Mars bleu + cancer colorectal + dépistage colon + coloscopie + cancer colon,2020,2020-02-02,2020-04-30
2020-03-25,35,Mars Bleu,Mars bleu + cancer colorectal + dépistage colon + coloscopie + cancer colon,2020,2020-02-02,2020-04-30
2020-03-26,35,Mars Bleu,Mars bleu + cancer colorectal + dépistage colon + coloscopie + cancer colon,2020,2020-02-02,2020-04-30
2020-03-27,31,Mars Bleu,Mars bleu + cancer colorectal + dépistage colon + coloscopie + cancer colon,2020,2020-02-02,2020-04-30
2020-03-28,33,Mars Bleu,Mars bleu + cancer colorectal + dépistage colon + coloscopie + cancer colon,2020,2020-02-02,2020-04-30
2020-03-29,30,Mars Bleu,Mars bleu + cancer colorectal + dépistage colon + coloscopie + cancer colon,2020,2020-02-02,2020-04-30
2020-03-30,32,Mars Bleu,Mars bleu + cancer colorectal + dépistage colon + coloscopie + cancer colon,2020,2020-02-02,2020-04-30
2020-03-31,29,Mars Bleu,Mars bleu + cancer colorectal + dépistage colon + coloscopie + cancer colon,2020,2020-02-02,2020-04-30
2020-04-01,30,Mars Bleu,Mars bleu + cancer colorectal + dépistage colon + coloscopie + cancer colon,2020,2020-02-02,2020-04-30
2020-04-02,29,Mars Bleu,Mars bleu + cancer colorectal + dépistage colon + coloscopie + cancer colon,2020,2020-02-02,2020-04-30
2020-04-03,29,Mars Bleu,Mars bleu + cancer colorectal + dépistage colon + coloscopie + cancer colon,2020,2020-02-02,2020-04-30
2020-04-04,34,Mars Bleu,Mars bleu + cancer colorectal + dépistage colon + coloscopie + cancer colon,2020,2020-02-02,2020-04-30
2020-04-05,26,Mars Bleu,Mars bleu + cancer colorectal + dépistage colon + coloscopie + cancer colon,2020,2020-02-02,2020-04-30
2020-04-06,26,Mars Bleu,Mars bleu + cancer colorectal + dépistage colon + coloscopie + cancer colon,2020,2020-02-02,2020-04-30
2020-04-07,37,Mars Bleu,Mars bleu + cancer colorectal + dépistage colon + coloscopie + cancer colon,2020,2020-02-02,2020-04-30
2020-04-08,35,Mars Bleu,Mars bleu + cancer colorectal + dépistage colon + coloscopie + cancer colon,2020,2020-02-02,2020-04-30
2020-04-09,27,Mars Bleu,Mars bleu + cancer colorectal + dépistage colon + coloscopie + cancer colon,2020,2020-02-02,2020-04-30
2020-04-10,19,Mars Bleu,Mars bleu + cancer colorectal + dépistage colon + coloscopie + cancer colon,2020,2020-02-02,2020-04-30
2020-04-11,27,Mars Bleu,Mars bleu + cancer colorectal + dépistage colon + coloscopie + cancer colon,2020,2020-02-02,2020-04-30
2020-04-12,28,Mars Bleu,Mars bleu + cancer colorectal + dépistage colon + coloscopie + cancer colon,2020,2020-02-02,2020-04-30
2020-04-13,21,Mars Bleu,Mars bleu + cancer colorectal + dépistage colon + coloscopie + cancer colon,2020,2020-02-02,2020-04-30
2020-04-14,35,Mars Bleu,Mars bleu + cancer colorectal + dépistage colon + coloscopie + cancer colon,2020,2020-02-02,2020-04-30
2020-04-15,42,Mars Bleu,Mars bleu + cancer colorectal + dépistage colon + coloscopie + cancer colon,2020,2020-02-02,2020-04-30
2020-04-16,35,Mars Bleu,Mars bleu + cancer colorectal + dépistage colon + coloscopie + cancer colon,2020,2020-02-02,2020-04-30
2020-04-17,38,Mars Bleu,Mars bleu + cancer colorectal + dépistage colon + coloscopie + cancer colon,2020,2020-02-02,2020-04-30
2020-04-18,36,Mars Bleu,Mars bleu + cancer colorectal + dépistage colon + coloscopie + cancer colon,2020,2020-02-02,2020-04-30
2020-04-19,32,Mars Bleu,Mars bleu + cancer colorectal + dépistage colon + coloscopie + cancer colon,2020,2020-02-02,2020-04-30
2020-04-20,44,Mars Bleu,Mars bleu + cancer colorectal + dépistage colon + coloscopie + cancer colon,2020,2020-02-02,2020-04-30
2020-04-21,42,Mars Bleu,Mars bleu + cancer colorectal + dépistage colon + coloscopie + cancer colon,2020,2020-02-02,2020-04-30
2020-04-22,41,Mars Bleu,Mars bleu + cancer colorectal + dépistage colon + coloscopie + cancer colon,2020,2020-02-02,2020-04-30
2020-04-23,41,Mars Bleu,Mars bleu + cancer colorectal + dépistage colon + coloscopie + cancer colon,2020,2020-02-02,2020-04-30
2020-04-24,38,Mars Bleu,Mars bleu + cancer colorectal + dépistage colon + coloscopie + cancer colon,2020,2020-02-02,2020-04-30
2020-04-25,37,Mars Bleu,Mars bleu + cancer colorectal + dépistage colon + coloscopie + cancer colon,2020,2020-02-02,2020-04-30
2020-04-26,41,Mars Bleu,Mars bleu + cancer colorectal + dépistage colon + coloscopie + cancer colon,2020,2020-02-02,2020-04-30
2020-04-27,37,Mars Bleu,Mars bleu + cancer colorectal + dépistage colon + coloscopie + cancer colon,2020,2020-02-02,2020-04-30
2020-04-28,41,Mars Bleu,Mars bleu + cancer colorectal + dépistage colon + coloscopie + cancer colon,2020,2020-02-02,2020-04-30
2020-04-29,58,Mars Bleu,Mars bleu + cancer colorectal + dépistage colon + coloscopie + cancer colon,2020,2020-02-02,2020-04-30
2020-04-30,41,Mars Bleu,Mars bleu + cancer colorectal + dépistage colon + coloscopie + cancer colon,2020,2020-02-02,2020-04-30
2021-02-02,33,Mars Bleu,Mars bleu + cancer colorectal + dépistage colon + coloscopie + cancer colon,2021,2021-02-02,2021-04-30
2021-02-03,33,Mars Bleu,Mars bleu + cancer colorectal + dépistage colon + coloscopie + cancer colon,2021,2021-02-02,2021-04-30
2021-02-04,40,Mars Bleu,Mars bleu + cancer colorectal + dépistage colon + coloscopie + cancer colon,2021,2021-02-02,2021-04-30
2021-02-05,100,Mars Bleu,Mars bleu + cancer colorectal + dépistage colon + coloscopie + cancer colon,2021,2021-02-02,2021-04-30
2021-02-06,52,Mars Bleu,Mars bleu + cancer colorectal + dépistage colon + coloscopie + cancer colon,2021,2021-02-02,2021-04-30
2021-02-07,40,Mars Bleu,Mars bleu + cancer colorectal + dépistage colon + coloscopie + cancer colon,2021,2021-02-02,2021-04-30
2021-02-08,42,Mars Bleu,Mars bleu + cancer colorectal + dépistage colon + coloscopie + cancer colon,2021,2021-02-02,2021-04-30
2021-02-09,38,Mars Bleu,Mars bleu + cancer colorectal + dépistage colon + coloscopie + cancer colon,2021,2021-02-02,2021-04-30
2021-02-10,37,Mars Bleu,Mars bleu + cancer colorectal + dépistage colon + coloscopie + cancer colon,2021,2021-02-02,2021-04-30
2021-02-11,34,Mars Bleu,Mars bleu + cancer colorectal + dépistage colon + coloscopie + cancer colon,2021,2021-02-02,2021-04-30
2021-02-12,32,Mars Bleu,Mars bleu + cancer colorectal + dépistage colon + coloscopie + cancer colon,2021,2021-02-02,2021-04-30
2021-02-13,27,Mars Bleu,Mars bleu + cancer colorectal + dépistage colon + coloscopie + cancer colon,2021,2021-02-02,2021-04-30
2021-02-14,31,Mars Bleu,Mars bleu + cancer colorectal + dépistage colon + coloscopie + cancer colon,2021,2021-02-02,2021-04-30
2021-02-15,39,Mars Bleu,Mars bleu + cancer colorectal + dépistage colon + coloscopie + cancer colon,2021,2021-02-02,2021-04-30
2021-02-16,38,Mars Bleu,Mars bleu + cancer colorectal + dépistage colon + coloscopie + cancer colon,2021,2021-02-02,2021-04-30
2021-02-17,33,Mars Bleu,Mars bleu + cancer colorectal + dépistage colon + coloscopie + cancer colon,2021,2021-02-02,2021-04-30
2021-02-18,37,Mars Bleu,Mars bleu + cancer colorectal + dépistage colon + coloscopie + cancer colon,2021,2021-02-02,2021-04-30
2021-02-19,32,Mars Bleu,Mars bleu + cancer colorectal + dépistage colon + coloscopie + cancer colon,2021,2021-02-02,2021-04-30
2021-02-20,30,Mars Bleu,Mars bleu + cancer colorectal + dépistage colon + coloscopie + cancer colon,2021,2021-02-02,2021-04-30
2021-02-21,33,Mars Bleu,Mars bleu + cancer colorectal + dépistage colon + coloscopie + cancer colon,2021,2021-02-02,2021-04-30
2021-02-22,40,Mars Bleu,Mars bleu + cancer colorectal + dépistage colon + coloscopie + cancer colon,2021,2021-02-02,2021-04-30
2021-02-23,49,Mars Bleu,Mars bleu + cancer colorectal + dépistage colon + coloscopie + cancer colon,2021,2021-02-02,2021-04-30
2021-02-24,38,Mars Bleu,Mars bleu + cancer colorectal + dépistage colon + coloscopie + cancer colon,2021,2021-02-02,2021-04-30
2021-02-25,39,Mars Bleu,Mars bleu + cancer colorectal + dépistage colon + coloscopie + cancer colon,2021,2021-02-02,2021-04-30
2021-02-26,34,Mars Bleu,Mars bleu + cancer colorectal + dépistage colon + coloscopie + cancer colon,2021,2021-02-02,2021-04-30
2021-02-27,31,Mars Bleu,Mars bleu + cancer colorectal + dépistage colon + coloscopie + cancer colon,2021,2021-02-02,2021-04-30
2021-02-28,31,Mars Bleu,Mars bleu + cancer colorectal + dépistage colon + coloscopie + cancer colon,2021,2021-02-02,2021-04-30
2021-03-01,51,Mars Bleu,Mars bleu + cancer colorectal + dépistage colon + coloscopie + cancer colon,2021,2021-02-02,2021-04-30
2021-03-02,46,Mars Bleu,Mars bleu + cancer colorectal + dépistage colon + coloscopie + cancer colon,2021,2021-02-02,2021-04-30
2021-03-03,41,Mars Bleu,Mars bleu + cancer colorectal + dépistage colon + coloscopie + cancer colon,2021,2021-02-02,2021-04-30
2021-03-04,42,Mars Bleu,Mars bleu + cancer colorectal + dépistage colon + coloscopie + cancer colon,2021,2021-02-02,2021-04-30
2021-03-05,44,Mars Bleu,Mars bleu + cancer colorectal + dépistage colon + coloscopie + cancer colon,2021,2021-02-02,2021-04-30
2021-03-06,33,Mars Bleu,Mars bleu + cancer colorectal + dépistage colon + coloscopie + cancer colon,2021,2021-02-02,2021-04-30
2021-03-07,40,Mars Bleu,Mars bleu + cancer colorectal + dépistage colon + coloscopie + cancer colon,2021,2021-02-02,2021-04-30
2021-03-08,39,Mars Bleu,Mars bleu + cancer colorectal + dépistage colon + coloscopie + cancer colon,2021,2021-02-02,2021-04-30
2021-03-09,48,Mars Bleu,Mars bleu + cancer colorectal + dépistage colon + coloscopie + cancer colon,2021,2021-02-02,2021-04-30
2021-03-10,43,Mars Bleu,Mars bleu + cancer colorectal + dépistage colon + coloscopie + cancer colon,2021,2021-02-02,2021-04-30
2021-03-11,38,Mars Bleu,Mars bleu + cancer colorectal + dépistage colon + coloscopie + cancer colon,2021,2021-02-02,2021-04-30
2021-03-12,37,Mars Bleu,Mars bleu + cancer colorectal + dépistage colon + coloscopie + cancer colon,2021,2021-02-02,2021-04-30
2021-03-13,37,Mars Bleu,Mars bleu + cancer colorectal + dépistage colon + coloscopie + cancer colon,2021,2021-02-02,2021-04-30
2021-03-14,35,Mars Bleu,Mars bleu + cancer colorectal + dépistage colon + coloscopie + cancer colon,2021,2021-02-02,2021-04-30
2021-03-15,43,Mars Bleu,Mars bleu + cancer colorectal + dépistage colon + coloscopie + cancer colon,2021,2021-02-02,2021-04-30
2021-03-16,44,Mars Bleu,Mars bleu + cancer colorectal + dépistage colon + coloscopie + cancer colon,2021,2021-02-02,2021-04-30
2021-03-17,44,Mars Bleu,Mars bleu + cancer colorectal + dépistage colon + coloscopie + cancer colon,2021,2021-02-02,2021-04-30
2021-03-18,37,Mars Bleu,Mars bleu + cancer colorectal + dépistage colon + coloscopie + cancer colon,2021,2021-02-02,2021-04-30
2021-03-19,41,Mars Bleu,Mars bleu + cancer colorectal + dépistage colon + coloscopie + cancer colon,2021,2021-02-02,2021-04-30
2021-03-20,35,Mars Bleu,Mars bleu + cancer colorectal + dépistage colon + coloscopie + cancer colon,2021,2021-02-02,2021-04-30
2021-03-21,35,Mars Bleu,Mars bleu + cancer colorectal + dépistage colon + coloscopie + cancer colon,2021,2021-02-02,2021-04-30
2021-03-22,49,Mars Bleu,Mars bleu + cancer colorectal + dépistage colon + coloscopie + cancer colon,2021,2021-02-02,2021-04-30
2021-03-23,39,Mars Bleu,Mars bleu + cancer colorectal + dépistage colon + coloscopie + cancer colon,2021,2021-02-02,2021-04-30
2021-03-24,35,Mars Bleu,Mars bleu + cancer colorectal + dépistage colon + coloscopie + cancer colon,2021,2021-02-02,2021-04-30
2021-03-25,46,Mars Bleu,Mars bleu + cancer colorectal + dépistage colon + coloscopie + cancer colon,2021,2021-02-02,2021-04-30
2021-03-26,32,Mars Bleu,Mars bleu + cancer colorectal + dépistage colon + coloscopie + cancer colon,2021,2021-02-02,2021-04-30
2021-03-27,48,Mars Bleu,Mars bleu + cancer colorectal + dépistage colon + coloscopie + cancer colon,2021,2021-02-02,2021-04-30
2021-03-28,42,Mars Bleu,Mars bleu + cancer colorectal + dépistage colon + coloscopie + cancer colon,2021,2021-02-02,2021-04-30
2021-03-29,42,Mars Bleu,Mars bleu + cancer colorectal + dépistage colon + coloscopie + cancer colon,2021,2021-02-02,2021-04-30
2021-03-30,39,Mars Bleu,Mars bleu + cancer colorectal + dépistage colon + coloscopie + cancer colon,2021,2021-02-02,2021-04-30
2021-03-31,34,Mars Bleu,Mars bleu + cancer colorectal + dépistage colon + coloscopie + cancer colon,2021,2021-02-02,2021-04-30
2021-04-01,29,Mars Bleu,Mars bleu + cancer colorectal + dépistage colon + coloscopie + cancer colon,2021,2021-02-02,2021-04-30
2021-04-02,30,Mars Bleu,Mars bleu + cancer colorectal + dépistage colon + coloscopie + cancer colon,2021,2021-02-02,2021-04-30
2021-04-03,25,Mars Bleu,Mars bleu + cancer colorectal + dépistage colon + coloscopie + cancer colon,2021,2021-02-02,2021-04-30
2021-04-04,26,Mars Bleu,Mars bleu + cancer colorectal + dépistage colon + coloscopie + cancer colon,2021,2021-02-02,2021-04-30
2021-04-05,28,Mars Bleu,Mars bleu + cancer colorectal + dépistage colon + coloscopie + cancer colon,2021,2021-02-02,2021-04-30
2021-04-06,33,Mars Bleu,Mars bleu + cancer colorectal + dépistage colon + coloscopie + cancer colon,2021,2021-02-02,2021-04-30
2021-04-07,32,Mars Bleu,Mars bleu + cancer colorectal + dépistage colon + coloscopie + cancer colon,2021,2021-02-02,2021-04-30
2021-04-08,27,Mars Bleu,Mars bleu + cancer colorectal + dépistage colon + coloscopie + cancer colon,2021,2021-02-02,2021-04-30
2021-04-09,34,Mars Bleu,Mars bleu + cancer colorectal + dépistage colon + coloscopie + cancer colon,2021,2021-02-02,2021-04-30
2021-04-10,30,Mars Bleu,Mars bleu + cancer colorectal + dépistage colon + coloscopie + cancer colon,2021,2021-02-02,2021-04-30
2021-04-11,32,Mars Bleu,Mars bleu + cancer colorectal + dépistage colon + coloscopie + cancer colon,2021,2021-02-02,2021-04-30
2021-04-12,37,Mars Bleu,Mars bleu + cancer colorectal + dépistage colon + coloscopie + cancer colon,2021,2021-02-02,2021-04-30
2021-04-13,36,Mars Bleu,Mars bleu + cancer colorectal + dépistage colon + coloscopie + cancer colon,2021,2021-02-02,2021-04-30
2021-04-14,30,Mars Bleu,Mars bleu + cancer colorectal + dépistage colon + coloscopie + cancer colon,2021,2021-02-02,2021-04-30
2021-04-15,33,Mars Bleu,Mars bleu + cancer colorectal + dépistage colon + coloscopie + cancer colon,2021,2021-02-02,2021-04-30
2021-04-16,32,Mars Bleu,Mars bleu + cancer colorectal + dépistage colon + coloscopie + cancer colon,2021,2021-02-02,2021-04-30
2021-04-17,29,Mars Bleu,Mars bleu + cancer colorectal + dépistage colon + coloscopie + cancer colon,2021,2021-02-02,2021-04-30
2021-04-18,29,Mars Bleu,Mars bleu + cancer colorectal + dépistage colon + coloscopie + cancer colon,2021,2021-02-02,2021-04-30
2021-04-19,34,Mars Bleu,Mars bleu + cancer colorectal + dépistage colon + coloscopie + cancer colon,2021,2021-02-02,2021-04-30
2021-04-20,34,Mars Bleu,Mars bleu + cancer colorectal + dépistage colon + coloscopie + cancer colon,2021,2021-02-02,2021-04-30
2021-04-21,38,Mars Bleu,Mars bleu + cancer colorectal + dépistage colon + coloscopie + cancer colon,2021,2021-02-02,2021-04-30
2021-04-22,30,Mars Bleu,Mars bleu + cancer colorectal + dépistage colon + coloscopie + cancer colon,2021,2021-02-02,2021-04-30
2021-04-23,33,Mars Bleu,Mars bleu + cancer colorectal + dépistage colon + coloscopie + cancer colon,2021,2021-02-02,2021-04-30
2021-04-24,32,Mars Bleu,Mars bleu + cancer colorectal + dépistage colon + coloscopie + cancer colon,2021,2021-02-02,2021-04-30
2021-04-25,30,Mars Bleu,Mars bleu + cancer colorectal + dépistage colon + coloscopie + cancer colon,2021,2021-02-02,2021-04-30
2021-04-26,34,Mars Bleu,Mars bleu + cancer colorectal + dépistage colon + coloscopie + cancer colon,2021,2021-02-02,2021-04-30
2021-04-27,30,Mars Bleu,Mars bleu + cancer colorectal + dépistage colon + coloscopie + cancer colon,2021,2021-02-02,2021-04-30
2021-04-28,31,Mars Bleu,Mars bleu + cancer colorectal + dépistage colon + coloscopie + cancer colon,2021,2021-02-02,2021-04-30
2021-04-29,29,Mars Bleu,Mars bleu + cancer colorectal + dépistage colon + coloscopie + cancer colon,2021,2021-02-02,2021-04-30
2021-04-30,29,Mars Bleu,Mars bleu + cancer colorectal + dépistage colon + coloscopie + cancer colon,2021,2021-02-02,2021-04-30
2022-02-02,78,Mars Bleu,Mars bleu + cancer colorectal + dépistage colon + coloscopie + cancer colon,2022,2022-02-02,2022-04-30
2022-02-03,67,Mars Bleu,Mars bleu + cancer colorectal + dépistage colon + coloscopie + cancer colon,2022,2022-02-02,2022-04-30
2022-02-04,74,Mars Bleu,Mars bleu + cancer colorectal + dépistage colon + coloscopie + cancer colon,2022,2022-02-02,2022-04-30
2022-02-05,54,Mars Bleu,Mars bleu + cancer colorectal + dépistage colon + coloscopie + cancer colon,2022,2022-02-02,2022-04-30
2022-02-06,67,Mars Bleu,Mars bleu + cancer colorectal + dépistage colon + coloscopie + cancer colon,2022,2022-02-02,2022-04-30
2022-02-07,74,Mars Bleu,Mars bleu + cancer colorectal + dépistage colon + coloscopie + cancer colon,2022,2022-02-02,2022-04-30
2022-02-08,86,Mars Bleu,Mars bleu + cancer colorectal + dépistage colon + coloscopie + cancer colon,2022,2022-02-02,2022-04-30
2022-02-09,67,Mars Bleu,Mars bleu + cancer colorectal + dépistage colon + coloscopie + cancer colon,2022,2022-02-02,2022-04-30
2022-02-10,78,Mars Bleu,Mars bleu + cancer colorectal + dépistage colon + coloscopie + cancer colon,2022,2022-02-02,2022-04-30
2022-02-11,58,Mars Bleu,Mars bleu + cancer colorectal + dépistage colon + coloscopie + cancer colon,2022,2022-02-02,2022-04-30
2022-02-12,57,Mars Bleu,Mars bleu + cancer colorectal + dépistage colon + coloscopie + cancer colon,2022,2022-02-02,2022-04-30
2022-02-13,67,Mars Bleu,Mars bleu + cancer colorectal + dépistage colon + coloscopie + cancer colon,2022,2022-02-02,2022-04-30
2022-02-14,77,Mars Bleu,Mars bleu + cancer colorectal + dépistage colon + coloscopie + cancer colon,2022,2022-02-02,2022-04-30
2022-02-15,82,Mars Bleu,Mars bleu + cancer colorectal + dépistage colon + coloscopie + cancer colon,2022,2022-02-02,2022-04-30
2022-02-16,80,Mars Bleu,Mars bleu + cancer colorectal + dépistage colon + coloscopie + cancer colon,2022,2022-02-02,2022-04-30
2022-02-17,70,Mars Bleu,Mars bleu + cancer colorectal + dépistage colon + coloscopie + cancer colon,2022,2022-02-02,2022-04-30
2022-02-18,68,Mars Bleu,Mars bleu + cancer colorectal + dépistage colon + coloscopie + cancer colon,2022,2022-02-02,2022-04-30
2022-02-19,70,Mars Bleu,Mars bleu + cancer colorectal + dépistage colon + coloscopie + cancer colon,2022,2022-02-02,2022-04-30
2022-02-20,66,Mars Bleu,Mars bleu + cancer colorectal + dépistage colon + coloscopie + cancer colon,2022,2022-02-02,2022-04-30
2022-02-21,81,Mars Bleu,Mars bleu + cancer colorectal + dépistage colon + coloscopie + cancer colon,2022,2022-02-02,2022-04-30
2022-02-22,77,Mars Bleu,Mars bleu + cancer colorectal + dépistage colon + coloscopie + cancer colon,2022,2022-02-02,2022-04-30
2022-02-23,85,Mars Bleu,Mars bleu + cancer colorectal + dépistage colon + coloscopie + cancer colon,2022,2022-02-02,2022-04-30
2022-02-24,80,Mars Bleu,Mars bleu + cancer colorectal + dépistage colon + coloscopie + cancer colon,2022,2022-02-02,2022-04-30
2022-02-25,74,Mars Bleu,Mars bleu + cancer colorectal + dépistage colon + coloscopie + cancer colon,2022,2022-02-02,2022-04-30
2022-02-26,69,Mars Bleu,Mars bleu + cancer colorectal + dépistage colon + coloscopie + cancer colon,2022,2022-02-02,2022-04-30
2022-02-27,64,Mars Bleu,Mars bleu + cancer colorectal + dépistage colon + coloscopie + cancer colon,2022,2022-02-02,2022-04-30
2022-02-28,74,Mars Bleu,Mars bleu + cancer colorectal + dépistage colon + coloscopie + cancer colon,2022,2022-02-02,2022-04-30
2022-03-01,93,Mars Bleu,Mars bleu + cancer colorectal + dépistage colon + coloscopie + cancer colon,2022,2022-02-02,2022-04-30
2022-03-02,89,Mars Bleu,Mars bleu + cancer colorectal + dépistage colon + coloscopie + cancer colon,2022,2022-02-02,2022-04-30
2022-03-03,82,Mars Bleu,Mars bleu + cancer colorectal + dépistage colon + coloscopie + cancer colon,2022,2022-02-02,2022-04-30
2022-03-04,85,Mars Bleu,Mars bleu + cancer colorectal + dépistage colon + coloscopie + cancer colon,2022,2022-02-02,2022-04-30
2022-03-05,65,Mars Bleu,Mars bleu + cancer colorectal + dépistage colon + coloscopie + cancer colon,2022,2022-02-02,2022-04-30
2022-03-06,72,Mars Bleu,Mars bleu + cancer colorectal + dépistage colon + coloscopie + cancer colon,2022,2022-02-02,2022-04-30
2022-03-07,100,Mars Bleu,Mars bleu + cancer colorectal + dépistage colon + coloscopie + cancer colon,2022,2022-02-02,2022-04-30
2022-03-08,90,Mars Bleu,Mars bleu + cancer colorectal + dépistage colon + coloscopie + cancer colon,2022,2022-02-02,2022-04-30
2022-03-09,83,Mars Bleu,Mars bleu + cancer colorectal + dépistage colon + coloscopie + cancer colon,2022,2022-02-02,2022-04-30
2022-03-10,87,Mars Bleu,Mars bleu + cancer colorectal + dépistage colon + coloscopie + cancer colon,2022,2022-02-02,2022-04-30
2022-03-11,89,Mars Bleu,Mars bleu + cancer colorectal + dépistage colon + coloscopie + cancer colon,2022,2022-02-02,2022-04-30
2022-03-12,73,Mars Bleu,Mars bleu + cancer colorectal + dépistage colon + coloscopie + cancer colon,2022,2022-02-02,2022-04-30
2022-03-13,70,Mars Bleu,Mars bleu + cancer colorectal + dépistage colon + coloscopie + cancer colon,2022,2022-02-02,2022-04-30
2022-03-14,100,Mars Bleu,Mars bleu + cancer colorectal + dépistage colon + coloscopie + cancer colon,2022,2022-02-02,2022-04-30
2022-03-15,94,Mars Bleu,Mars bleu + cancer colorectal + dépistage colon + coloscopie + cancer colon,2022,2022-02-02,2022-04-30
2022-03-16,84,Mars Bleu,Mars bleu + cancer colorectal + dépistage colon + coloscopie + cancer colon,2022,2022-02-02,2022-04-30
2022-03-17,96,Mars Bleu,Mars bleu + cancer colorectal + dépistage colon + coloscopie + cancer colon,2022,2022-02-02,2022-04-30
2022-03-18,81,Mars Bleu,Mars bleu + cancer colorectal + dépistage colon + coloscopie + cancer colon,2022,2022-02-02,2022-04-30
2022-03-19,74,Mars Bleu,Mars bleu + cancer colorectal + dépistage colon + coloscopie + cancer colon,2022,2022-02-02,2022-04-30
2022-03-20,74,Mars Bleu,Mars bleu + cancer colorectal + dépistage colon + coloscopie + cancer colon,2022,2022-02-02,2022-04-30
2022-03-21,100,Mars Bleu,Mars bleu + cancer colorectal + dépistage colon + coloscopie + cancer colon,2022,2022-02-02,2022-04-30
2022-03-22,90,Mars Bleu,Mars bleu + cancer colorectal + dépistage colon + coloscopie + cancer colon,2022,2022-02-02,2022-04-30
2022-03-23,79,Mars Bleu,Mars bleu + cancer colorectal + dépistage colon + coloscopie + cancer colon,2022,2022-02-02,2022-04-30
2022-03-24,79,Mars Bleu,Mars bleu + cancer colorectal + dépistage colon + coloscopie + cancer colon,2022,2022-02-02,2022-04-30
2022-03-25,88,Mars Bleu,Mars bleu + cancer colorectal + dépistage colon + coloscopie + cancer colon,2022,2022-02-02,2022-04-30
2022-03-26,81,Mars Bleu,Mars bleu + cancer colorectal + dépistage colon + coloscopie + cancer colon,2022,2022-02-02,2022-04-30
2022-03-27,69,Mars Bleu,Mars bleu + cancer colorectal + dépistage colon + coloscopie + cancer colon,2022,2022-02-02,2022-04-30
2022-03-28,99,Mars Bleu,Mars bleu + cancer colorectal + dépistage colon + coloscopie + cancer colon,2022,2022-02-02,2022-04-30
2022-03-29,83,Mars Bleu,Mars bleu + cancer colorectal + dépistage colon + coloscopie + cancer colon,2022,2022-02-02,2022-04-30
2022-03-30,78,Mars Bleu,Mars bleu + cancer colorectal + dépistage colon + coloscopie + cancer colon,2022,2022-02-02,2022-04-30
2022-03-31,88,Mars Bleu,Mars bleu + cancer colorectal + dépistage colon + coloscopie + cancer colon,2022,2022-02-02,2022-04-30
2022-04-01,71,Mars Bleu,Mars bleu + cancer colorectal + dépistage colon + coloscopie + cancer colon,2022,2022-02-02,2022-04-30
2022-04-02,61,Mars Bleu,Mars bleu + cancer colorectal + dépistage colon + coloscopie + cancer colon,2022,2022-02-02,2022-04-30
2022-04-03,70,Mars Bleu,Mars bleu + cancer colorectal + dépistage colon + coloscopie + cancer colon,2022,2022-02-02,2022-04-30
2022-04-04,75,Mars Bleu,Mars bleu + cancer colorectal + dépistage colon + coloscopie + cancer colon,2022,2022-02-02,2022-04-30
2022-04-05,88,Mars Bleu,Mars bleu + cancer colorectal + dépistage colon + coloscopie + cancer colon,2022,2022-02-02,2022-04-30
2022-04-06,75,Mars Bleu,Mars bleu + cancer colorectal + dépistage colon + coloscopie + cancer colon,2022,2022-02-02,2022-04-30
2022-04-07,72,Mars Bleu,Mars bleu + cancer colorectal + dépistage colon + coloscopie + cancer colon,2022,2022-02-02,2022-04-30
2022-04-08,66,Mars Bleu,Mars bleu + cancer colorectal + dépistage colon + coloscopie + cancer colon,2022,2022-02-02,2022-04-30
2022-04-09,64,Mars Bleu,Mars bleu + cancer colorectal + dépistage colon + coloscopie + cancer colon,2022,2022-02-02,2022-04-30
2022-04-10,55,Mars Bleu,Mars bleu + cancer colorectal + dépistage colon + coloscopie + cancer colon,2022,2022-02-02,2022-04-30
2022-04-11,66,Mars Bleu,Mars bleu + cancer colorectal + dépistage colon + coloscopie + cancer colon,2022,2022-02-02,2022-04-30
2022-04-12,70,Mars Bleu,Mars bleu + cancer colorectal + dépistage colon + coloscopie + cancer colon,2022,2022-02-02,2022-04-30
2022-04-13,70,Mars Bleu,Mars bleu + cancer colorectal + dépistage colon + coloscopie + cancer colon,2022,2022-02-02,2022-04-30
2022-04-14,71,Mars Bleu,Mars bleu + cancer colorectal + dépistage colon + coloscopie + cancer colon,2022,2022-02-02,2022-04-30
2022-04-15,64,Mars Bleu,Mars bleu + cancer colorectal + dépistage colon + coloscopie + cancer colon,2022,2022-02-02,2022-04-30
2022-04-16,57,Mars Bleu,Mars bleu + cancer colorectal + dépistage colon + coloscopie + cancer colon,2022,2022-02-02,2022-04-30
2022-04-17,48,Mars Bleu,Mars bleu + cancer colorectal + dépistage colon + coloscopie + cancer colon,2022,2022-02-02,2022-04-30
2022-04-18,60,Mars Bleu,Mars bleu + cancer colorectal + dépistage colon + coloscopie + cancer colon,2022,2022-02-02,2022-04-30
2022-04-19,72,Mars Bleu,Mars bleu + cancer colorectal + dépistage colon + coloscopie + cancer colon,2022,2022-02-02,2022-04-30
2022-04-20,69,Mars Bleu,Mars bleu + cancer colorectal + dépistage colon + coloscopie + cancer colon,2022,2022-02-02,2022-04-30
2022-04-21,66,Mars Bleu,Mars bleu + cancer colorectal + dépistage colon + coloscopie + cancer colon,2022,2022-02-02,2022-04-30
2022-04-22,76,Mars Bleu,Mars bleu + cancer colorectal + dépistage colon + coloscopie + cancer colon,2022,2022-02-02,2022-04-30
2022-04-23,59,Mars Bleu,Mars bleu + cancer colorectal + dépistage colon + coloscopie + cancer colon,2022,2022-02-02,2022-04-30
2022-04-24,61,Mars Bleu,Mars bleu + cancer colorectal + dépistage colon + coloscopie + cancer colon,2022,2022-02-02,2022-04-30
2022-04-25,70,Mars Bleu,Mars bleu + cancer colorectal + dépistage colon + coloscopie + cancer colon,2022,2022-02-02,2022-04-30
2022-04-26,73,Mars Bleu,Mars bleu + cancer colorectal + dépistage colon + coloscopie + cancer colon,2022,2022-02-02,2022-04-30
2022-04-27,60,Mars Bleu,Mars bleu + cancer colorectal + dépistage colon + coloscopie + cancer colon,2022,2022-02-02,2022-04-30
2022-04-28,63,Mars Bleu,Mars bleu + cancer colorectal + dépistage colon + coloscopie + cancer colon,2022,2022-02-02,2022-04-30
2022-04-29,66,Mars Bleu,Mars bleu + cancer colorectal + dépistage colon + coloscopie + cancer colon,2022,2022-02-02,2022-04-30
2022-04-30,70,Mars Bleu,Mars bleu + cancer colorectal + dépistage colon + coloscopie + cancer colon,2022,2022-02-02,2022-04-30
2023-02-02,60,Mars Bleu,Mars bleu + cancer colorectal + dépistage colon + coloscopie + cancer colon,2023,2023-02-02,2023-04-30
2023-02-03,63,Mars Bleu,Mars bleu + cancer colorectal + dépistage colon + coloscopie + cancer colon,2023,2023-02-02,2023-04-30
2023-02-04,55,Mars Bleu,Mars bleu + cancer colorectal + dépistage colon + coloscopie + cancer colon,2023,2023-02-02,2023-04-30
2023-02-05,51,Mars Bleu,Mars bleu + cancer colorectal + dépistage colon + coloscopie + cancer colon,2023,2023-02-02,2023-04-30
2023-02-06,71,Mars Bleu,Mars bleu + cancer colorectal + dépistage colon + coloscopie + cancer colon,2023,2023-02-02,2023-04-30
2023-02-07,60,Mars Bleu,Mars bleu + cancer colorectal + dépistage colon + coloscopie + cancer colon,2023,2023-02-02,2023-04-30
2023-02-08,60,Mars Bleu,Mars bleu + cancer colorectal + dépistage colon + coloscopie + cancer colon,2023,2023-02-02,2023-04-30
2023-02-09,56,Mars Bleu,Mars bleu + cancer colorectal + dépistage colon + coloscopie + cancer colon,2023,2023-02-02,2023-04-30
2023-02-10,60,Mars Bleu,Mars bleu + cancer colorectal + dépistage colon + coloscopie + cancer colon,2023,2023-02-02,2023-04-30
2023-02-11,45,Mars Bleu,Mars bleu + cancer colorectal + dépistage colon + coloscopie + cancer colon,2023,2023-02-02,2023-04-30
2023-02-12,49,Mars Bleu,Mars bleu + cancer colorectal + dépistage colon + coloscopie + cancer colon,2023,2023-02-02,2023-04-30
2023-02-13,59,Mars Bleu,Mars bleu + cancer colorectal + dépistage colon + coloscopie + cancer colon,2023,2023-02-02,2023-04-30
2023-02-14,54,Mars Bleu,Mars bleu + cancer colorectal + dépistage colon + coloscopie + cancer colon,2023,2023-02-02,2023-04-30
2023-02-15,62,Mars Bleu,Mars bleu + cancer colorectal + dépistage colon + coloscopie + cancer colon,2023,2023-02-02,2023-04-30
2023-02-16,56,Mars Bleu,Mars bleu + cancer colorectal + dépistage colon + coloscopie + cancer colon,2023,2023-02-02,2023-04-30
2023-02-17,55,Mars Bleu,Mars bleu + cancer colorectal + dépistage colon + coloscopie + cancer colon,2023,2023-02-02,2023-04-30
2023-02-18,40,Mars Bleu,Mars bleu + cancer colorectal + dépistage colon + coloscopie + cancer colon,2023,2023-02-02,2023-04-30
2023-02-19,54,Mars Bleu,Mars bleu + cancer colorectal + dépistage colon + coloscopie + cancer colon,2023,2023-02-02,2023-04-30
2023-02-20,69,Mars Bleu,Mars bleu + cancer colorectal + dépistage colon + coloscopie + cancer colon,2023,2023-02-02,2023-04-30
2023-02-21,70,Mars Bleu,Mars bleu + cancer colorectal + dépistage colon + coloscopie + cancer colon,2023,2023-02-02,2023-04-30
2023-02-22,63,Mars Bleu,Mars bleu + cancer colorectal + dépistage colon + coloscopie + cancer colon,2023,2023-02-02,2023-04-30
2023-02-23,64,Mars Bleu,Mars bleu + cancer colorectal + dépistage colon + coloscopie + cancer colon,2023,2023-02-02,2023-04-30
2023-02-24,62,Mars Bleu,Mars bleu + cancer colorectal + dépistage colon + coloscopie + cancer colon,2023,2023-02-02,2023-04-30
2023-02-25,48,Mars Bleu,Mars bleu + cancer colorectal + dépistage colon + coloscopie + cancer colon,2023,2023-02-02,2023-04-30
2023-02-26,53,Mars Bleu,Mars bleu + cancer colorectal + dépistage colon + coloscopie + cancer colon,2023,2023-02-02,2023-04-30
2023-02-27,76,Mars Bleu,Mars bleu + cancer colorectal + dépistage colon + coloscopie + cancer colon,2023,2023-02-02,2023-04-30
2023-02-28,65,Mars Bleu,Mars bleu + cancer colorectal + dépistage colon + coloscopie + cancer colon,2023,2023-02-02,2023-04-30
2023-03-01,84,Mars Bleu,Mars bleu + cancer colorectal + dépistage colon + coloscopie + cancer colon,2023,2023-02-02,2023-04-30
2023-03-02,95,Mars Bleu,Mars bleu + cancer colorectal + dépistage colon + coloscopie + cancer colon,2023,2023-02-02,2023-04-30
2023-03-03,78,Mars Bleu,Mars bleu + cancer colorectal + dépistage colon + coloscopie + cancer colon,2023,2023-02-02,2023-04-30
2023-03-04,74,Mars Bleu,Mars bleu + cancer colorectal + dépistage colon + coloscopie + cancer colon,2023,2023-02-02,2023-04-30
2023-03-05,86,Mars Bleu,Mars bleu + cancer colorectal + dépistage colon + coloscopie + cancer colon,2023,2023-02-02,2023-04-30
2023-03-06,87,Mars Bleu,Mars bleu + cancer colorectal + dépistage colon + coloscopie + cancer colon,2023,2023-02-02,2023-04-30
2023-03-07,100,Mars Bleu,Mars bleu + cancer colorectal + dépistage colon + coloscopie + cancer colon,2023,2023-02-02,2023-04-30
2023-03-08,84,Mars Bleu,Mars bleu + cancer colorectal + dépistage colon + coloscopie + cancer colon,2023,2023-02-02,2023-04-30
2023-03-09,83,Mars Bleu,Mars bleu + cancer colorectal + dépistage colon + coloscopie + cancer colon,2023,2023-02-02,2023-04-30
2023-03-10,72,Mars Bleu,Mars bleu + cancer colorectal + dépistage colon + coloscopie + cancer colon,2023,2023-02-02,2023-04-30
2023-03-11,63,Mars Bleu,Mars bleu + cancer colorectal + dépistage colon + coloscopie + cancer colon,2023,2023-02-02,2023-04-30
2023-03-12,71,Mars Bleu,Mars bleu + cancer colorectal + dépistage colon + coloscopie + cancer colon,2023,2023-02-02,2023-04-30
2023-03-13,96,Mars Bleu,Mars bleu + cancer colorectal + dépistage colon + coloscopie + cancer colon,2023,2023-02-02,2023-04-30
2023-03-14,95,Mars Bleu,Mars bleu + cancer colorectal + dépistage colon + coloscopie + cancer colon,2023,2023-02-02,2023-04-30
2023-03-15,85,Mars Bleu,Mars bleu + cancer colorectal + dépistage colon + coloscopie + cancer colon,2023,2023-02-02,2023-04-30
2023-03-16,85,Mars Bleu,Mars bleu + cancer colorectal + dépistage colon + coloscopie + cancer colon,2023,2023-02-02,2023-04-30
2023-03-17,70,Mars Bleu,Mars bleu + cancer colorectal + dépistage colon + coloscopie + cancer colon,2023,2023-02-02,2023-04-30
2023-03-18,68,Mars Bleu,Mars bleu + cancer colorectal + dépistage colon + coloscopie + cancer colon,2023,2023-02-02,2023-04-30
2023-03-19,62,Mars Bleu,Mars bleu + cancer colorectal + dépistage colon + coloscopie + cancer colon,2023,2023-02-02,2023-04-30
2023-03-20,91,Mars Bleu,Mars bleu + cancer colorectal + dépistage colon + coloscopie + cancer colon,2023,2023-02-02,2023-04-30
2023-03-21,93,Mars Bleu,Mars bleu + cancer colorectal + dépistage colon + coloscopie + cancer colon,2023,2023-02-02,2023-04-30
2023-03-22,84,Mars Bleu,Mars bleu + cancer colorectal + dépistage colon + coloscopie + cancer colon,2023,2023-02-02,2023-04-30
2023-03-23,93,Mars Bleu,Mars bleu + cancer colorectal + dépistage colon + coloscopie + cancer colon,2023,2023-02-02,2023-04-30
2023-03-24,74,Mars Bleu,Mars bleu + cancer colorectal + dépistage colon + coloscopie + cancer colon,2023,2023-02-02,2023-04-30
2023-03-25,63,Mars Bleu,Mars bleu + cancer colorectal + dépistage colon + coloscopie + cancer colon,2023,2023-02-02,2023-04-30
2023-03-26,69,Mars Bleu,Mars bleu + cancer colorectal + dépistage colon + coloscopie + cancer colon,2023,2023-02-02,2023-04-30
2023-03-27,83,Mars Bleu,Mars bleu + cancer colorectal + dépistage colon + coloscopie + cancer colon,2023,2023-02-02,2023-04-30
2023-03-28,87,Mars Bleu,Mars bleu + cancer colorectal + dépistage colon + coloscopie + cancer colon,2023,2023-02-02,2023-04-30
2023-03-29,80,Mars Bleu,Mars bleu + cancer colorectal + dépistage colon + coloscopie + cancer colon,2023,2023-02-02,2023-04-30
2023-03-30,72,Mars Bleu,Mars bleu + cancer colorectal + dépistage colon + coloscopie + cancer colon,2023,2023-02-02,2023-04-30
2023-03-31,70,Mars Bleu,Mars bleu + cancer colorectal + dépistage colon + coloscopie + cancer colon,2023,2023-02-02,2023-04-30
2023-04-01,59,Mars Bleu,Mars bleu + cancer colorectal + dépistage colon + coloscopie + cancer colon,2023,2023-02-02,2023-04-30
2023-04-02,64,Mars Bleu,Mars bleu + cancer colorectal + dépistage colon + coloscopie + cancer colon,2023,2023-02-02,2023-04-30
2023-04-03,69,Mars Bleu,Mars bleu + cancer colorectal + dépistage colon + coloscopie + cancer colon,2023,2023-02-02,2023-04-30
2023-04-04,71,Mars Bleu,Mars bleu + cancer colorectal + dépistage colon + coloscopie + cancer colon,2023,2023-02-02,2023-04-30
2023-04-05,62,Mars Bleu,Mars bleu + cancer colorectal + dépistage colon + coloscopie + cancer colon,2023,2023-02-02,2023-04-30
2023-04-06,63,Mars Bleu,Mars bleu + cancer colorectal + dépistage colon + coloscopie + cancer colon,2023,2023-02-02,2023-04-30
2023-04-07,52,Mars Bleu,Mars bleu + cancer colorectal + dépistage colon + coloscopie + cancer colon,2023,2023-02-02,2023-04-30
2023-04-08,40,Mars Bleu,Mars bleu + cancer colorectal + dépistage colon + coloscopie + cancer colon,2023,2023-02-02,2023-04-30
2023-04-09,50,Mars Bleu,Mars bleu + cancer colorectal + dépistage colon + coloscopie + cancer colon,2023,2023-02-02,2023-04-30
2023-04-10,42,Mars Bleu,Mars bleu + cancer colorectal + dépistage colon + coloscopie + cancer colon,2023,2023-02-02,2023-04-30
2023-04-11,62,Mars Bleu,Mars bleu + cancer colorectal + dépistage colon + coloscopie + cancer colon,2023,2023-02-02,2023-04-30
2023-04-12,59,Mars Bleu,Mars bleu + cancer colorectal + dépistage colon + coloscopie + cancer colon,2023,2023-02-02,2023-04-30
2023-04-13,61,Mars Bleu,Mars bleu + cancer colorectal + dépistage colon + coloscopie + cancer colon,2023,2023-02-02,2023-04-30
2023-04-14,50,Mars Bleu,Mars bleu + cancer colorectal + dépistage colon + coloscopie + cancer colon,2023,2023-02-02,2023-04-30
2023-04-15,52,Mars Bleu,Mars bleu + cancer colorectal + dépistage colon + coloscopie + cancer colon,2023,2023-02-02,2023-04-30
2023-04-16,49,Mars Bleu,Mars bleu + cancer colorectal + dépistage colon + coloscopie + cancer colon,2023,2023-02-02,2023-04-30
2023-04-17,62,Mars Bleu,Mars bleu + cancer colorectal + dépistage colon + coloscopie + cancer colon,2023,2023-02-02,2023-04-30
2023-04-18,63,Mars Bleu,Mars bleu + cancer colorectal + dépistage colon + coloscopie + cancer colon,2023,2023-02-02,2023-04-30
2023-04-19,60,Mars Bleu,Mars bleu + cancer colorectal + dépistage colon + coloscopie + cancer colon,2023,2023-02-02,2023-04-30
2023-04-20,60,Mars Bleu,Mars bleu + cancer colorectal + dépistage colon + coloscopie + cancer colon,2023,2023-02-02,2023-04-30
2023-04-21,53,Mars Bleu,Mars bleu + cancer colorectal + dépistage colon + coloscopie + cancer colon,2023,2023-02-02,2023-04-30
2023-04-22,56,Mars Bleu,Mars bleu + cancer colorectal + dépistage colon + coloscopie + cancer colon,2023,2023-02-02,2023-04-30
2023-04-23,53,Mars Bleu,Mars bleu + cancer colorectal + dépistage colon + coloscopie + cancer colon,2023,2023-02-02,2023-04-30
2023-04-24,60,Mars Bleu,Mars bleu + cancer colorectal + dépistage colon + coloscopie + cancer colon,2023,2023-02-02,2023-04-30
2023-04-25,55,Mars Bleu,Mars bleu + cancer colorectal + dépistage colon + coloscopie + cancer colon,2023,2023-02-02,2023-04-30
2023-04-26,54,Mars Bleu,Mars bleu + cancer colorectal + dépistage colon + coloscopie + cancer colon,2023,2023-02-02,2023-04-30
2023-04-27,50,Mars Bleu,Mars bleu + cancer colorectal + dépistage colon + coloscopie + cancer colon,2023,2023-02-02,2023-04-30
2023-04-28,44,Mars Bleu,Mars bleu + cancer colorectal + dépistage colon + coloscopie + cancer colon,2023,2023-02-02,2023-04-30
2023-04-29,43,Mars Bleu,Mars bleu + cancer colorectal + dépistage colon + coloscopie + cancer colon,2023,2023-02-02,2023-04-30
2023-04-30,41,Mars Bleu,Mars bleu + cancer colorectal + dépistage colon + coloscopie + cancer colon,2023,2023-02-02,2023-04-30
2024-02-02,54,Mars Bleu,Mars bleu + cancer colorectal + dépistage colon + coloscopie + cancer colon,2024,2024-02-02,2024-04-30
2024-02-03,49,Mars Bleu,Mars bleu + cancer colorectal + dépistage colon + coloscopie + cancer colon,2024,2024-02-02,2024-04-30
2024-02-04,53,Mars Bleu,Mars bleu + cancer colorectal + dépistage colon + coloscopie + cancer colon,2024,2024-02-02,2024-04-30
2024-02-05,66,Mars Bleu,Mars bleu + cancer colorectal + dépistage colon + coloscopie + cancer colon,2024,2024-02-02,2024-04-30
2024-02-06,72,Mars Bleu,Mars bleu + cancer colorectal + dépistage colon + coloscopie + cancer colon,2024,2024-02-02,2024-04-30
2024-02-07,63,Mars Bleu,Mars bleu + cancer colorectal + dépistage colon + coloscopie + cancer colon,2024,2024-02-02,2024-04-30
2024-02-08,67,Mars Bleu,Mars bleu + cancer colorectal + dépistage colon + coloscopie + cancer colon,2024,2024-02-02,2024-04-30
2024-02-09,59,Mars Bleu,Mars bleu + cancer colorectal + dépistage colon + coloscopie + cancer colon,2024,2024-02-02,2024-04-30
2024-02-10,47,Mars Bleu,Mars bleu + cancer colorectal + dépistage colon + coloscopie + cancer colon,2024,2024-02-02,2024-04-30
2024-02-11,54,Mars Bleu,Mars bleu + cancer colorectal + dépistage colon + coloscopie + cancer colon,2024,2024-02-02,2024-04-30
2024-02-12,63,Mars Bleu,Mars bleu + cancer colorectal + dépistage colon + coloscopie + cancer colon,2024,2024-02-02,2024-04-30
2024-02-13,63,Mars Bleu,Mars bleu + cancer colorectal + dépistage colon + coloscopie + cancer colon,2024,2024-02-02,2024-04-30
2024-02-14,55,Mars Bleu,Mars bleu + cancer colorectal + dépistage colon + coloscopie + cancer colon,2024,2024-02-02,2024-04-30
2024-02-15,56,Mars Bleu,Mars bleu + cancer colorectal + dépistage colon + coloscopie + cancer colon,2024,2024-02-02,2024-04-30
2024-02-16,59,Mars Bleu,Mars bleu + cancer colorectal + dépistage colon + coloscopie + cancer colon,2024,2024-02-02,2024-04-30
2024-02-17,47,Mars Bleu,Mars bleu + cancer colorectal + dépistage colon + coloscopie + cancer colon,2024,2024-02-02,2024-04-30
2024-02-18,44,Mars Bleu,Mars bleu + cancer colorectal + dépistage colon + coloscopie + cancer colon,2024,2024-02-02,2024-04-30
2024-02-19,68,Mars Bleu,Mars bleu + cancer colorectal + dépistage colon + coloscopie + cancer colon,2024,2024-02-02,2024-04-30
2024-02-20,70,Mars Bleu,Mars bleu + cancer colorectal + dépistage colon + coloscopie + cancer colon,2024,2024-02-02,2024-04-30
2024-02-21,58,Mars Bleu,Mars bleu + cancer colorectal + dépistage colon + coloscopie + cancer colon,2024,2024-02-02,2024-04-30
2024-02-22,64,Mars Bleu,Mars bleu + cancer colorectal + dépistage colon + coloscopie + cancer colon,2024,2024-02-02,2024-04-30
2024-02-23,59,Mars Bleu,Mars bleu + cancer colorectal + dépistage colon + coloscopie + cancer colon,2024,2024-02-02,2024-04-30
2024-02-24,43,Mars Bleu,Mars bleu + cancer colorectal + dépistage colon + coloscopie + cancer colon,2024,2024-02-02,2024-04-30
2024-02-25,46,Mars Bleu,Mars bleu + cancer colorectal + dépistage colon + coloscopie + cancer colon,2024,2024-02-02,2024-04-30
2024-02-26,64,Mars Bleu,Mars bleu + cancer colorectal + dépistage colon + coloscopie + cancer colon,2024,2024-02-02,2024-04-30
2024-02-27,66,Mars Bleu,Mars bleu + cancer colorectal + dépistage colon + coloscopie + cancer colon,2024,2024-02-02,2024-04-30
2024-02-28,63,Mars Bleu,Mars bleu + cancer colorectal + dépistage colon + coloscopie + cancer colon,2024,2024-02-02,2024-04-30
2024-02-29,69,Mars Bleu,Mars bleu + cancer colorectal + dépistage colon + coloscopie + cancer colon,2024,2024-02-02,2024-04-30
2024-03-01,66,Mars Bleu,Mars bleu + cancer colorectal + dépistage colon + coloscopie + cancer colon,2024,2024-02-02,2024-04-30
2024-03-02,65,Mars Bleu,Mars bleu + cancer colorectal + dépistage colon + coloscopie + cancer colon,2024,2024-02-02,2024-04-30
2024-03-03,57,Mars Bleu,Mars bleu + cancer colorectal + dépistage colon + coloscopie + cancer colon,2024,2024-02-02,2024-04-30
2024-03-04,78,Mars Bleu,Mars bleu + cancer colorectal + dépistage colon + coloscopie + cancer colon,2024,2024-02-02,2024-04-30
2024-03-05,78,Mars Bleu,Mars bleu + cancer colorectal + dépistage colon + coloscopie + cancer colon,2024,2024-02-02,2024-04-30
2024-03-06,68,Mars Bleu,Mars bleu + cancer colorectal + dépistage colon + coloscopie + cancer colon,2024,2024-02-02,2024-04-30
2024-03-07,80,Mars Bleu,Mars bleu + cancer colorectal + dépistage colon + coloscopie + cancer colon,2024,2024-02-02,2024-04-30
2024-03-08,63,Mars Bleu,Mars bleu + cancer colorectal + dépistage colon + coloscopie + cancer colon,2024,2024-02-02,2024-04-30
2024-03-09,65,Mars Bleu,Mars bleu + cancer colorectal + dépistage colon + coloscopie + cancer colon,2024,2024-02-02,2024-04-30
2024-03-10,62,Mars Bleu,Mars bleu + cancer colorectal + dépistage colon + coloscopie + cancer colon,2024,2024-02-02,2024-04-30
2024-03-11,88,Mars Bleu,Mars bleu + cancer colorectal + dépistage colon + coloscopie + cancer colon,2024,2024-02-02,2024-04-30
2024-03-12,84,Mars Bleu,Mars bleu + cancer colorectal + dépistage colon + coloscopie + cancer colon,2024,2024-02-02,2024-04-30
2024-03-13,78,Mars Bleu,Mars bleu + cancer colorectal + dépistage colon + coloscopie + cancer colon,2024,2024-02-02,2024-04-30
2024-03-14,68,Mars Bleu,Mars bleu + cancer colorectal + dépistage colon + coloscopie + cancer colon,2024,2024-02-02,2024-04-30
2024-03-15,77,Mars Bleu,Mars bleu + cancer colorectal + dépistage colon + coloscopie + cancer colon,2024,2024-02-02,2024-04-30
2024-03-16,64,Mars Bleu,Mars bleu + cancer colorectal + dépistage colon + coloscopie + cancer colon,2024,2024-02-02,2024-04-30
2024-03-17,64,Mars Bleu,Mars bleu + cancer colorectal + dépistage colon + coloscopie + cancer colon,2024,2024-02-02,2024-04-30
2024-03-18,81,Mars Bleu,Mars bleu + cancer colorectal + dépistage colon + coloscopie + cancer colon,2024,2024-02-02,2024-04-30
2024-03-19,73,Mars Bleu,Mars bleu + cancer colorectal + dépistage colon + coloscopie + cancer colon,2024,2024-02-02,2024-04-30
2024-03-20,73,Mars Bleu,Mars bleu + cancer colorectal + dépistage colon + coloscopie + cancer colon,2024,2024-02-02,2024-04-30
2024-03-21,74,Mars Bleu,Mars bleu + cancer colorectal + dépistage colon + coloscopie + cancer colon,2024,2024-02-02,2024-04-30
2024-03-22,100,Mars Bleu,Mars bleu + cancer colorectal + dépistage colon + coloscopie + cancer colon,2024,2024-02-02,2024-04-30
2024-03-23,85,Mars Bleu,Mars bleu + cancer colorectal + dépistage colon + coloscopie + cancer colon,2024,2024-02-02,2024-04-30
2024-03-24,80,Mars Bleu,Mars bleu + cancer colorectal + dépistage colon + coloscopie + cancer colon,2024,2024-02-02,2024-04-30
2024-03-25,80,Mars Bleu,Mars bleu + cancer colorectal + dépistage colon + coloscopie + cancer colon,2024,2024-02-02,2024-04-30
2024-03-26,76,Mars Bleu,Mars bleu + cancer colorectal + dépistage colon + coloscopie + cancer colon,2024,2024-02-02,2024-04-30
2024-03-27,89,Mars Bleu,Mars bleu + cancer colorectal + dépistage colon + coloscopie + cancer colon,2024,2024-02-02,2024-04-30
2024-03-28,92,Mars Bleu,Mars bleu + cancer colorectal + dépistage colon + coloscopie + cancer colon,2024,2024-02-02,2024-04-30
2024-03-29,82,Mars Bleu,Mars bleu + cancer colorectal + dépistage colon + coloscopie + cancer colon,2024,2024-02-02,2024-04-30
2024-03-30,67,Mars Bleu,Mars bleu + cancer colorectal + dépistage colon + coloscopie + cancer colon,2024,2024-02-02,2024-04-30
2024-03-31,65,Mars Bleu,Mars bleu + cancer colorectal + dépistage colon + coloscopie + cancer colon,2024,2024-02-02,2024-04-30
2024-04-01,60,Mars Bleu,Mars bleu + cancer colorectal + dépistage colon + coloscopie + cancer colon,2024,2024-02-02,2024-04-30
2024-04-02,60,Mars Bleu,Mars bleu + cancer colorectal + dépistage colon + coloscopie + cancer colon,2024,2024-02-02,2024-04-30
2024-04-03,70,Mars Bleu,Mars bleu + cancer colorectal + dépistage colon + coloscopie + cancer colon,2024,2024-02-02,2024-04-30
2024-04-04,68,Mars Bleu,Mars bleu + cancer colorectal + dépistage colon + coloscopie + cancer colon,2024,2024-02-02,2024-04-30
2024-04-05,63,Mars Bleu,Mars bleu + cancer colorectal + dépistage colon + coloscopie + cancer colon,2024,2024-02-02,2024-04-30
2024-04-06,45,Mars Bleu,Mars bleu + cancer colorectal + dépistage colon + coloscopie + cancer colon,2024,2024-02-02,2024-04-30
2024-04-07,55,Mars Bleu,Mars bleu + cancer colorectal + dépistage colon + coloscopie + cancer colon,2024,2024-02-02,2024-04-30
2024-04-08,67,Mars Bleu,Mars bleu + cancer colorectal + dépistage colon + coloscopie + cancer colon,2024,2024-02-02,2024-04-30
2024-04-09,64,Mars Bleu,Mars bleu + cancer colorectal + dépistage colon + coloscopie + cancer colon,2024,2024-02-02,2024-04-30
2024-04-10,58,Mars Bleu,Mars bleu + cancer colorectal + dépistage colon + coloscopie + cancer colon,2024,2024-02-02,2024-04-30
2024-04-11,59,Mars Bleu,Mars bleu + cancer colorectal + dépistage colon + coloscopie + cancer colon,2024,2024-02-02,2024-04-30
2024-04-12,52,Mars Bleu,Mars bleu + cancer colorectal + dépistage colon + coloscopie + cancer colon,2024,2024-02-02,2024-04-30
2024-04-13,47,Mars Bleu,Mars bleu + cancer colorectal + dépistage colon + coloscopie + cancer colon,2024,2024-02-02,2024-04-30
2024-04-14,39,Mars Bleu,Mars bleu + cancer colorectal + dépistage colon + coloscopie + cancer colon,2024,2024-02-02,2024-04-30
2024-04-15,52,Mars Bleu,Mars bleu + cancer colorectal + dépistage colon + coloscopie + cancer colon,2024,2024-02-02,2024-04-30
2024-04-16,54,Mars Bleu,Mars bleu + cancer colorectal + dépistage colon + coloscopie + cancer colon,2024,2024-02-02,2024-04-30
2024-04-17,53,Mars Bleu,Mars bleu + cancer colorectal + dépistage colon + coloscopie + cancer colon,2024,2024-02-02,2024-04-30
2024-04-18,57,Mars Bleu,Mars bleu + cancer colorectal + dépistage colon + coloscopie + cancer colon,2024,2024-02-02,2024-04-30
2024-04-19,45,Mars Bleu,Mars bleu + cancer colorectal + dépistage colon + coloscopie + cancer colon,2024,2024-02-02,2024-04-30
2024-04-20,43,Mars Bleu,Mars bleu + cancer colorectal + dépistage colon + coloscopie + cancer colon,2024,2024-02-02,2024-04-30
2024-04-21,46,Mars Bleu,Mars bleu + cancer colorectal + dépistage colon + coloscopie + cancer colon,2024,2024-02-02,2024-04-30
2024-04-22,73,Mars Bleu,Mars bleu + cancer colorectal + dépistage colon + coloscopie + cancer colon,2024,2024-02-02,2024-04-30
2024-04-23,65,Mars Bleu,Mars bleu + cancer colorectal + dépistage colon + coloscopie + cancer colon,2024,2024-02-02,2024-04-30
2024-04-24,62,Mars Bleu,Mars bleu + cancer colorectal + dépistage colon + coloscopie + cancer colon,2024,2024-02-02,2024-04-30
2024-04-25,53,Mars Bleu,Mars bleu + cancer colorectal + dépistage colon + coloscopie + cancer colon,2024,2024-02-02,2024-04-30
2024-04-26,51,Mars Bleu,Mars bleu + cancer colorectal + dépistage colon + coloscopie + cancer colon,2024,2024-02-02,2024-04-30
2024-04-27,45,Mars Bleu,Mars bleu + cancer colorectal + dépistage colon + coloscopie + cancer colon,2024,2024-02-02,2024-04-30
2024-04-28,44,Mars Bleu,Mars bleu + cancer colorectal + dépistage colon + coloscopie + cancer colon,2024,2024-02-02,2024-04-30
2024-04-29,55,Mars Bleu,Mars bleu + cancer colorectal + dépistage colon + coloscopie + cancer colon,2024,2024-02-02,2024-04-30
2024-04-30,50,Mars Bleu,Mars bleu + cancer colorectal + dépistage colon + coloscopie + cancer colon,2024,2024-02-02,2024-04-30
2025-02-02,42,Mars Bleu,Mars bleu + cancer colorectal + dépistage colon + coloscopie + cancer colon,2025,2025-02-02,2025-04-30
2025-02-03,58,Mars Bleu,Mars bleu + cancer colorectal + dépistage colon + coloscopie + cancer colon,2025,2025-02-02,2025-04-30
2025-02-04,72,Mars Bleu,Mars bleu + cancer colorectal + dépistage colon + coloscopie + cancer colon,2025,2025-02-02,2025-04-30
2025-02-05,60,Mars Bleu,Mars bleu + cancer colorectal + dépistage colon + coloscopie + cancer colon,2025,2025-02-02,2025-04-30
2025-02-06,56,Mars Bleu,Mars bleu + cancer colorectal + dépistage colon + coloscopie + cancer colon,2025,2025-02-02,2025-04-30
2025-02-07,51,Mars Bleu,Mars bleu + cancer colorectal + dépistage colon + coloscopie + cancer colon,2025,2025-02-02,2025-04-30
2025-02-08,39,Mars Bleu,Mars bleu + cancer colorectal + dépistage colon + coloscopie + cancer colon,2025,2025-02-02,2025-04-30
2025-02-09,43,Mars Bleu,Mars bleu + cancer colorectal + dépistage colon + coloscopie + cancer colon,2025,2025-02-02,2025-04-30
2025-02-10,53,Mars Bleu,Mars bleu + cancer colorectal + dépistage colon + coloscopie + cancer colon,2025,2025-02-02,2025-04-30
2025-02-11,56,Mars Bleu,Mars bleu + cancer colorectal + dépistage colon + coloscopie + cancer colon,2025,2025-02-02,2025-04-30
2025-02-12,46,Mars Bleu,Mars bleu + cancer colorectal + dépistage colon + coloscopie + cancer colon,2025,2025-02-02,2025-04-30
2025-02-13,50,Mars Bleu,Mars bleu + cancer colorectal + dépistage colon + coloscopie + cancer colon,2025,2025-02-02,2025-04-30
2025-02-14,47,Mars Bleu,Mars bleu + cancer colorectal + dépistage colon + coloscopie + cancer colon,2025,2025-02-02,2025-04-30
2025-02-15,40,Mars Bleu,Mars bleu + cancer colorectal + dépistage colon + coloscopie + cancer colon,2025,2025-02-02,2025-04-30
2025-02-16,45,Mars Bleu,Mars bleu + cancer colorectal + dépistage colon + coloscopie + cancer colon,2025,2025-02-02,2025-04-30
2025-02-17,54,Mars Bleu,Mars bleu + cancer colorectal + dépistage colon + coloscopie + cancer colon,2025,2025-02-02,2025-04-30
2025-02-18,55,Mars Bleu,Mars bleu + cancer colorectal + dépistage colon + coloscopie + cancer colon,2025,2025-02-02,2025-04-30
2025-02-19,55,Mars Bleu,Mars bleu + cancer colorectal + dépistage colon + coloscopie + cancer colon,2025,2025-02-02,2025-04-30
2025-02-20,55,Mars Bleu,Mars bleu + cancer colorectal + dépistage colon + coloscopie + cancer colon,2025,2025-02-02,2025-04-30
2025-02-21,47,Mars Bleu,Mars bleu + cancer colorectal + dépistage colon + coloscopie + cancer colon,2025,2025-02-02,2025-04-30
2025-02-22,42,Mars Bleu,Mars bleu + cancer colorectal + dépistage colon + coloscopie + cancer colon,2025,2025-02-02,2025-04-30
2025-02-23,42,Mars Bleu,Mars bleu + cancer colorectal + dépistage colon + coloscopie + cancer colon,2025,2025-02-02,2025-04-30
2025-02-24,55,Mars Bleu,Mars bleu + cancer colorectal + dépistage colon + coloscopie + cancer colon,2025,2025-02-02,2025-04-30
2025-02-25,59,Mars Bleu,Mars bleu + cancer colorectal + dépistage colon + coloscopie + cancer colon,2025,2025-02-02,2025-04-30
2025-02-26,50,Mars Bleu,Mars bleu + cancer colorectal + dépistage colon + coloscopie + cancer colon,2025,2025-02-02,2025-04-30
2025-02-27,58,Mars Bleu,Mars bleu + cancer colorectal + dépistage colon + coloscopie + cancer colon,2025,2025-02-02,2025-04-30
2025-02-28,47,Mars Bleu,Mars bleu + cancer colorectal + dépistage colon + coloscopie + cancer colon,2025,2025-02-02,2025-04-30
2025-03-01,49,Mars Bleu,Mars bleu + cancer colorectal + dépistage colon + coloscopie + cancer colon,2025,2025-02-02,2025-04-30
2025-03-02,60,Mars Bleu,Mars bleu + cancer colorectal + dépistage colon + coloscopie + cancer colon,2025,2025-02-02,2025-04-30
2025-03-03,100,Mars Bleu,Mars bleu + cancer colorectal + dépistage colon + coloscopie + cancer colon,2025,2025-02-02,2025-04-30
2025-03-04,89,Mars Bleu,Mars bleu + cancer colorectal + dépistage colon + coloscopie + cancer colon,2025,2025-02-02,2025-04-30
2025-03-05,73,Mars Bleu,Mars bleu + cancer colorectal + dépistage colon + coloscopie + cancer colon,2025,2025-02-02,2025-04-30
2025-03-06,75,Mars Bleu,Mars bleu + cancer colorectal + dépistage colon + coloscopie + cancer colon,2025,2025-02-02,2025-04-30
2025-03-07,69,Mars Bleu,Mars bleu + cancer colorectal + dépistage colon + coloscopie + cancer colon,2025,2025-02-02,2025-04-30
2025-03-08,55,Mars Bleu,Mars bleu + cancer colorectal + dépistage colon + coloscopie + cancer colon,2025,2025-02-02,2025-04-30
2025-03-09,53,Mars Bleu,Mars bleu + cancer colorectal + dépistage colon + coloscopie + cancer colon,2025,2025-02-02,2025-04-30
2025-03-10,87,Mars Bleu,Mars bleu + cancer colorectal + dépistage colon + coloscopie + cancer colon,2025,2025-02-02,2025-04-30
2025-03-11,75,Mars Bleu,Mars bleu + cancer colorectal + dépistage colon + coloscopie + cancer colon,2025,2025-02-02,2025-04-30
2025-03-12,75,Mars Bleu,Mars bleu + cancer colorectal + dépistage colon + coloscopie + cancer colon,2025,2025-02-02,2025-04-30
2025-03-13,72,Mars Bleu,Mars bleu + cancer colorectal + dépistage colon + coloscopie + cancer colon,2025,2025-02-02,2025-04-30
2025-03-14,69,Mars Bleu,Mars bleu + cancer colorectal + dépistage colon + coloscopie + cancer colon,2025,2025-02-02,2025-04-30
2025-03-15,62,Mars Bleu,Mars bleu + cancer colorectal + dépistage colon + coloscopie + cancer colon,2025,2025-02-02,2025-04-30
2025-03-16,55,Mars Bleu,Mars bleu + cancer colorectal + dépistage colon + coloscopie + cancer colon,2025,2025-02-02,2025-04-30
2025-03-17,82,Mars Bleu,Mars bleu + cancer colorectal + dépistage colon + coloscopie + cancer colon,2025,2025-02-02,2025-04-30
2025-03-18,91,Mars Bleu,Mars bleu + cancer colorectal + dépistage colon + coloscopie + cancer colon,2025,2025-02-02,2025-04-30
2025-03-19,77,Mars Bleu,Mars bleu + cancer colorectal + dépistage colon + coloscopie + cancer colon,2025,2025-02-02,2025-04-30
2025-03-20,71,Mars Bleu,Mars bleu + cancer colorectal + dépistage colon + coloscopie + cancer colon,2025,2025-02-02,2025-04-30
2025-03-21,65,Mars Bleu,Mars bleu + cancer colorectal + dépistage colon + coloscopie + cancer colon,2025,2025-02-02,2025-04-30
2025-03-22,51,Mars Bleu,Mars bleu + cancer colorectal + dépistage colon + coloscopie + cancer colon,2025,2025-02-02,2025-04-30
2025-03-23,61,Mars Bleu,Mars bleu + cancer colorectal + dépistage colon + coloscopie + cancer colon,2025,2025-02-02,2025-04-30
2025-03-24,73,Mars Bleu,Mars bleu + cancer colorectal + dépistage colon + coloscopie + cancer colon,2025,2025-02-02,2025-04-30
2025-03-25,70,Mars Bleu,Mars bleu + cancer colorectal + dépistage colon + coloscopie + cancer colon,2025,2025-02-02,2025-04-30
2025-03-26,71,Mars Bleu,Mars bleu + cancer colorectal + dépistage colon + coloscopie + cancer colon,2025,2025-02-02,2025-04-30
2025-03-27,72,Mars Bleu,Mars bleu + cancer colorectal + dépistage colon + coloscopie + cancer colon,2025,2025-02-02,2025-04-30
2025-03-28,65,Mars Bleu,Mars bleu + cancer colorectal + dépistage colon + coloscopie + cancer colon,2025,2025-02-02,2025-04-30
2025-03-29,55,Mars Bleu,Mars bleu + cancer colorectal + dépistage colon + coloscopie + cancer colon,2025,2025-02-02,2025-04-30
2025-03-30,57,Mars Bleu,Mars bleu + cancer colorectal + dépistage colon + coloscopie + cancer colon,2025,2025-02-02,2025-04-30
2025-03-31,66,Mars Bleu,Mars bleu + cancer colorectal + dépistage colon + coloscopie + cancer colon,2025,2025-02-02,2025-04-30
2025-04-01,67,Mars Bleu,Mars bleu + cancer colorectal + dépistage colon + coloscopie + cancer colon,2025,2025-02-02,2025-04-30
2025-04-02,53,Mars Bleu,Mars bleu + cancer colorectal + dépistage colon + coloscopie + cancer colon,2025,2025-02-02,2025-04-30
2025-04-03,53,Mars Bleu,Mars bleu + cancer colorectal + dépistage colon + coloscopie + cancer colon,2025,2025-02-02,2025-04-30
2025-04-04,49,Mars Bleu,Mars bleu + cancer colorectal + dépistage colon + coloscopie + cancer colon,2025,2025-02-02,2025-04-30
2025-04-05,45,Mars Bleu,Mars bleu + cancer colorectal + dépistage colon + coloscopie + cancer colon,2025,2025-02-02,2025-04-30
2025-04-06,49,Mars Bleu,Mars bleu + cancer colorectal + dépistage colon + coloscopie + cancer colon,2025,2025-02-02,2025-04-30
2025-04-07,59,Mars Bleu,Mars bleu + cancer colorectal + dépistage colon + coloscopie + cancer colon,2025,2025-02-02,2025-04-30
2025-04-08,61,Mars Bleu,Mars bleu + cancer colorectal + dépistage colon + coloscopie + cancer colon,2025,2025-02-02,2025-04-30
2025-04-09,57,Mars Bleu,Mars bleu + cancer colorectal + dépistage colon + coloscopie + cancer colon,2025,2025-02-02,2025-04-30
2025-04-10,51,Mars Bleu,Mars bleu + cancer colorectal + dépistage colon + coloscopie + cancer colon,2025,2025-02-02,2025-04-30
2025-04-11,48,Mars Bleu,Mars bleu + cancer colorectal + dépistage colon + coloscopie + cancer colon,2025,2025-02-02,2025-04-30
2025-04-12,48,Mars Bleu,Mars bleu + cancer colorectal + dépistage colon + coloscopie + cancer colon,2025,2025-02-02,2025-04-30
2025-04-13,45,Mars Bleu,Mars bleu + cancer colorectal + dépistage colon + coloscopie + cancer colon,2025,2025-02-02,2025-04-30
2025-04-14,52,Mars Bleu,Mars bleu + cancer colorectal + dépistage colon + coloscopie + cancer colon,2025,2025-02-02,2025-04-30
2025-04-15,54,Mars Bleu,Mars bleu + cancer colorectal + dépistage colon + coloscopie + cancer colon,2025,2025-02-02,2025-04-30
2025-04-16,49,Mars Bleu,Mars bleu + cancer colorectal + dépistage colon + coloscopie + cancer colon,2025,2025-02-02,2025-04-30
2025-04-17,48,Mars Bleu,Mars bleu + cancer colorectal + dépistage colon + coloscopie + cancer colon,2025,2025-02-02,2025-04-30
2025-04-18,46,Mars Bleu,Mars bleu + cancer colorectal + dépistage colon + coloscopie + cancer colon,2025,2025-02-02,2025-04-30
2025-04-19,35,Mars Bleu,Mars bleu + cancer colorectal + dépistage colon + coloscopie + cancer colon,2025,2025-02-02,2025-04-30
2025-04-20,28,Mars Bleu,Mars bleu + cancer colorectal + dépistage colon + coloscopie + cancer colon,2025,2025-02-02,2025-04-30
2025-04-21,38,Mars Bleu,Mars bleu + cancer colorectal + dépistage colon + coloscopie + cancer colon,2025,2025-02-02,2025-04-30
2025-04-22,47,Mars Bleu,Mars bleu + cancer colorectal + dépistage colon + coloscopie + cancer colon,2025,2025-02-02,2025-04-30
2025-04-23,53,Mars Bleu,Mars bleu + cancer colorectal + dépistage colon + coloscopie + cancer colon,2025,2025-02-02,2025-04-30
2025-04-24,58,Mars Bleu,Mars bleu + cancer colorectal + dépistage colon + coloscopie + cancer colon,2025,2025-02-02,2025-04-30
2025-04-25,46,Mars Bleu,Mars bleu + cancer colorectal + dépistage colon + coloscopie + cancer colon,2025,2025-02-02,2025-04-30
2025-04-26,38,Mars Bleu,Mars bleu + cancer colorectal + dépistage colon + coloscopie + cancer colon,2025,2025-02-02,2025-04-30
2025-04-27,46,Mars Bleu,Mars bleu + cancer colorectal + dépistage colon + coloscopie + cancer colon,2025,2025-02-02,2025-04-30
2025-04-28,53,Mars Bleu,Mars bleu + cancer colorectal + dépistage colon + coloscopie + cancer colon,2025,2025-02-02,2025-04-30
2025-04-29,47,Mars Bleu,Mars bleu + cancer colorectal + dépistage colon + coloscopie + cancer colon,2025,2025-02-02,2025-04-30
2025-04-30,43,Mars Bleu,Mars bleu + cancer colorectal + dépistage colon + coloscopie + cancer colon,2025,2025-02-02,2025-04-30
