date,campaign_index,campaign,query,season,window_start,window_end
2015-10-01,16,Movember,Movember + cancer prostate + movember prostate + cancer prostate psa + cancer prostate traitement,2015,2015-10-01,2015-12-31
2015-10-02,14,Movember,Movember + cancer prostate + movember prostate + cancer prostate psa + cancer prostate traitement,2015,2015-10-01,2015-12-31
2015-10-03,13,Movember,Movember + cancer prostate + movember prostate + cancer prostate psa + cancer prostate traitement,2015,2015-10-01,2015-12-31
2015-10-04,12,Movember,Movember + cancer prostate + movember prostate + cancer prostate psa + cancer prostate traitement,2015,2015-10-01,2015-12-31
2015-10-05,17,Movember,Movember + cancer prostate + movember prostate + cancer prostate psa + cancer prostate traitement,2015,2015-10-01,2015-12-31
2015-10-06,16,Movember,Movember + cancer prostate + movember prostate + cancer prostate psa + cancer prostate traitement,2015,2015-10-01,2015-12-31
2015-10-07,17,Movember,Movember + cancer prostate + movember prostate + cancer prostate psa + cancer prostate traitement,2015,2015-10-01,2015-12-31
2015-10-08,12,Movember,Movember + cancer prostate + movember prostate + cancer prostate psa + cancer prostate traitement,2015,2015-10-01,2015-12-31
2015-10-09,18,Movember,Movember + cancer prostate + movember prostate + cancer prostate psa + cancer prostate traitement,2015,2015-10-01,2015-12-31
2015-10-10,19,Movember,Movember + cancer prostate + movember prostate + cancer prostate psa + cancer prostate traitement,2015,2015-10-01,2015-12-31
2015-10-11,9,Movember,Movember + cancer prostate + movember prostate + cancer prostate psa + cancer prostate traitement,2015,2015-10-01,2015-12-31
2015-10-12,19,Movember,Movember + cancer prostate + movember prostate + cancer prostate psa + cancer prostate traitement,2015,2015-10-01,2015-12-31
2015-10-13,17,Movember,Movember + cancer prostate + movember prostate + cancer prostate psa + cancer prostate traitement,2015,2015-10-01,2015-12-31
2015-10-14,18,Movember,Movember + cancer prostate + movember prostate + cancer prostate psa + cancer prostate traitement,2015,2015-10-01,2015-12-31
2015-10-15,14,Movember,Movember + cancer prostate + movember prostate + cancer prostate psa + cancer prostate traitement,2015,2015-10-01,2015-12-31
2015-10-16,18,Movember,Movember + cancer prostate + movember prostate + cancer prostate psa + cancer prostate traitement,2015,2015-10-01,2015-12-31
2015-10-17,14,Movember,Movember + cancer prostate + movember prostate + cancer prostate psa + cancer prostate traitement,2015,2015-10-01,2015-12-31
2015-10-18,20,Movember,Movember + cancer prostate + movember prostate + cancer prostate psa + cancer prostate traitement,2015,2015-10-01,2015-12-31
2015-10-19,20,Movember,Movember + cancer prostate + movember prostate + cancer prostate psa + cancer prostate traitement,2015,2015-10-01,2015-12-31
2015-10-20,23,Movember,Movember + cancer prostate + movember prostate + cancer prostate psa + cancer prostate traitement,2015,2015-10-01,2015-12-31
2015-10-21,22,Movember,Movember + cancer prostate + movember prostate + cancer prostate psa + cancer prostate traitement,2015,2015-10-01,2015-12-31
2015-10-22,24,Movember,Movember + cancer prostate + movember prostate + cancer prostate psa + cancer prostate traitement,2015,2015-10-01,2015-12-31
2015-10-23,15,Movember,Movember + cancer prostate + movember prostate + cancer prostate psa + cancer prostate traitement,2015,2015-10-01,2015-12-31
2015-10-24,19,Movember,Movember + cancer prostate + movember prostate + cancer prostate psa + cancer prostate traitement,2015,2015-10-01,2015-12-31
2015-10-25,20,Movember,Movember + cancer prostate + movember prostate + cancer prostate psa + cancer prostate traitement,2015,2015-10-01,2015-12-31
2015-10-26,32,Movember,Movember + cancer prostate + movember prostate + cancer prostate psa + cancer prostate traitement,2015,2015-10-01,2015-12-31
2015-10-27,30,Movember,Movember + cancer prostate + movember prostate + cancer prostate psa + cancer prostate traitement,2015,2015-10-01,2015-12-31
2015-10-28,27,Movember,Movember + cancer prostate + movember prostate + cancer prostate psa + cancer prostate traitement,2015,2015-10-01,2015-12-31
2015-10-29,34,Movember,Movember + cancer prostate + movember prostate + cancer prostate psa + cancer prostate traitement,2015,2015-10-01,2015-12-31
2015-10-30,41,Movember,Movember + cancer prostate + movember prostate + cancer prostate psa + cancer prostate traitement,2015,2015-10-01,2015-12-31
2015-10-31,45,Movember,Movember + cancer prostate + movember prostate + cancer prostate psa + cancer prostate traitement,2015,2015-10-01,2015-12-31
2015-11-01,100,Movember,Movember + cancer prostate + movember prostate + cancer prostate psa + cancer prostate traitement,2015,2015-10-01,2015-12-31
2015-11-02,99,Movember,Movember + cancer prostate + movember prostate + cancer prostate psa + cancer prostate traitement,2015,2015-10-01,2015-12-31
2015-11-03,71,Movember,Movember + cancer prostate + movember prostate + cancer prostate psa + cancer prostate traitement,2015,2015-10-01,2015-12-31
2015-11-04,70,Movember,Movember + cancer prostate + movember prostate + cancer prostate psa + cancer prostate traitement,2015,2015-10-01,2015-12-31
2015-11-05,51,Movember,Movember + cancer prostate + movember prostate + cancer prostate psa + cancer prostate traitement,2015,2015-10-01,2015-12-31
2015-11-06,52,Movember,Movember + cancer prostate + movember prostate + cancer prostate psa + cancer prostate traitement,2015,2015-10-01,2015-12-31
2015-11-07,58,Movember,Movember + cancer prostate + movember prostate + cancer prostate psa + cancer prostate traitement,2015,2015-10-01,2015-12-31
2015-11-08,46,Movember,Movember + cancer prostate + movember prostate + cancer prostate psa + cancer prostate traitement,2015,2015-10-01,2015-12-31
2015-11-09,45,Movember,Movember + cancer prostate + movember prostate + cancer prostate psa + cancer prostate traitement,2015,2015-10-01,2015-12-31
2015-11-10,44,Movember,Movember + cancer prostate + movember prostate + cancer prostate psa + cancer prostate traitement,2015,2015-10-01,2015-12-31
2015-11-11,35,Movember,Movember + cancer prostate + movember prostate + cancer prostate psa + cancer prostate traitement,2015,2015-10-01,2015-12-31
2015-11-12,48,Movember,Movember + cancer prostate + movember prostate + cancer prostate psa + cancer prostate traitement,2015,2015-10-01,2015-12-31
2015-11-13,43,Movember,Movember + cancer prostate + movember prostate + cancer prostate psa + cancer prostate traitement,2015,2015-10-01,2015-12-31
2015-11-14,22,Movember,Movember + cancer prostate + movember prostate + cancer prostate psa + cancer prostate traitement,2015,2015-10-01,2015-12-31
2015-11-15,19,Movember,Movember + cancer prostate + movember prostate + cancer prostate psa + cancer prostate traitement,2015,2015-10-01,2015-12-31
2015-11-16,26,Movember,Movember + cancer prostate + movember prostate + cancer prostate psa + cancer prostate traitement,2015,2015-10-01,2015-12-31
2015-11-17,24,Movember,Movember + cancer prostate + movember prostate + cancer prostate psa + cancer prostate traitement,2015,2015-10-01,2015-12-31
2015-11-18,25,Movember,Movember + cancer prostate + movember prostate + cancer prostate psa + cancer prostate traitement,2015,2015-10-01,2015-12-31
2015-11-19,22,Movember,Movember + cancer prostate + movember prostate + cancer prostate psa + cancer prostate traitement,2015,2015-10-01,2015-12-31
2015-11-20,24,Movember,Movember + cancer prostate + movember prostate + cancer prostate psa + cancer prostate traitement,2015,2015-10-01,2015-12-31
2015-11-21,27,Movember,Movember + cancer prostate + movember prostate + cancer prostate psa + cancer prostate traitement,2015,2015-10-01,2015-12-31
2015-11-22,25,Movember,Movember + cancer prostate + movember prostate + cancer prostate psa + cancer prostate traitement,2015,2015-10-01,2015-12-31
2015-11-23,21,Movember,Movember + cancer prostate + movember prostate + cancer prostate psa + cancer prostate traitement,2015,2015-10-01,2015-12-31
2015-11-24,25,Movember,Movember + cancer prostate + movember prostate + cancer prostate psa + cancer prostate traitement,2015,2015-10-01,2015-12-31
2015-11-25,25,Movember,Movember + cancer prostate + movember prostate + cancer prostate psa + cancer prostate traitement,2015,2015-10-01,2015-12-31
2015-11-26,24,Movember,Movember + cancer prostate + movember prostate + cancer prostate psa + cancer prostate traitement,2015,2015-10-01,2015-12-31
2015-11-27,18,Movember,Movember + cancer prostate + movember prostate + cancer prostate psa + cancer prostate traitement,2015,2015-10-01,2015-12-31
2015-11-28,23,Movember,Movember + cancer prostate + movember prostate + cancer prostate psa + cancer prostate traitement,2015,2015-10-01,2015-12-31
2015-11-29,21,Movember,Movember + cancer prostate + movember prostate + cancer prostate psa + cancer prostate traitement,2015,2015-10-01,2015-12-31
2015-11-30,26,Movember,Movember + cancer prostate + movember prostate + cancer prostate psa + cancer prostate traitement,2015,2015-10-01,2015-12-31
2015-12-01,18,Movember,Movember + cancer prostate + movember prostate + cancer prostate psa + cancer prostate traitement,2015,2015-10-01,2015-12-31
2015-12-02,14,Movember,Movember + cancer prostate + movember prostate + cancer prostate psa + cancer prostate traitement,2015,2015-10-01,2015-12-31
2015-12-03,16,Movember,Movember + cancer prostate + movember prostate + cancer prostate psa + cancer prostate traitement,2015,2015-10-01,2015-12-31
2015-12-04,14,Movember,Movember + cancer prostate + movember prostate + cancer prostate psa + cancer prostate traitement,2015,2015-10-01,2015-12-31
2015-12-05,12,Movember,Movember + cancer prostate + movember prostate + cancer prostate psa + cancer prostate traitement,2015,2015-10-01,2015-12-31
2015-12-06,10,Movember,Movember + cancer prostate + movember prostate + cancer prostate psa + cancer prostate traitement,2015,2015-10-01,2015-12-31
2015-12-07,10,Movember,Movember + cancer prostate + movember prostate + cancer prostate psa + cancer prostate traitement,2015,2015-10-01,2015-12-31
2015-12-08,14,Movember,Movember + cancer prostate + movember prostate + cancer prostate psa + cancer prostate traitement,2015,2015-10-01,2015-12-31
2015-12-09,10,Movember,Movember + cancer prostate + movember prostate + cancer prostate psa + cancer prostate traitement,2015,2015-10-01,2015-12-31
2015-12-10,11,Movember,Movember + cancer prostate + movember prostate + cancer prostate psa + cancer prostate traitement,2015,2015-10-01,2015-12-31
2015-12-11,12,Movember,Movember + cancer prostate + movember prostate + cancer prostate psa + cancer prostate traitement,2015,2015-10-01,2015-12-31
2015-12-12,10,Movember,Movember + cancer prostate + movember prostate + cancer prostate psa + cancer prostate traitement,2015,2015-10-01,2015-12-31
2015-12-13,13,Movember,Movember + cancer prostate + movember prostate + cancer prostate psa + cancer prostate traitement,2015,2015-10-01,2015-12-31
2015-12-14,11,Movember,Movember + cancer prostate + movember prostate + cancer prostate psa + cancer prostate traitement,2015,2015-10-01,2015-12-31
2015-12-15,18,Movember,Movember + cancer prostate + movember prostate + cancer prostate psa + cancer prostate traitement,2015,2015-10-01,2015-12-31
2015-12-16,20,Movember,Movember + cancer prostate + movember prostate + cancer prostate psa + cancer prostate traitement,2015,2015-10-01,2015-12-31
2015-12-17,14,Movember,Movember + cancer prostate + movember prostate + cancer prostate psa + cancer prostate traitement,2015,2015-10-01,2015-12-31
2015-12-18,12,Movember,Movember + cancer prostate + movember prostate + cancer prostate psa + cancer prostate traitement,2015,2015-10-01,2015-12-31
2015-12-19,11,Movember,Movember + cancer prostate + movember prostate + cancer prostate psa + cancer prostate traitement,2015,2015-10-01,2015-12-31
2015-12-20,11,Movember,Movember + cancer prostate + movember prostate + cancer prostate psa + cancer prostate traitement,2015,2015-10-01,2015-12-31
2015-12-21,11,Movember,Movember + cancer prostate + movember prostate + cancer prostate psa + cancer prostate traitement,2015,2015-10-01,2015-12-31
2015-12-22,14,Movember,Movember + cancer prostate + movember prostate + cancer prostate psa + cancer prostate traitement,2015,2015-10-01,2015-12-31
2015-12-23,7,Movember,Movember + cancer prostate + movember prostate + cancer prostate psa + cancer prostate traitement,2015,2015-10-01,2015-12-31
2015-12-24,14,Movember,Movember + cancer prostate + movember prostate + cancer prostate psa + cancer prostate traitement,2015,2015-10-01,2015-12-31
2015-12-25,9,Movember,Movember + cancer prostate + movember prostate + cancer prostate psa + cancer prostate traitement,2015,2015-10-01,2015-12-31
2015-12-26,7,Movember,Movember + cancer prostate + movember prostate + cancer prostate psa + cancer prostate traitement,2015,2015-10-01,2015-12-31
2015-12-27,14,Movember,Movember + cancer prostate + movember prostate + cancer prostate psa + cancer prostate traitement,2015,2015-10-01,2015-12-31
2015-12-28,11,Movember,Movember + cancer prostate + movember prostate + cancer prostate psa + cancer prostate traitement,2015,2015-10-01,2015-12-31
2015-12-29,13,Movember,Movember + cancer prostate + movember prostate + cancer prostate psa + cancer prostate traitement,2015,2015-10-01,2015-12-31
2015-12-30,10,Movember,Movember + cancer prostate + movember prostate + cancer prostate psa + cancer prostate traitement,2015,2015-10-01,2015-12-31
2015-12-31,11,Movember,Movember + cancer prostate + movember prostate + cancer prostate psa + cancer prostate traitement,2015,2015-10-01,2015-12-31
2016-10-01,13,Movember,Movember + cancer prostate + movember prostate + cancer prostate psa + cancer prostate traitement,2016,2016-10-01,2016-12-31
2016-10-02,14,Movember,Movember + cancer prostate + movember prostate + cancer prostate psa + cancer prostate traitement,2016,2016-10-01,2016-12-31
2016-10-03,17,Movember,Movember + cancer prostate + movember prostate + cancer prostate psa + cancer prostate traitement,2016,2016-10-01,2016-12-31
2016-10-04,30,Movember,Movember + cancer prostate + movember prostate + cancer prostate psa + cancer prostate traitement,2016,2016-10-01,2016-12-31
2016-10-05,23,Movember,Movember + cancer prostate + movember prostate + cancer prostate psa + cancer prostate traitement,2016,2016-10-01,2016-12-31
2016-10-06,22,Movember,Movember + cancer prostate + movember prostate + cancer prostate psa + cancer prostate traitement,2016,2016-10-01,2016-12-31
2016-10-07,21,Movember,Movember + cancer prostate + movember prostate + cancer prostate psa + cancer prostate traitement,2016,2016-10-01,2016-12-31
2016-10-08,20,Movember,Movember + cancer prostate + movember prostate + cancer prostate psa + cancer prostate traitement,2016,2016-10-01,2016-12-31
2016-10-09,14,Movember,Movember + cancer prostate + movember prostate + cancer prostate psa + cancer prostate traitement,2016,2016-10-01,2016-12-31
2016-10-10,14,Movember,Movember + cancer prostate + movember prostate + cancer prostate psa + cancer prostate traitement,2016,2016-10-01,2016-12-31
2016-10-11,17,Movember,Movember + cancer prostate + movember prostate + cancer prostate psa + cancer prostate traitement,2016,2016-10-01,2016-12-31
2016-10-12,17,Movember,Movember + cancer prostate + movember prostate + cancer prostate psa + cancer prostate traitement,2016,2016-10-01,2016-12-31
2016-10-13,21,Movember,Movember + cancer prostate + movember prostate + cancer prostate psa + cancer prostate traitement,2016,2016-10-01,2016-12-31
2016-10-14,20,Movember,Movember + cancer prostate + movember prostate + cancer prostate psa + cancer prostate traitement,2016,2016-10-01,2016-12-31
2016-10-15,15,Movember,Movember + cancer prostate + movember prostate + cancer prostate psa + cancer prostate traitement,2016,2016-10-01,2016-12-31
2016-10-16,14,Movember,Movember + cancer prostate + movember prostate + cancer prostate psa + cancer prostate traitement,2016,2016-10-01,2016-12-31
2016-10-17,17,Movember,Movember + cancer prostate + movember prostate + cancer prostate psa + cancer prostate traitement,2016,2016-10-01,2016-12-31
2016-10-18,21,Movember,Movember + cancer prostate + movember prostate + cancer prostate psa + cancer prostate traitement,2016,2016-10-01,2016-12-31
2016-10-19,17,Movember,Movember + cancer prostate + movember prostate + cancer prostate psa + cancer prostate traitement,2016,2016-10-01,2016-12-31
2016-10-20,26,Movember,Movember + cancer prostate + movember prostate + cancer prostate psa + cancer prostate traitement,2016,2016-10-01,2016-12-31
2016-10-21,17,Movember,Movember + cancer prostate + movember prostate + cancer prostate psa + cancer prostate traitement,2016,2016-10-01,2016-12-31
2016-10-22,16,Movember,Movember + cancer prostate + movember prostate + cancer prostate psa + cancer prostate traitement,2016,2016-10-01,2016-12-31
2016-10-23,21,Movember,Movember + cancer prostate + movember prostate + cancer prostate psa + cancer prostate traitement,2016,2016-10-01,2016-12-31
2016-10-24,20,Movember,Movember + cancer prostate + movember prostate + cancer prostate psa + cancer prostate traitement,2016,2016-10-01,2016-12-31
2016-10-25,23,Movember,Movember + cancer prostate + movember prostate + cancer prostate psa + cancer prostate traitement,2016,2016-10-01,2016-12-31
2016-10-26,24,Movember,Movember + cancer prostate + movember prostate + cancer prostate psa + cancer prostate traitement,2016,2016-10-01,2016-12-31
2016-10-27,27,Movember,Movember + cancer prostate + movember prostate + cancer prostate psa + cancer prostate traitement,2016,2016-10-01,2016-12-31
2016-10-28,24,Movember,Movember + cancer prostate + movember prostate + cancer prostate psa + cancer prostate traitement,2016,2016-10-01,2016-12-31
2016-10-29,25,Movember,Movember + cancer prostate + movember prostate + cancer prostate psa + cancer prostate traitement,2016,2016-10-01,2016-12-31
2016-10-30,26,Movember,Movember + cancer prostate + movember prostate + cancer prostate psa + cancer prostate traitement,2016,2016-10-01,2016-12-31
2016-10-31,31,Movember,Movember + cancer prostate + movember prostate + cancer prostate psa + cancer prostate traitement,2016,2016-10-01,2016-12-31
2016-11-01,99,Movember,Movember + cancer prostate + movember prostate + cancer prostate psa + cancer prostate traitement,2016,2016-10-01,2016-12-31
2016-11-02,100,Movember,Movember + cancer prostate + movember prostate + cancer prostate psa + cancer prostate traitement,2016,2016-10-01,2016-12-31
2016-11-03,76,Movember,Movember + cancer prostate + movember prostate + cancer prostate psa + cancer prostate traitement,2016,2016-10-01,2016-12-31
2016-11-04,60,Movember,Movember + cancer prostate + movember prostate + cancer prostate psa + cancer prostate traitement,2016,2016-10-01,2016-12-31
2016-11-05,55,Movember,Movember + cancer prostate + movember prostate + cancer prostate psa + cancer prostate traitement,2016,2016-10-01,2016-12-31
2016-11-06,49,Movember,Movember + cancer prostate + movember prostate + cancer prostate psa + cancer prostate traitement,2016,2016-10-01,2016-12-31
2016-11-07,57,Movember,Movember + cancer prostate + movember prostate + cancer prostate psa + cancer prostate traitement,2016,2016-10-01,2016-12-31
2016-11-08,48,Movember,Movember + cancer prostate + movember prostate + cancer prostate psa + cancer prostate traitement,2016,2016-10-01,2016-12-31
2016-11-09,39,Movember,Movember + cancer prostate + movember prostate + cancer prostate psa + cancer prostate traitement,2016,2016-10-01,2016-12-31
2016-11-10,36,Movember,Movember + cancer prostate + movember prostate + cancer prostate psa + cancer prostate traitement,2016,2016-10-01,2016-12-31
2016-11-11,42,Movember,Movember + cancer prostate + movember prostate + cancer prostate psa + cancer prostate traitement,2016,2016-10-01,2016-12-31
2016-11-12,30,Movember,Movember + cancer prostate + movember prostate + cancer prostate psa + cancer prostate traitement,2016,2016-10-01,2016-12-31
2016-11-13,41,Movember,Movember + cancer prostate + movember prostate + cancer prostate psa + cancer prostate traitement,2016,2016-10-01,2016-12-31
2016-11-14,28,Movember,Movember + cancer prostate + movember prostate + cancer prostate psa + cancer prostate traitement,2016,2016-10-01,2016-12-31
2016-11-15,39,Movember,Movember + cancer prostate + movember prostate + cancer prostate psa + cancer prostate traitement,2016,2016-10-01,2016-12-31
2016-11-16,41,Movember,Movember + cancer prostate + movember prostate + cancer prostate psa + cancer prostate traitement,2016,2016-10-01,2016-12-31
2016-11-17,25,Movember,Movember + cancer prostate + movember prostate + cancer prostate psa + cancer prostate traitement,2016,2016-10-01,2016-12-31
2016-11-18,34,Movember,Movember + cancer prostate + movember prostate + cancer prostate psa + cancer prostate traitement,2016,2016-10-01,2016-12-31
2016-11-19,30,Movember,Movember + cancer prostate + movember prostate + cancer prostate psa + cancer prostate traitement,2016,2016-10-01,2016-12-31
2016-11-20,28,Movember,Movember + cancer prostate + movember prostate + cancer prostate psa + cancer prostate traitement,2016,2016-10-01,2016-12-31
2016-11-21,30,Movember,Movember + cancer prostate + movember prostate + cancer prostate psa + cancer prostate traitement,2016,2016-10-01,2016-12-31
2016-11-22,30,Movember,Movember + cancer prostate + movember prostate + cancer prostate psa + cancer prostate traitement,2016,2016-10-01,2016-12-31
2016-11-23,27,Movember,Movember + cancer prostate + movember prostate + cancer prostate psa + cancer prostate traitement,2016,2016-10-01,2016-12-31
2016-11-24,27,Movember,Movember + cancer prostate + movember prostate + cancer prostate psa + cancer prostate traitement,2016,2016-10-01,2016-12-31
2016-11-25,26,Movember,Movember + cancer prostate + movember prostate + cancer prostate psa + cancer prostate traitement,2016,2016-10-01,2016-12-31
2016-11-26,27,Movember,Movember + cancer prostate + movember prostate + cancer prostate psa + cancer prostate traitement,2016,2016-10-01,2016-12-31
2016-11-27,32,Movember,Movember + cancer prostate + movember prostate + cancer prostate psa + cancer prostate traitement,2016,2016-10-01,2016-12-31
2016-11-28,27,Movember,Movember + cancer prostate + movember prostate + cancer prostate psa + cancer prostate traitement,2016,2016-10-01,2016-12-31
2016-11-29,23,Movember,Movember + cancer prostate + movember prostate + cancer prostate psa + cancer prostate traitement,2016,2016-10-01,2016-12-31
2016-11-30,23,Movember,Movember + cancer prostate + movember prostate + cancer prostate psa + cancer prostate traitement,2016,2016-10-01,2016-12-31
2016-12-01,23,Movember,Movember + cancer prostate + movember prostate + cancer prostate psa + cancer prostate traitement,2016,2016-10-01,2016-12-31
2016-12-02,19,Movember,Movember + cancer prostate + movember prostate + cancer prostate psa + cancer prostate traitement,2016,2016-10-01,2016-12-31
2016-12-03,13,Movember,Movember + cancer prostate + movember prostate + cancer prostate psa + cancer prostate traitement,2016,2016-10-01,2016-12-31
2016-12-04,18,Movember,Movember + cancer prostate + movember prostate + cancer prostate psa + cancer prostate traitement,2016,2016-10-01,2016-12-31
2016-12-05,22,Movember,Movember + cancer prostate + movember prostate + cancer prostate psa + cancer prostate traitement,2016,2016-10-01,2016-12-31
2016-12-06,18,Movember,Movember + cancer prostate + movember prostate + cancer prostate psa + cancer prostate traitement,2016,2016-10-01,2016-12-31
2016-12-07,19,Movember,Movember + cancer prostate + movember prostate + cancer prostate psa + cancer prostate traitement,2016,2016-10-01,2016-12-31
2016-12-08,12,Movember,Movember + cancer prostate + movember prostate + cancer prostate psa + cancer prostate traitement,2016,2016-10-01,2016-12-31
2016-12-09,13,Movember,Movember + cancer prostate + movember prostate + cancer prostate psa + cancer prostate traitement,2016,2016-10-01,2016-12-31
2016-12-10,14,Movember,Movember + cancer prostate + movember prostate + cancer prostate psa + cancer prostate traitement,2016,2016-10-01,2016-12-31
2016-12-11,12,Movember,Movember + cancer prostate + movember prostate + cancer prostate psa + cancer prostate traitement,2016,2016-10-01,2016-12-31
2016-12-12,19,Movember,Movember + cancer prostate + movember prostate + cancer prostate psa + cancer prostate traitement,2016,2016-10-01,2016-12-31
2016-12-13,13,Movember,Movember + cancer prostate + movember prostate + cancer prostate psa + cancer prostate traitement,2016,2016-10-01,2016-12-31
2016-12-14,15,Movember,Movember + cancer prostate + movember prostate + cancer prostate psa + cancer prostate traitement,2016,2016-10-01,2016-12-31
2016-12-15,18,Movember,Movember + cancer prostate + movember prostate + cancer prostate psa + cancer prostate traitement,2016,2016-10-01,2016-12-31
2016-12-16,15,Movember,Movember + cancer prostate + movember prostate + cancer prostate psa + cancer prostate traitement,2016,2016-10-01,2016-12-31
2016-12-17,14,Movember,Movember + cancer prostate + movember prostate + cancer prostate psa + cancer prostate traitement,2016,2016-10-01,2016-12-31
2016-12-18,10,Movember,Movember + cancer prostate + movember prostate + cancer prostate psa + cancer prostate traitement,2016,2016-10-01,2016-12-31
2016-12-19,15,Movember,Movember + cancer prostate + movember prostate + cancer prostate psa + cancer prostate traitement,2016,2016-10-01,2016-12-31
2016-12-20,27,Movember,Movember + cancer prostate + movember prostate + cancer prostate psa + cancer prostate traitement,2016,2016-10-01,2016-12-31
2016-12-21,11,Movember,Movember + cancer prostate + movember prostate + cancer prostate psa + cancer prostate traitement,2016,2016-10-01,2016-12-31
2016-12-22,18,Movember,Movember + cancer prostate + movember prostate + cancer prostate psa + cancer prostate traitement,2016,2016-10-01,2016-12-31
2016-12-23,12,Movember,Movember + cancer prostate + movember prostate + cancer prostate psa + cancer prostate traitement,2016,2016-10-01,2016-12-31
2016-12-24,28,Movember,Movember + cancer prostate + movember prostate + cancer prostate psa + cancer prostate traitement,2016,2016-10-01,2016-12-31
2016-12-25,15,Movember,Movember + cancer prostate + movember prostate + cancer prostate psa + cancer prostate traitement,2016,2016-10-01,2016-12-31
2016-12-26,9,Movember,Movember + cancer prostate + movember prostate + cancer prostate psa + cancer prostate traitement,2016,2016-10-01,2016-12-31
2016-12-27,8,Movember,Movember + cancer prostate + movember prostate + cancer prostate psa + cancer prostate traitement,2016,2016-10-01,2016-12-31
2016-12-28,14,Movember,Movember + cancer prostate + movember prostate + cancer prostate psa + cancer prostate traitement,2016,2016-10-01,2016-12-31
2016-12-29,15,Movember,Movember + cancer prostate + movember prostate + cancer prostate psa + cancer prostate traitement,2016,2016-10-01,2016-12-31
2016-12-30,14,Movember,Movember + cancer prostate + movember prostate + cancer prostate psa + cancer prostate traitement,2016,2016-10-01,2016-12-31
2016-12-31,16,Movember,Movember + cancer prostate + movember prostate + cancer prostate psa + cancer prostate traitement,2016,2016-10-01,2016-12-31
2017-10-01,18,Movember,Movember + cancer prostate + movember prostate + cancer prostate psa + cancer prostate traitement,2017,2017-10-01,2017-12-31
2017-10-02,18,Movember,Movember + cancer prostate + movember prostate + cancer prostate psa + cancer prostate traitement,2017,2017-10-01,2017-12-31
2017-10-03,18,Movember,Movember + cancer prostate + movember prostate + cancer prostate psa + cancer prostate traitement,2017,2017-10-01,2017-12-31
2017-10-04,18,Movember,Movember + cancer prostate + movember prostate + cancer prostate psa + cancer prostate traitement,2017,2017-10-01,2017-12-31
2017-10-05,18,Movember,Movember + cancer prostate + movember prostate + cancer prostate psa + cancer prostate traitement,2017,2017-10-01,2017-12-31
2017-10-06,18,Movember,Movember + cancer prostate + movember prostate + cancer prostate psa + cancer prostate traitement,2017,2017-10-01,2017-12-31
2017-10-07,13,Movember,Movember + cancer prostate + movember prostate + cancer prostate psa + cancer prostate traitement,2017,2017-10-01,2017-12-31
2017-10-08,15,Movember,Movember + cancer prostate + movember prostate + cancer prostate psa + cancer prostate traitement,2017,2017-10-01,2017-12-31
2017-10-09,23,Movember,Movember + cancer prostate + movember prostate + cancer prostate psa + cancer prostate traitement,2017,2017-10-01,2017-12-31
2017-10-10,20,Movember,Movember + cancer prostate + movember prostate + cancer prostate psa + cancer prostate traitement,2017,2017-10-01,2017-12-31
2017-10-11,25,Movember,Movember + cancer prostate + movember prostate + cancer prostate psa + cancer prostate traitement,2017,2017-10-01,2017-12-31
2017-10-12,16,Movember,Movember + cancer prostate + movember prostate + cancer prostate psa + cancer prostate traitement,2017,2017-10-01,2017-12-31
2017-10-13,24,Movember,Movember + cancer prostate + movember prostate + cancer prostate psa + cancer prostate traitement,2017,2017-10-01,2017-12-31
2017-10-14,15,Movember,Movember + cancer prostate + movember prostate + cancer prostate psa + cancer prostate traitement,2017,2017-10-01,2017-12-31
2017-10-15,23,Movember,Movember + cancer prostate + movember prostate + cancer prostate psa + cancer prostate traitement,2017,2017-10-01,2017-12-31
2017-10-16,23,Movember,Movember + cancer prostate + movember prostate + cancer prostate psa + cancer prostate traitement,2017,2017-10-01,2017-12-31
2017-10-17,22,Movember,Movember + cancer prostate + movember prostate + cancer prostate psa + cancer prostate traitement,2017,2017-10-01,2017-12-31
2017-10-18,21,Movember,Movember + cancer prostate + movember prostate + cancer prostate psa + cancer prostate traitement,2017,2017-10-01,2017-12-31
2017-10-19,27,Movember,Movember + cancer prostate + movember prostate + cancer prostate psa + cancer prostate traitement,2017,2017-10-01,2017-12-31
2017-10-20,38,Movember,Movember + cancer prostate + movember prostate + cancer prostate psa + cancer prostate traitement,2017,2017-10-01,2017-12-31
2017-10-21,15,Movember,Movember + cancer prostate + movember prostate + cancer prostate psa + cancer prostate traitement,2017,2017-10-01,2017-12-31
2017-10-22,23,Movember,Movember + cancer prostate + movember prostate + cancer prostate psa + cancer prostate traitement,2017,2017-10-01,2017-12-31
2017-10-23,26,Movember,Movember + cancer prostate + movember prostate + cancer prostate psa + cancer prostate traitement,2017,2017-10-01,2017-12-31
2017-10-24,29,Movember,Movember + cancer prostate + movember prostate + cancer prostate psa + cancer prostate traitement,2017,2017-10-01,2017-12-31
2017-10-25,26,Movember,Movember + cancer prostate + movember prostate + cancer prostate psa + cancer prostate traitement,2017,2017-10-01,2017-12-31
2017-10-26,28,Movember,Movember + cancer prostate + movember prostate + cancer prostate psa + cancer prostate traitement,2017,2017-10-01,2017-12-31
2017-10-27,32,Movember,Movember + cancer prostate + movember prostate + cancer prostate psa + cancer prostate traitement,2017,2017-10-01,2017-12-31
2017-10-28,24,Movember,Movember + cancer prostate + movember prostate + cancer prostate psa + cancer prostate traitement,2017,2017-10-01,2017-12-31
2017-10-29,23,Movember,Movember + cancer prostate + movember prostate + cancer prostate psa + cancer prostate traitement,2017,2017-10-01,2017-12-31
2017-10-30,33,Movember,Movember + cancer prostate + movember prostate + cancer prostate psa + cancer prostate traitement,2017,2017-10-01,2017-12-31
2017-10-31,43,Movember,Movember + cancer prostate + movember prostate + cancer prostate psa + cancer prostate traitement,2017,2017-10-01,2017-12-31
2017-11-01,100,Movember,Movember + cancer prostate + movember prostate + cancer prostate psa + cancer prostate traitement,2017,2017-10-01,2017-12-31
2017-11-02,74,Movember,Movember + cancer prostate + movember prostate + cancer prostate psa + cancer prostate traitement,2017,2017-10-01,2017-12-31
2017-11-03,64,Movember,Movember + cancer prostate + movember prostate + cancer prostate psa + cancer prostate traitement,2017,2017-10-01,2017-12-31
2017-11-04,53,Movember,Movember + cancer prostate + movember prostate + cancer prostate psa + cancer prostate traitement,2017,2017-10-01,2017-12-31
2017-11-05,45,Movember,Movember + cancer prostate + movember prostate + cancer prostate psa + cancer prostate traitement,2017,2017-10-01,2017-12-31
2017-11-06,57,Movember,Movember + cancer prostate + movember prostate + cancer prostate psa + cancer prostate traitement,2017,2017-10-01,2017-12-31
2017-11-07,51,Movember,Movember + cancer prostate + movember prostate + cancer prostate psa + cancer prostate traitement,2017,2017-10-01,2017-12-31
2017-11-08,55,Movember,Movember + cancer prostate + movember prostate + cancer prostate psa + cancer prostate traitement,2017,2017-10-01,2017-12-31
2017-11-09,42,Movember,Movember + cancer prostate + movember prostate + cancer prostate psa + cancer prostate traitement,2017,2017-10-01,2017-12-31
2017-11-10,40,Movember,Movember + cancer prostate + movember prostate + cancer prostate psa + cancer prostate traitement,2017,2017-10-01,2017-12-31
2017-11-11,35,Movember,Movember + cancer prostate + movember prostate + cancer prostate psa + cancer prostate traitement,2017,2017-10-01,2017-12-31
2017-11-12,36,Movember,Movember + cancer prostate + movember prostate + cancer prostate psa + cancer prostate traitement,2017,2017-10-01,2017-12-31
2017-11-13,36,Movember,Movember + cancer prostate + movember prostate + cancer prostate psa + cancer prostate traitement,2017,2017-10-01,2017-12-31
2017-11-14,37,Movember,Movember + cancer prostate + movember prostate + cancer prostate psa + cancer prostate traitement,2017,2017-10-01,2017-12-31
2017-11-15,30,Movember,Movember + cancer prostate + movember prostate + cancer prostate psa + cancer prostate traitement,2017,2017-10-01,2017-12-31
2017-11-16,35,Movember,Movember + cancer prostate + movember prostate + cancer prostate psa + cancer prostate traitement,2017,2017-10-01,2017-12-31
2017-11-17,37,Movember,Movember + cancer prostate + movember prostate + cancer prostate psa + cancer prostate traitement,2017,2017-10-01,2017-12-31
2017-11-18,29,Movember,Movember + cancer prostate + movember prostate + cancer prostate psa + cancer prostate traitement,2017,2017-10-01,2017-12-31
2017-11-19,29,Movember,Movember + cancer prostate + movember prostate + cancer prostate psa + cancer prostate traitement,2017,2017-10-01,2017-12-31
2017-11-20,31,Movember,Movember + cancer prostate + movember prostate + cancer prostate psa + cancer prostate traitement,2017,2017-10-01,2017-12-31
2017-11-21,27,Movember,Movember + cancer prostate + movember prostate + cancer prostate psa + cancer prostate traitement,2017,2017-10-01,2017-12-31
2017-11-22,37,Movember,Movember + cancer prostate + movember prostate + cancer prostate psa + cancer prostate traitement,2017,2017-10-01,2017-12-31
2017-11-23,29,Movember,Movember + cancer prostate + movember prostate + cancer prostate psa + cancer prostate traitement,2017,2017-10-01,2017-12-31
2017-11-24,25,Movember,Movember + cancer prostate + movember prostate + cancer prostate psa + cancer prostate traitement,2017,2017-10-01,2017-12-31
2017-11-25,38,Movember,Movember + cancer prostate + movember prostate + cancer prostate psa + cancer prostate traitement,2017,2017-10-01,2017-12-31
2017-11-26,28,Movember,Movember + cancer prostate + movember prostate + cancer prostate psa + cancer prostate traitement,2017,2017-10-01,2017-12-31
2017-11-27,27,Movember,Movember + cancer prostate + movember prostate + cancer prostate psa + cancer prostate traitement,2017,2017-10-01,2017-12-31
2017-11-28,26,Movember,Movember + cancer prostate + movember prostate + cancer prostate psa + cancer prostate traitement,2017,2017-10-01,2017-12-31
2017-11-29,26,Movember,Movember + cancer prostate + movember prostate + cancer prostate psa + cancer prostate traitement,2017,2017-10-01,2017-12-31
2017-11-30,29,Movember,Movember + cancer prostate + movember prostate + cancer prostate psa + cancer prostate traitement,2017,2017-10-01,2017-12-31
2017-12-01,27,Movember,Movember + cancer prostate + movember prostate + cancer prostate psa + cancer prostate traitement,2017,2017-10-01,2017-12-31
2017-12-02,19,Movember,Movember + cancer prostate + movember prostate + cancer prostate psa + cancer prostate traitement,2017,2017-10-01,2017-12-31
2017-12-03,19,Movember,Movember + cancer prostate + movember prostate + cancer prostate psa + cancer prostate traitement,2017,2017-10-01,2017-12-31
2017-12-04,18,Movember,Movember + cancer prostate + movember prostate + cancer prostate psa + cancer prostate traitement,2017,2017-10-01,2017-12-31
2017-12-05,18,Movember,Movember + cancer prostate + movember prostate + cancer prostate psa + cancer prostate traitement,2017,2017-10-01,2017-12-31
2017-12-06,19,Movember,Movember + cancer prostate + movember prostate + cancer prostate psa + cancer prostate traitement,2017,2017-10-01,2017-12-31
2017-12-07,22,Movember,Movember + cancer prostate + movember prostate + cancer prostate psa + cancer prostate traitement,2017,2017-10-01,2017-12-31
2017-12-08,22,Movember,Movember + cancer prostate + movember prostate + cancer prostate psa + cancer prostate traitement,2017,2017-10-01,2017-12-31
2017-12-09,11,Movember,Movember + cancer prostate + movember prostate + cancer prostate psa + cancer prostate traitement,2017,2017-10-01,2017-12-31
2017-12-10,16,Movember,Movember + cancer prostate + movember prostate + cancer prostate psa + cancer prostate traitement,2017,2017-10-01,2017-12-31
2017-12-11,19,Movember,Movember + cancer prostate + movember prostate + cancer prostate psa + cancer prostate traitement,2017,2017-10-01,2017-12-31
2017-12-12,23,Movember,Movember + cancer prostate + movember prostate + cancer prostate psa + cancer prostate traitement,2017,2017-10-01,2017-12-31
2017-12-13,23,Movember,Movember + cancer prostate + movember prostate + cancer prostate psa + cancer prostate traitement,2017,2017-10-01,2017-12-31
2017-12-14,22,Movember,Movember + cancer prostate + movember prostate + cancer prostate psa + cancer prostate traitement,2017,2017-10-01,2017-12-31
2017-12-15,24,Movember,Movember + cancer prostate + movember prostate + cancer prostate psa + cancer prostate traitement,2017,2017-10-01,2017-12-31
2017-12-16,18,Movember,Movember + cancer prostate + movember prostate + cancer prostate psa + cancer prostate traitement,2017,2017-10-01,2017-12-31
2017-12-17,15,Movember,Movember + cancer prostate + movember prostate + cancer prostate psa + cancer prostate traitement,2017,2017-10-01,2017-12-31
2017-12-18,27,Movember,Movember + cancer prostate + movember prostate + cancer prostate psa + cancer prostate traitement,2017,2017-10-01,2017-12-31
2017-12-19,22,Movember,Movember + cancer prostate + movember prostate + cancer prostate psa + cancer prostate traitement,2017,2017-10-01,2017-12-31
2017-12-20,16,Movember,Movember + cancer prostate + movember prostate + cancer prostate psa + cancer prostate traitement,2017,2017-10-01,2017-12-31
2017-12-21,19,Movember,Movember + cancer prostate + movember prostate + cancer prostate psa + cancer prostate traitement,2017,2017-10-01,2017-12-31
2017-12-22,15,Movember,Movember + cancer prostate + movember prostate + cancer prostate psa + cancer prostate traitement,2017,2017-10-01,2017-12-31
2017-12-23,13,Movember,Movember + cancer prostate + movember prostate + cancer prostate psa + cancer prostate traitement,2017,2017-10-01,2017-12-31
2017-12-24,10,Movember,Movember + cancer prostate + movember prostate + cancer prostate psa + cancer prostate traitement,2017,2017-10-01,2017-12-31
2017-12-25,19,Movember,Movember + cancer prostate + movember prostate + cancer prostate psa + cancer prostate traitement,2017,2017-10-01,2017-12-31
2017-12-26,15,Movember,Movember + cancer prostate + movember prostate + cancer prostate psa + cancer prostate traitement,2017,2017-10-01,2017-12-31
2017-12-27,18,Movember,Movember + cancer prostate + movember prostate + cancer prostate psa + cancer prostate traitement,2017,2017-10-01,2017-12-31
2017-12-28,47,Movember,Movember + cancer prostate + movember prostate + cancer prostate psa + cancer prostate traitement,2017,2017-10-01,2017-12-31
2017-12-29,30,Movember,Movember + cancer prostate + movember prostate + cancer prostate psa + cancer prostate traitement,2017,2017-10-01,2017-12-31
2017-12-30,26,Movember,Movember + cancer prostate + movember prostate + cancer prostate psa + cancer prostate traitement,2017,2017-10-01,2017-12-31
2017-12-31,16,Movember,Movember + cancer prostate + movember prostate + cancer prostate psa + cancer prostate traitement,2017,2017-10-01,2017-12-31
2018-10-01,34,Movember,Movember + cancer prostate + movember prostate + cancer prostate psa + cancer prostate traitement,2018,2018-10-01,2018-12-31
2018-10-02,31,Movember,Movember + cancer prostate + movember prostate + cancer prostate psa + cancer prostate traitement,2018,2018-10-01,2018-12-31
2018-10-03,27,Movember,Movember + cancer prostate + movember prostate + cancer prostate psa + cancer prostate traitement,2018,2018-10-01,2018-12-31
2018-10-04,34,Movember,Movember + cancer prostate + movember prostate + cancer prostate psa + cancer prostate traitement,2018,2018-10-01,2018-12-31
2018-10-05,33,Movember,Movember + cancer prostate + movember prostate + cancer prostate psa + cancer prostate traitement,2018,2018-10-01,2018-12-31
2018-10-06,22,Movember,Movember + cancer prostate + movember prostate + cancer prostate psa + cancer prostate traitement,2018,2018-10-01,2018-12-31
2018-10-07,29,Movember,Movember + cancer prostate + movember prostate + cancer prostate psa + cancer prostate traitement,2018,2018-10-01,2018-12-31
2018-10-08,35,Movember,Movember + cancer prostate + movember prostate + cancer prostate psa + cancer prostate traitement,2018,2018-10-01,2018-12-31
2018-10-09,38,Movember,Movember + cancer prostate + movember prostate + cancer prostate psa + cancer prostate traitement,2018,2018-10-01,2018-12-31
2018-10-10,32,Movember,Movember + cancer prostate + movember prostate + cancer prostate psa + cancer prostate traitement,2018,2018-10-01,2018-12-31
2018-10-11,36,Movember,Movember + cancer prostate + movember prostate + cancer prostate psa + cancer prostate traitement,2018,2018-10-01,2018-12-31
2018-10-12,28,Movember,Movember + cancer prostate + movember prostate + cancer prostate psa + cancer prostate traitement,2018,2018-10-01,2018-12-31
2018-10-13,29,Movember,Movember + cancer prostate + movember prostate + cancer prostate psa + cancer prostate traitement,2018,2018-10-01,2018-12-31
2018-10-14,22,Movember,Movember + cancer prostate + movember prostate + cancer prostate psa + cancer prostate traitement,2018,2018-10-01,2018-12-31
2018-10-15,27,Movember,Movember + cancer prostate + movember prostate + cancer prostate psa + cancer prostate traitement,2018,2018-10-01,2018-12-31
2018-10-16,40,Movember,Movember + cancer prostate + movember prostate + cancer prostate psa + cancer prostate traitement,2018,2018-10-01,2018-12-31
2018-10-17,32,Movember,Movember + cancer prostate + movember prostate + cancer prostate psa + cancer prostate traitement,2018,2018-10-01,2018-12-31
2018-10-18,46,Movember,Movember + cancer prostate + movember prostate + cancer prostate psa + cancer prostate traitement,2018,2018-10-01,2018-12-31
2018-10-19,31,Movember,Movember + cancer prostate + movember prostate + cancer prostate psa + cancer prostate traitement,2018,2018-10-01,2018-12-31
2018-10-20,32,Movember,Movember + cancer prostate + movember prostate + cancer prostate psa + cancer prostate traitement,2018,2018-10-01,2018-12-31
2018-10-21,39,Movember,Movember + cancer prostate + movember prostate + cancer prostate psa + cancer prostate traitement,2018,2018-10-01,2018-12-31
2018-10-22,33,Movember,Movember + cancer prostate + movember prostate + cancer prostate psa + cancer prostate traitement,2018,2018-10-01,2018-12-31
2018-10-23,31,Movember,Movember + cancer prostate + movember prostate + cancer prostate psa + cancer prostate traitement,2018,2018-10-01,2018-12-31
2018-10-24,32,Movember,Movember + cancer prostate + movember prostate + cancer prostate psa + cancer prostate traitement,2018,2018-10-01,2018-12-31
2018-10-25,37,Movember,Movember + cancer prostate + movember prostate + cancer prostate psa + cancer prostate traitement,2018,2018-10-01,2018-12-31
2018-10-26,30,Movember,Movember + cancer prostate + movember prostate + cancer prostate psa + cancer prostate traitement,2018,2018-10-01,2018-12-31
2018-10-27,34,Movember,Movember + cancer prostate + movember prostate + cancer prostate psa + cancer prostate traitement,2018,2018-10-01,2018-12-31
2018-10-28,42,Movember,Movember + cancer prostate + movember prostate + cancer prostate psa + cancer prostate traitement,2018,2018-10-01,2018-12-31
2018-10-29,45,Movember,Movember + cancer prostate + movember prostate + cancer prostate psa + cancer prostate traitement,2018,2018-10-01,2018-12-31
2018-10-30,48,Movember,Movember + cancer prostate + movember prostate + cancer prostate psa + cancer prostate traitement,2018,2018-10-01,2018-12-31
2018-10-31,58,Movember,Movember + cancer prostate + movember prostate + cancer prostate psa + cancer prostate traitement,2018,2018-10-01,2018-12-31
2018-11-01,100,Movember,Movember + cancer prostate + movember prostate + cancer prostate psa + cancer prostate traitement,2018,2018-10-01,2018-12-31
2018-11-02,87,Movember,Movember + cancer prostate + movember prostate + cancer prostate psa + cancer prostate traitement,2018,2018-10-01,2018-12-31
2018-11-03,64,Movember,Movember + cancer prostate + movember prostate + cancer prostate psa + cancer prostate traitement,2018,2018-10-01,2018-12-31
2018-11-04,65,Movember,Movember + cancer prostate + movember prostate + cancer prostate psa + cancer prostate traitement,2018,2018-10-01,2018-12-31
2018-11-05,77,Movember,Movember + cancer prostate + movember prostate + cancer prostate psa + cancer prostate traitement,2018,2018-10-01,2018-12-31
2018-11-06,68,Movember,Movember + cancer prostate + movember prostate + cancer prostate psa + cancer prostate traitement,2018,2018-10-01,2018-12-31
2018-11-07,69,Movember,Movember + cancer prostate + movember prostate + cancer prostate psa + cancer prostate traitement,2018,2018-10-01,2018-12-31
2018-11-08,62,Movember,Movember + cancer prostate + movember prostate + cancer prostate psa + cancer prostate traitement,2018,2018-10-01,2018-12-31
2018-11-09,52,Movember,Movember + cancer prostate + movember prostate + cancer prostate psa + cancer prostate traitement,2018,2018-10-01,2018-12-31
2018-11-10,62,Movember,Movember + cancer prostate + movember prostate + cancer prostate psa + cancer prostate traitement,2018,2018-10-01,2018-12-31
2018-11-11,47,Movember,Movember + cancer prostate + movember prostate + cancer prostate psa + cancer prostate traitement,2018,2018-10-01,2018-12-31
2018-11-12,56,Movember,Movember + cancer prostate + movember prostate + cancer prostate psa + cancer prostate traitement,2018,2018-10-01,2018-12-31
2018-11-13,52,Movember,Movember + cancer prostate + movember prostate + cancer prostate psa + cancer prostate traitement,2018,2018-10-01,2018-12-31
2018-11-14,52,Movember,Movember + cancer prostate + movember prostate + cancer prostate psa + cancer prostate traitement,2018,2018-10-01,2018-12-31
2018-11-15,47,Movember,Movember + cancer prostate + movember prostate + cancer prostate psa + cancer prostate traitement,2018,2018-10-01,2018-12-31
2018-11-16,39,Movember,Movember + cancer prostate + movember prostate + cancer prostate psa + cancer prostate traitement,2018,2018-10-01,2018-12-31
2018-11-17,39,Movember,Movember + cancer prostate + movember prostate + cancer prostate psa + cancer prostate traitement,2018,2018-10-01,2018-12-31
2018-11-18,38,Movember,Movember + cancer prostate + movember prostate + cancer prostate psa + cancer prostate traitement,2018,2018-10-01,2018-12-31
2018-11-19,35,Movember,Movember + cancer prostate + movember prostate + cancer prostate psa + cancer prostate traitement,2018,2018-10-01,2018-12-31
2018-11-20,39,Movember,Movember + cancer prostate + movember prostate + cancer prostate psa + cancer prostate traitement,2018,2018-10-01,2018-12-31
2018-11-21,32,Movember,Movember + cancer prostate + movember prostate + cancer prostate psa + cancer prostate traitement,2018,2018-10-01,2018-12-31
2018-11-22,43,Movember,Movember + cancer prostate + movember prostate + cancer prostate psa + cancer prostate traitement,2018,2018-10-01,2018-12-31
2018-11-23,35,Movember,Movember + cancer prostate + movember prostate + cancer prostate psa + cancer prostate traitement,2018,2018-10-01,2018-12-31
2018-11-24,31,Movember,Movember + cancer prostate + movember prostate + cancer prostate psa + cancer prostate traitement,2018,2018-10-01,2018-12-31
2018-11-25,27,Movember,Movember + cancer prostate + movember prostate + cancer prostate psa + cancer prostate traitement,2018,2018-10-01,2018-12-31
2018-11-26,37,Movember,Movember + cancer prostate + movember prostate + cancer prostate psa + cancer prostate traitement,2018,2018-10-01,2018-12-31
2018-11-27,31,Movember,Movember + cancer prostate + movember prostate + cancer prostate psa + cancer prostate traitement,2018,2018-10-01,2018-12-31
2018-11-28,28,Movember,Movember + cancer prostate + movember prostate + cancer prostate psa + cancer prostate traitement,2018,2018-10-01,2018-12-31
2018-11-29,32,Movember,Movember + cancer prostate + movember prostate + cancer prostate psa + cancer prostate traitement,2018,2018-10-01,2018-12-31
2018-11-30,31,Movember,Movember + cancer prostate + movember prostate + cancer prostate psa + cancer prostate traitement,2018,2018-10-01,2018-12-31
2018-12-01,24,Movember,Movember + cancer prostate + movember prostate + cancer prostate psa + cancer prostate traitement,2018,2018-10-01,2018-12-31
2018-12-02,18,Movember,Movember + cancer prostate + movember prostate + cancer prostate psa + cancer prostate traitement,2018,2018-10-01,2018-12-31
2018-12-03,24,Movember,Movember + cancer prostate + movember prostate + cancer prostate psa + cancer prostate traitement,2018,2018-10-01,2018-12-31
2018-12-04,24,Movember,Movember + cancer prostate + movember prostate + cancer prostate psa + cancer prostate traitement,2018,2018-10-01,2018-12-31
2018-12-05,27,Movember,Movember + cancer prostate + movember prostate + cancer prostate psa + cancer prostate traitement,2018,2018-10-01,2018-12-31
2018-12-06,22,Movember,Movember + cancer prostate + movember prostate + cancer prostate psa + cancer prostate traitement,2018,2018-10-01,2018-12-31
2018-12-07,25,Movember,Movember + cancer prostate + movember prostate + cancer prostate psa + cancer prostate traitement,2018,2018-10-01,2018-12-31
2018-12-08,18,Movember,Movember + cancer prostate + movember prostate + cancer prostate psa + cancer prostate traitement,2018,2018-10-01,2018-12-31
2018-12-09,22,Movember,Movember + cancer prostate + movember prostate + cancer prostate psa + cancer prostate traitement,2018,2018-10-01,2018-12-31
2018-12-10,23,Movember,Movember + cancer prostate + movember prostate + cancer prostate psa + cancer prostate traitement,2018,2018-10-01,2018-12-31
2018-12-11,26,Movember,Movember + cancer prostate + movember prostate + cancer prostate psa + cancer prostate traitement,2018,2018-10-01,2018-12-31
2018-12-12,33,Movember,Movember + cancer prostate + movember prostate + cancer prostate psa + cancer prostate traitement,2018,2018-10-01,2018-12-31
2018-12-13,21,Movember,Movember + cancer prostate + movember prostate + cancer prostate psa + cancer prostate traitement,2018,2018-10-01,2018-12-31
2018-12-14,24,Movember,Movember + cancer prostate + movember prostate + cancer prostate psa + cancer prostate traitement,2018,2018-10-01,2018-12-31
2018-12-15,17,Movember,Movember + cancer prostate + movember prostate + cancer prostate psa + cancer prostate traitement,2018,2018-10-01,2018-12-31
2018-12-16,23,Movember,Movember + cancer prostate + movember prostate + cancer prostate psa + cancer prostate traitement,2018,2018-10-01,2018-12-31
2018-12-17,20,Movember,Movember + cancer prostate + movember prostate + cancer prostate psa + cancer prostate traitement,2018,2018-10-01,2018-12-31
2018-12-18,26,Movember,Movember + cancer prostate + movember prostate + cancer prostate psa + cancer prostate traitement,2018,2018-10-01,2018-12-31
2018-12-19,22,Movember,Movember + cancer prostate + movember prostate + cancer prostate psa + cancer prostate traitement,2018,2018-10-01,2018-12-31
2018-12-20,21,Movember,Movember + cancer prostate + movember prostate + cancer prostate psa + cancer prostate traitement,2018,2018-10-01,2018-12-31
2018-12-21,27,Movember,Movember + cancer prostate + movember prostate + cancer prostate psa + cancer prostate traitement,2018,2018-10-01,2018-12-31
2018-12-22,11,Movember,Movember + cancer prostate + movember prostate + cancer prostate psa + cancer prostate traitement,2018,2018-10-01,2018-12-31
2018-12-23,25,Movember,Movember + cancer prostate + movember prostate + cancer prostate psa + cancer prostate traitement,2018,2018-10-01,2018-12-31
2018-12-24,22,Movember,Movember + cancer prostate + movember prostate + cancer prostate psa + cancer prostate traitement,2018,2018-10-01,2018-12-31
2018-12-25,19,Movember,Movember + cancer prostate + movember prostate + cancer prostate psa + cancer prostate traitement,2018,2018-10-01,2018-12-31
2018-12-26,25,Movember,Movember + cancer prostate + movember prostate + cancer prostate psa + cancer prostate traitement,2018,2018-10-01,2018-12-31
2018-12-27,20,Movember,Movember + cancer prostate + movember prostate + cancer prostate psa + cancer prostate traitement,2018,2018-10-01,2018-12-31
2018-12-28,24,Movember,Movember + cancer prostate + movember prostate + cancer prostate psa + cancer prostate traitement,2018,2018-10-01,2018-12-31
2018-12-29,18,Movember,Movember + cancer prostate + movember prostate + cancer prostate psa + cancer prostate traitement,2018,2018-10-01,2018-12-31
2018-12-30,19,Movember,Movember + cancer prostate + movember prostate + cancer prostate psa + cancer prostate traitement,2018,2018-10-01,2018-12-31
2018-12-31,13,Movember,Movember + cancer prostate + movember prostate + cancer prostate psa + cancer prostate traitement,2018,2018-10-01,2018-12-31
2019-10-01,25,Movember,Movember + cancer prostate + movember prostate + cancer prostate psa + cancer prostate traitement,2019,2019-10-01,2019-12-31
2019-10-02,24,Movember,Movember + cancer prostate + movember prostate + cancer prostate psa + cancer prostate traitement,2019,2019-10-01,2019-12-31
2019-10-03,26,Movember,Movember + cancer prostate + movember prostate + cancer prostate psa + cancer prostate traitement,2019,2019-10-01,2019-12-31
2019-10-04,27,Movember,Movember + cancer prostate + movember prostate + cancer prostate psa + cancer prostate traitement,2019,2019-10-01,2019-12-31
2019-10-05,19,Movember,Movember + cancer prostate + movember prostate + cancer prostate psa + cancer prostate traitement,2019,2019-10-01,2019-12-31
2019-10-06,19,Movember,Movember + cancer prostate + movember prostate + cancer prostate psa + cancer prostate traitement,2019,2019-10-01,2019-12-31
2019-10-07,21,Movember,Movember + cancer prostate + movember prostate + cancer prostate psa + cancer prostate traitement,2019,2019-10-01,2019-12-31
2019-10-08,31,Movember,Movember + cancer prostate + movember prostate + cancer prostate psa + cancer prostate traitement,2019,2019-10-01,2019-12-31
2019-10-09,31,Movember,Movember + cancer prostate + movember prostate + cancer prostate psa + cancer prostate traitement,2019,2019-10-01,2019-12-31
2019-10-10,25,Movember,Movember + cancer prostate + movember prostate + cancer prostate psa + cancer prostate traitement,2019,2019-10-01,2019-12-31
2019-10-11,28,Movember,Movember + cancer prostate + movember prostate + cancer prostate psa + cancer prostate traitement,2019,2019-10-01,2019-12-31
2019-10-12,21,Movember,Movember + cancer prostate + movember prostate + cancer prostate psa + cancer prostate traitement,2019,2019-10-01,2019-12-31
2019-10-13,25,Movember,Movember + cancer prostate + movember prostate + cancer prostate psa + cancer prostate traitement,2019,2019-10-01,2019-12-31
2019-10-14,23,Movember,Movember + cancer prostate + movember prostate + cancer prostate psa + cancer prostate traitement,2019,2019-10-01,2019-12-31
2019-10-15,21,Movember,Movember + cancer prostate + movember prostate + cancer prostate psa + cancer prostate traitement,2019,2019-10-01,2019-12-31
2019-10-16,27,Movember,Movember + cancer prostate + movember prostate + cancer prostate psa + cancer prostate traitement,2019,2019-10-01,2019-12-31
2019-10-17,29,Movember,Movember + cancer prostate + movember prostate + cancer prostate psa + cancer prostate traitement,2019,2019-10-01,2019-12-31
2019-10-18,30,Movember,Movember + cancer prostate + movember prostate + cancer prostate psa + cancer prostate traitement,2019,2019-10-01,2019-12-31
2019-10-19,37,Movember,Movember + cancer prostate + movember prostate + cancer prostate psa + cancer prostate traitement,2019,2019-10-01,2019-12-31
2019-10-20,23,Movember,Movember + cancer prostate + movember prostate + cancer prostate psa + cancer prostate traitement,2019,2019-10-01,2019-12-31
2019-10-21,38,Movember,Movember + cancer prostate + movember prostate + cancer prostate psa + cancer prostate traitement,2019,2019-10-01,2019-12-31
2019-10-22,28,Movember,Movember + cancer prostate + movember prostate + cancer prostate psa + cancer prostate traitement,2019,2019-10-01,2019-12-31
2019-10-23,29,Movember,Movember + cancer prostate + movember prostate + cancer prostate psa + cancer prostate traitement,2019,2019-10-01,2019-12-31
2019-10-24,33,Movember,Movember + cancer prostate + movember prostate + cancer prostate psa + cancer prostate traitement,2019,2019-10-01,2019-12-31
2019-10-25,29,Movember,Movember + cancer prostate + movember prostate + cancer prostate psa + cancer prostate traitement,2019,2019-10-01,2019-12-31
2019-10-26,31,Movember,Movember + cancer prostate + movember prostate + cancer prostate psa + cancer prostate traitement,2019,2019-10-01,2019-12-31
2019-10-27,27,Movember,Movember + cancer prostate + movember prostate + cancer prostate psa + cancer prostate traitement,2019,2019-10-01,2019-12-31
2019-10-28,39,Movember,Movember + cancer prostate + movember prostate + cancer prostate psa + cancer prostate traitement,2019,2019-10-01,2019-12-31
2019-10-29,29,Movember,Movember + cancer prostate + movember prostate + cancer prostate psa + cancer prostate traitement,2019,2019-10-01,2019-12-31
2019-10-30,41,Movember,Movember + cancer prostate + movember prostate + cancer prostate psa + cancer prostate traitement,2019,2019-10-01,2019-12-31
2019-10-31,55,Movember,Movember + cancer prostate + movember prostate + cancer prostate psa + cancer prostate traitement,2019,2019-10-01,2019-12-31
2019-11-01,100,Movember,Movember + cancer prostate + movember prostate + cancer prostate psa + cancer prostate traitement,2019,2019-10-01,2019-12-31
2019-11-02,65,Movember,Movember + cancer prostate + movember prostate + cancer prostate psa + cancer prostate traitement,2019,2019-10-01,2019-12-31
2019-11-03,66,Movember,Movember + cancer prostate + movember prostate + cancer prostate psa + cancer prostate traitement,2019,2019-10-01,2019-12-31
2019-11-04,75,Movember,Movember + cancer prostate + movember prostate + cancer prostate psa + cancer prostate traitement,2019,2019-10-01,2019-12-31
2019-11-05,72,Movember,Movember + cancer prostate + movember prostate + cancer prostate psa + cancer prostate traitement,2019,2019-10-01,2019-12-31
2019-11-06,67,Movember,Movember + cancer prostate + movember prostate + cancer prostate psa + cancer prostate traitement,2019,2019-10-01,2019-12-31
2019-11-07,57,Movember,Movember + cancer prostate + movember prostate + cancer prostate psa + cancer prostate traitement,2019,2019-10-01,2019-12-31
2019-11-08,55,Movember,Movember + cancer prostate + movember prostate + cancer prostate psa + cancer prostate traitement,2019,2019-10-01,2019-12-31
2019-11-09,47,Movember,Movember + cancer prostate + movember prostate + cancer prostate psa + cancer prostate traitement,2019,2019-10-01,2019-12-31
2019-11-10,68,Movember,Movember + cancer prostate + movember prostate + cancer prostate psa + cancer prostate traitement,2019,2019-10-01,2019-12-31
2019-11-11,49,Movember,Movember + cancer prostate + movember prostate + cancer prostate psa + cancer prostate traitement,2019,2019-10-01,2019-12-31
2019-11-12,46,Movember,Movember + cancer prostate + movember prostate + cancer prostate psa + cancer prostate traitement,2019,2019-10-01,2019-12-31
2019-11-13,52,Movember,Movember + cancer prostate + movember prostate + cancer prostate psa + cancer prostate traitement,2019,2019-10-01,2019-12-31
2019-11-14,42,Movember,Movember + cancer prostate + movember prostate + cancer prostate psa + cancer prostate traitement,2019,2019-10-01,2019-12-31
2019-11-15,38,Movember,Movember + cancer prostate + movember prostate + cancer prostate psa + cancer prostate traitement,2019,2019-10-01,2019-12-31
2019-11-16,31,Movember,Movember + cancer prostate + movember prostate + cancer prostate psa + cancer prostate traitement,2019,2019-10-01,2019-12-31
2019-11-17,37,Movember,Movember + cancer prostate + movember prostate + cancer prostate psa + cancer prostate traitement,2019,2019-10-01,2019-12-31
2019-11-18,40,Movember,Movember + cancer prostate + movember prostate + cancer prostate psa + cancer prostate traitement,2019,2019-10-01,2019-12-31
2019-11-19,42,Movember,Movember + cancer prostate + movember prostate + cancer prostate psa + cancer prostate traitement,2019,2019-10-01,2019-12-31
2019-11-20,37,Movember,Movember + cancer prostate + movember prostate + cancer prostate psa + cancer prostate traitement,2019,2019-10-01,2019-12-31
2019-11-21,32,Movember,Movember + cancer prostate + movember prostate + cancer prostate psa + cancer prostate traitement,2019,2019-10-01,2019-12-31
2019-11-22,33,Movember,Movember + cancer prostate + movember prostate + cancer prostate psa + cancer prostate traitement,2019,2019-10-01,2019-12-31
2019-11-23,25,Movember,Movember + cancer prostate + movember prostate + cancer prostate psa + cancer prostate traitement,2019,2019-10-01,2019-12-31
2019-11-24,28,Movember,Movember + cancer prostate + movember prostate + cancer prostate psa + cancer prostate traitement,2019,2019-10-01,2019-12-31
2019-11-25,31,Movember,Movember + cancer prostate + movember prostate + cancer prostate psa + cancer prostate traitement,2019,2019-10-01,2019-12-31
2019-11-26,37,Movember,Movember + cancer prostate + movember prostate + cancer prostate psa + cancer prostate traitement,2019,2019-10-01,2019-12-31
2019-11-27,35,Movember,Movember + cancer prostate + movember prostate + cancer prostate psa + cancer prostate traitement,2019,2019-10-01,2019-12-31
2019-11-28,29,Movember,Movember + cancer prostate + movember prostate + cancer prostate psa + cancer prostate traitement,2019,2019-10-01,2019-12-31
2019-11-29,26,Movember,Movember + cancer prostate + movember prostate + cancer prostate psa + cancer prostate traitement,2019,2019-10-01,2019-12-31
2019-11-30,34,Movember,Movember + cancer prostate + movember prostate + cancer prostate psa + cancer prostate traitement,2019,2019-10-01,2019-12-31
2019-12-01,27,Movember,Movember + cancer prostate + movember prostate + cancer prostate psa + cancer prostate traitement,2019,2019-10-01,2019-12-31
2019-12-02,21,Movember,Movember + cancer prostate + movember prostate + cancer prostate psa + cancer prostate traitement,2019,2019-10-01,2019-12-31
2019-12-03,26,Movember,Movember + cancer prostate + movember prostate + cancer prostate psa + cancer prostate traitement,2019,2019-10-01,2019-12-31
2019-12-04,21,Movember,Movember + cancer prostate + movember prostate + cancer prostate psa + cancer prostate traitement,2019,2019-10-01,2019-12-31
2019-12-05,22,Movember,Movember + cancer prostate + movember prostate + cancer prostate psa + cancer prostate traitement,2019,2019-10-01,2019-12-31
2019-12-06,25,Movember,Movember + cancer prostate + movember prostate + cancer prostate psa + cancer prostate traitement,2019,2019-10-01,2019-12-31
2019-12-07,20,Movember,Movember + cancer prostate + movember prostate + cancer prostate psa + cancer prostate traitement,2019,2019-10-01,2019-12-31
2019-12-08,22,Movember,Movember + cancer prostate + movember prostate + cancer prostate psa + cancer prostate traitement,2019,2019-10-01,2019-12-31
2019-12-09,22,Movember,Movember + cancer prostate + movember prostate + cancer prostate psa + cancer prostate traitement,2019,2019-10-01,2019-12-31
2019-12-10,22,Movember,Movember + cancer prostate + movember prostate + cancer prostate psa + cancer prostate traitement,2019,2019-10-01,2019-12-31
2019-12-11,21,Movember,Movember + cancer prostate + movember prostate + cancer prostate psa + cancer prostate traitement,2019,2019-10-01,2019-12-31
2019-12-12,25,Movember,Movember + cancer prostate + movember prostate + cancer prostate psa + cancer prostate traitement,2019,2019-10-01,2019-12-31
2019-12-13,23,Movember,Movember + cancer prostate + movember prostate + cancer prostate psa + cancer prostate traitement,2019,2019-10-01,2019-12-31
2019-12-14,11,Movember,Movember + cancer prostate + movember prostate + cancer prostate psa + cancer prostate traitement,2019,2019-10-01,2019-12-31
2019-12-15,15,Movember,Movember + cancer prostate + movember prostate + cancer prostate psa + cancer prostate traitement,2019,2019-10-01,2019-12-31
2019-12-16,22,Movember,Movember + cancer prostate + movember prostate + cancer prostate psa + cancer prostate traitement,2019,2019-10-01,2019-12-31
2019-12-17,20,Movember,Movember + cancer prostate + movember prostate + cancer prostate psa + cancer prostate traitement,2019,2019-10-01,2019-12-31
2019-12-18,23,Movember,Movember + cancer prostate + movember prostate + cancer prostate psa + cancer prostate traitement,2019,2019-10-01,2019-12-31
2019-12-19,23,Movember,Movember + cancer prostate + movember prostate + cancer prostate psa + cancer prostate traitement,2019,2019-10-01,2019-12-31
2019-12-20,26,Movember,Movember + cancer prostate + movember prostate + cancer prostate psa + cancer prostate traitement,2019,2019-10-01,2019-12-31
2019-12-21,21,Movember,Movember + cancer prostate + movember prostate + cancer prostate psa + cancer prostate traitement,2019,2019-10-01,2019-12-31
2019-12-22,20,Movember,Movember + cancer prostate + movember prostate + cancer prostate psa + cancer prostate traitement,2019,2019-10-01,2019-12-31
2019-12-23,14,Movember,Movember + cancer prostate + movember prostate + cancer prostate psa + cancer prostate traitement,2019,2019-10-01,2019-12-31
2019-12-24,16,Movember,Movember + cancer prostate + movember prostate + cancer prostate psa + cancer prostate traitement,2019,2019-10-01,2019-12-31
2019-12-25,13,Movember,Movember + cancer prostate + movember prostate + cancer prostate psa + cancer prostate traitement,2019,2019-10-01,2019-12-31
2019-12-26,17,Movember,Movember + cancer prostate + movember prostate + cancer prostate psa + cancer prostate traitement,2019,2019-10-01,2019-12-31
2019-12-27,18,Movember,Movember + cancer prostate + movember prostate + cancer prostate psa + cancer prostate traitement,2019,2019-10-01,2019-12-31
2019-12-28,17,Movember,Movember + cancer prostate + movember prostate + cancer prostate psa + cancer prostate traitement,2019,2019-10-01,2019-12-31
2019-12-29,17,Movember,Movember + cancer prostate + movember prostate + cancer prostate psa + cancer prostate traitement,2019,2019-10-01,2019-12-31
2019-12-30,21,Movember,Movember + cancer prostate + movember prostate + cancer prostate psa + cancer prostate traitement,2019,2019-10-01,2019-12-31
2019-12-31,21,Movember,Movember + cancer prostate + movember prostate + cancer prostate psa + cancer prostate traitement,2019,2019-10-01,2019-12-31
2020-10-01,27,Movember,Movember + cancer prostate + movember prostate + cancer prostate psa + cancer prostate traitement,2020,2020-10-01,2020-12-31
2020-10-02,26,Movember,Movember + cancer prostate + movember prostate + cancer prostate psa + cancer prostate traitement,2020,2020-10-01,2020-12-31
2020-10-03,18,Movember,Movember + cancer prostate + movember prostate + cancer prostate psa + cancer prostate traitement,2020,2020-10-01,2020-12-31
2020-10-04,25,Movember,Movember + cancer prostate + movember prostate + cancer prostate psa + cancer prostate traitement,2020,2020-10-01,2020-12-31
2020-10-05,16,Movember,Movember + cancer prostate + movember prostate + cancer prostate psa + cancer prostate traitement,2020,2020-10-01,2020-12-31
2020-10-06,21,Movember,Movember + cancer prostate + movember prostate + cancer prostate psa + cancer prostate traitement,2020,2020-10-01,2020-12-31
2020-10-07,22,Movember,Movember + cancer prostate + movember prostate + cancer prostate psa + cancer prostate traitement,2020,2020-10-01,2020-12-31
2020-10-08,26,Movember,Movember + cancer prostate + movember prostate + cancer prostate psa + cancer prostate traitement,2020,2020-10-01,2020-12-31
2020-10-09,16,Movember,Movember + cancer prostate + movember prostate + cancer prostate psa + cancer prostate traitement,2020,2020-10-01,2020-12-31
2020-10-10,23,Movember,Movember + cancer prostate + movember prostate + cancer prostate psa + cancer prostate traitement,2020,2020-10-01,2020-12-31
2020-10-11,17,Movember,Movember + cancer prostate + movember prostate + cancer prostate psa + cancer prostate traitement,2020,2020-10-01,2020-12-31
2020-10-12,29,Movember,Movember + cancer prostate + movember prostate + cancer prostate psa + cancer prostate traitement,2020,2020-10-01,2020-12-31
2020-10-13,25,Movember,Movember + cancer prostate + movember prostate + cancer prostate psa + cancer prostate traitement,2020,2020-10-01,2020-12-31
2020-10-14,18,Movember,Movember + cancer prostate + movember prostate + cancer prostate psa + cancer prostate traitement,2020,2020-10-01,2020-12-31
2020-10-15,26,Movember,Movember + cancer prostate + movember prostate + cancer prostate psa + cancer prostate traitement,2020,2020-10-01,2020-12-31
2020-10-16,20,Movember,Movember + cancer prostate + movember prostate + cancer prostate psa + cancer prostate traitement,2020,2020-10-01,2020-12-31
2020-10-17,17,Movember,Movember + cancer prostate + movember prostate + cancer prostate psa + cancer prostate traitement,2020,2020-10-01,2020-12-31
2020-10-18,19,Movember,Movember + cancer prostate + movember prostate + cancer prostate psa + cancer prostate traitement,2020,2020-10-01,2020-12-31
2020-10-19,21,Movember,Movember + cancer prostate + movember prostate + cancer prostate psa + cancer prostate traitement,2020,2020-10-01,2020-12-31
2020-10-20,29,Movember,Movember + cancer prostate + movember prostate + cancer prostate psa + cancer prostate traitement,2020,2020-10-01,2020-12-31
2020-10-21,23,Movember,Movember + cancer prostate + movember prostate + cancer prostate psa + cancer prostate traitement,2020,2020-10-01,2020-12-31
2020-10-22,28,Movember,Movember + cancer prostate + movember prostate + cancer prostate psa + cancer prostate traitement,2020,2020-10-01,2020-12-31
2020-10-23,28,Movember,Movember + cancer prostate + movember prostate + cancer prostate psa + cancer prostate traitement,2020,2020-10-01,2020-12-31
2020-10-24,19,Movember,Movember + cancer prostate + movember prostate + cancer prostate psa + cancer prostate traitement,2020,2020-10-01,2020-12-31
2020-10-25,23,Movember,Movember + cancer prostate + movember prostate + cancer prostate psa + cancer prostate traitement,2020,2020-10-01,2020-12-31
2020-10-26,27,Movember,Movember + cancer prostate + movember prostate + cancer prostate psa + cancer prostate traitement,2020,2020-10-01,2020-12-31
2020-10-27,23,Movember,Movember + cancer prostate + movember prostate + cancer prostate psa + cancer prostate traitement,2020,2020-10-01,2020-12-31
2020-10-28,23,Movember,Movember + cancer prostate + movember prostate + cancer prostate psa + cancer prostate traitement,2020,2020-10-01,2020-12-31
2020-10-29,24,Movember,Movember + cancer prostate + movember prostate + cancer prostate psa + cancer prostate traitement,2020,2020-10-01,2020-12-31
2020-10-30,28,Movember,Movember + cancer prostate + movember prostate + cancer prostate psa + cancer prostate traitement,2020,2020-10-01,2020-12-31
2020-10-31,45,Movember,Movember + cancer prostate + movember prostate + cancer prostate psa + cancer prostate traitement,2020,2020-10-01,2020-12-31
2020-11-01,100,Movember,Movember + cancer prostate + movember prostate + cancer prostate psa + cancer prostate traitement,2020,2020-10-01,2020-12-31
2020-11-02,75,Movember,Movember + cancer prostate + movember prostate + cancer prostate psa + cancer prostate traitement,2020,2020-10-01,2020-12-31
2020-11-03,71,Movember,Movember + cancer prostate + movember prostate + cancer prostate psa + cancer prostate traitement,2020,2020-10-01,2020-12-31
2020-11-04,49,Movember,Movember + cancer prostate + movember prostate + cancer prostate psa + cancer prostate traitement,2020,2020-10-01,2020-12-31
2020-11-05,45,Movember,Movember + cancer prostate + movember prostate + cancer prostate psa + cancer prostate traitement,2020,2020-10-01,2020-12-31
2020-11-06,51,Movember,Movember + cancer prostate + movember prostate + cancer prostate psa + cancer prostate traitement,2020,2020-10-01,2020-12-31
2020-11-07,44,Movember,Movember + cancer prostate + movember prostate + cancer prostate psa + cancer prostate traitement,2020,2020-10-01,2020-12-31
2020-11-08,45,Movember,Movember + cancer prostate + movember prostate + cancer prostate psa + cancer prostate traitement,2020,2020-10-01,2020-12-31
2020-11-09,43,Movember,Movember + cancer prostate + movember prostate + cancer prostate psa + cancer prostate traitement,2020,2020-10-01,2020-12-31
2020-11-10,40,Movember,Movember + cancer prostate + movember prostate + cancer prostate psa + cancer prostate traitement,2020,2020-10-01,2020-12-31
2020-11-11,40,Movember,Movember + cancer prostate + movember prostate + cancer prostate psa + cancer prostate traitement,2020,2020-10-01,2020-12-31
2020-11-12,44,Movember,Movember + cancer prostate + movember prostate + cancer prostate psa + cancer prostate traitement,2020,2020-10-01,2020-12-31
2020-11-13,38,Movember,Movember + cancer prostate + movember prostate + cancer prostate psa + cancer prostate traitement,2020,2020-10-01,2020-12-31
2020-11-14,31,Movember,Movember + cancer prostate + movember prostate + cancer prostate psa + cancer prostate traitement,2020,2020-10-01,2020-12-31
2020-11-15,32,Movember,Movember + cancer prostate + movember prostate + cancer prostate psa + cancer prostate traitement,2020,2020-10-01,2020-12-31
2020-11-16,34,Movember,Movember + cancer prostate + movember prostate + cancer prostate psa + cancer prostate traitement,2020,2020-10-01,2020-12-31
2020-11-17,35,Movember,Movember + cancer prostate + movember prostate + cancer prostate psa + cancer prostate traitement,2020,2020-10-01,2020-12-31
2020-11-18,28,Movember,Movember + cancer prostate + movember prostate + cancer prostate psa + cancer prostate traitement,2020,2020-10-01,2020-12-31
2020-11-19,35,Movember,Movember + cancer prostate + movember prostate + cancer prostate psa + cancer prostate traitement,2020,2020-10-01,2020-12-31
2020-11-20,34,Movember,Movember + cancer prostate + movember prostate + cancer prostate psa + cancer prostate traitement,2020,2020-10-01,2020-12-31
2020-11-21,32,Movember,Movember + cancer prostate + movember prostate + cancer prostate psa + cancer prostate traitement,2020,2020-10-01,2020-12-31
2020-11-22,31,Movember,Movember + cancer prostate + movember prostate + cancer prostate psa + cancer prostate traitement,2020,2020-10-01,2020-12-31
2020-11-23,27,Movember,Movember + cancer prostate + movember prostate + cancer prostate psa + cancer prostate traitement,2020,2020-10-01,2020-12-31
2020-11-24,29,Movember,Movember + cancer prostate + movember prostate + cancer prostate psa + cancer prostate traitement,2020,2020-10-01,2020-12-31
2020-11-25,22,Movember,Movember + cancer prostate + movember prostate + cancer prostate psa + cancer prostate traitement,2020,2020-10-01,2020-12-31
2020-11-26,22,Movember,Movember + cancer prostate + movember prostate + cancer prostate psa + cancer prostate traitement,2020,2020-10-01,2020-12-31
2020-11-27,23,Movember,Movember + cancer prostate + movember prostate + cancer prostate psa + cancer prostate traitement,2020,2020-10-01,2020-12-31
2020-11-28,17,Movember,Movember + cancer prostate + movember prostate + cancer prostate psa + cancer prostate traitement,2020,2020-10-01,2020-12-31
2020-11-29,14,Movember,Movember + cancer prostate + movember prostate + cancer prostate psa + cancer prostate traitement,2020,2020-10-01,2020-12-31
2020-11-30,31,Movember,Movember + cancer prostate + movember prostate + cancer prostate psa + cancer prostate traitement,2020,2020-10-01,2020-12-31
2020-12-01,22,Movember,Movember + cancer prostate + movember prostate + cancer prostate psa + cancer prostate traitement,2020,2020-10-01,2020-12-31
2020-12-02,21,Movember,Movember + cancer prostate + movember prostate + cancer prostate psa + cancer prostate traitement,2020,2020-10-01,2020-12-31
2020-12-03,18,Movember,Movember + cancer prostate + movember prostate + cancer prostate psa + cancer prostate traitement,2020,2020-10-01,2020-12-31
2020-12-04,19,Movember,Movember + cancer prostate + movember prostate + cancer prostate psa + cancer prostate traitement,2020,2020-10-01,2020-12-31
2020-12-05,19,Movember,Movember + cancer prostate + movember prostate + cancer prostate psa + cancer prostate traitement,2020,2020-10-01,2020-12-31
2020-12-06,14,Movember,Movember + cancer prostate + movember prostate + cancer prostate psa + cancer prostate traitement,2020,2020-10-01,2020-12-31
2020-12-07,22,Movember,Movember + cancer prostate + movember prostate + cancer prostate psa + cancer prostate traitement,2020,2020-10-01,2020-12-31
2020-12-08,25,Movember,Movember + cancer prostate + movember prostate + cancer prostate psa + cancer prostate traitement,2020,2020-10-01,2020-12-31
2020-12-09,17,Movember,Movember + cancer prostate + movember prostate + cancer prostate psa + cancer prostate traitement,2020,2020-10-01,2020-12-31
2020-12-10,18,Movember,Movember + cancer prostate + movember prostate + cancer prostate psa + cancer prostate traitement,2020,2020-10-01,2020-12-31
2020-12-11,16,Movember,Movember + cancer prostate + movember prostate + cancer prostate psa + cancer prostate traitement,2020,2020-10-01,2020-12-31
2020-12-12,15,Movember,Movember + cancer prostate + movember prostate + cancer prostate psa + cancer prostate traitement,2020,2020-10-01,2020-12-31
2020-12-13,18,Movember,Movember + cancer prostate + movember prostate + cancer prostate psa + cancer prostate traitement,2020,2020-10-01,2020-12-31
2020-12-14,18,Movember,Movember + cancer prostate + movember prostate + cancer prostate psa + cancer prostate traitement,2020,2020-10-01,2020-12-31
2020-12-15,21,Movember,Movember + cancer prostate + movember prostate + cancer prostate psa + cancer prostate traitement,2020,2020-10-01,2020-12-31
2020-12-16,29,Movember,Movember + cancer prostate + movember prostate + cancer prostate psa + cancer prostate traitement,2020,2020-10-01,2020-12-31
2020-12-17,23,Movember,Movember + cancer prostate + movember prostate + cancer prostate psa + cancer prostate traitement,2020,2020-10-01,2020-12-31
2020-12-18,23,Movember,Movember + cancer prostate + movember prostate + cancer prostate psa + cancer prostate traitement,2020,2020-10-01,2020-12-31
2020-12-19,21,Movember,Movember + cancer prostate + movember prostate + cancer prostate psa + cancer prostate traitement,2020,2020-10-01,2020-12-31
2020-12-20,19,Movember,Movember + cancer prostate + movember prostate + cancer prostate psa + cancer prostate traitement,2020,2020-10-01,2020-12-31
2020-12-21,19,Movember,Movember + cancer prostate + movember prostate + cancer prostate psa + cancer prostate traitement,2020,2020-10-01,2020-12-31
2020-12-22,18,Movember,Movember + cancer prostate + movember prostate + cancer prostate psa + cancer prostate traitement,2020,2020-10-01,2020-12-31
2020-12-23,19,Movember,Movember + cancer prostate + movember prostate + cancer prostate psa + cancer prostate traitement,2020,2020-10-01,2020-12-31
2020-12-24,20,Movember,Movember + cancer prostate + movember prostate + cancer prostate psa + cancer prostate traitement,2020,2020-10-01,2020-12-31
2020-12-25,16,Movember,Movember + cancer prostate + movember prostate + cancer prostate psa + cancer prostate traitement,2020,2020-10-01,2020-12-31
2020-12-26,17,Movember,Movember + cancer prostate + movember prostate + cancer prostate psa + cancer prostate traitement,2020,2020-10-01,2020-12-31
2020-12-27,21,Movember,Movember + cancer prostate + movember prostate + cancer prostate psa + cancer prostate traitement,2020,2020-10-01,2020-12-31
2020-12-28,14,Movember,Movember + cancer prostate + movember prostate + cancer prostate psa + cancer prostate traitement,2020,2020-10-01,2020-12-31
2020-12-29,19,Movember,Movember + cancer prostate + movember prostate + cancer prostate psa + cancer prostate traitement,2020,2020-10-01,2020-12-31
2020-12-30,19,Movember,Movember + cancer prostate + movember prostate + cancer prostate psa + cancer prostate traitement,2020,2020-10-01,2020-12-31
2020-12-31,11,Movember,Movember + cancer prostate + movember prostate + cancer prostate psa + cancer prostate traitement,2020,2020-10-01,2020-12-31
2021-10-01,26,Movember,Movember + cancer prostate + movember prostate + cancer prostate psa + cancer prostate traitement,2021,2021-10-01,2021-12-31
2021-10-02,20,Movember,Movember + cancer prostate + movember prostate + cancer prostate psa + cancer prostate traitement,2021,2021-10-01,2021-12-31
2021-10-03,20,Movember,Movember + cancer prostate + movember prostate + cancer prostate psa + cancer prostate traitement,2021,2021-10-01,2021-12-31
2021-10-04,20,Movember,Movember + cancer prostate + movember prostate + cancer prostate psa + cancer prostate traitement,2021,2021-10-01,2021-12-31
2021-10-05,26,Movember,Movember + cancer prostate + movember prostate + cancer prostate psa + cancer prostate traitement,2021,2021-10-01,2021-12-31
2021-10-06,25,Movember,Movember + cancer prostate + movember prostate + cancer prostate psa + cancer prostate traitement,2021,2021-10-01,2021-12-31
2021-10-07,24,Movember,Movember + cancer prostate + movember prostate + cancer prostate psa + cancer prostate traitement,2021,2021-10-01,2021-12-31
2021-10-08,30,Movember,Movember + cancer prostate + movember prostate + cancer prostate psa + cancer prostate traitement,2021,2021-10-01,2021-12-31
2021-10-09,17,Movember,Movember + cancer prostate + movember prostate + cancer prostate psa + cancer prostate traitement,2021,2021-10-01,2021-12-31
2021-10-10,23,Movember,Movember + cancer prostate + movember prostate + cancer prostate psa + cancer prostate traitement,2021,2021-10-01,2021-12-31
2021-10-11,20,Movember,Movember + cancer prostate + movember prostate + cancer prostate psa + cancer prostate traitement,2021,2021-10-01,2021-12-31
2021-10-12,26,Movember,Movember + cancer prostate + movember prostate + cancer prostate psa + cancer prostate traitement,2021,2021-10-01,2021-12-31
2021-10-13,30,Movember,Movember + cancer prostate + movember prostate + cancer prostate psa + cancer prostate traitement,2021,2021-10-01,2021-12-31
2021-10-14,21,Movember,Movember + cancer prostate + movember prostate + cancer prostate psa + cancer prostate traitement,2021,2021-10-01,2021-12-31
2021-10-15,23,Movember,Movember + cancer prostate + movember prostate + cancer prostate psa + cancer prostate traitement,2021,2021-10-01,2021-12-31
2021-10-16,22,Movember,Movember + cancer prostate + movember prostate + cancer prostate psa + cancer prostate traitement,2021,2021-10-01,2021-12-31
2021-10-17,20,Movember,Movember + cancer prostate + movember prostate + cancer prostate psa + cancer prostate traitement,2021,2021-10-01,2021-12-31
2021-10-18,25,Movember,Movember + cancer prostate + movember prostate + cancer prostate psa + cancer prostate traitement,2021,2021-10-01,2021-12-31
2021-10-19,27,Movember,Movember + cancer prostate + movember prostate + cancer prostate psa + cancer prostate traitement,2021,2021-10-01,2021-12-31
2021-10-20,27,Movember,Movember + cancer prostate + movember prostate + cancer prostate psa + cancer prostate traitement,2021,2021-10-01,2021-12-31
2021-10-21,27,Movember,Movember + cancer prostate + movember prostate + cancer prostate psa + cancer prostate traitement,2021,2021-10-01,2021-12-31
2021-10-22,30,Movember,Movember + cancer prostate + movember prostate + cancer prostate psa + cancer prostate traitement,2021,2021-10-01,2021-12-31
2021-10-23,28,Movember,Movember + cancer prostate + movember prostate + cancer prostate psa + cancer prostate traitement,2021,2021-10-01,2021-12-31
2021-10-24,25,Movember,Movember + cancer prostate + movember prostate + cancer prostate psa + cancer prostate traitement,2021,2021-10-01,2021-12-31
2021-10-25,48,Movember,Movember + cancer prostate + movember prostate + cancer prostate psa + cancer prostate traitement,2021,2021-10-01,2021-12-31
2021-10-26,39,Movember,Movember + cancer prostate + movember prostate + cancer prostate psa + cancer prostate traitement,2021,2021-10-01,2021-12-31
2021-10-27,31,Movember,Movember + cancer prostate + movember prostate + cancer prostate psa + cancer prostate traitement,2021,2021-10-01,2021-12-31
2021-10-28,40,Movember,Movember + cancer prostate + movember prostate + cancer prostate psa + cancer prostate traitement,2021,2021-10-01,2021-12-31
2021-10-29,32,Movember,Movember + cancer prostate + movember prostate + cancer prostate psa + cancer prostate traitement,2021,2021-10-01,2021-12-31
2021-10-30,28,Movember,Movember + cancer prostate + movember prostate + cancer prostate psa + cancer prostate traitement,2021,2021-10-01,2021-12-31
2021-10-31,47,Movember,Movember + cancer prostate + movember prostate + cancer prostate psa + cancer prostate traitement,2021,2021-10-01,2021-12-31
2021-11-01,100,Movember,Movember + cancer prostate + movember prostate + cancer prostate psa + cancer prostate traitement,2021,2021-10-01,2021-12-31
2021-11-02,88,Movember,Movember + cancer prostate + movember prostate + cancer prostate psa + cancer prostate traitement,2021,2021-10-01,2021-12-31
2021-11-03,65,Movember,Movember + cancer prostate + movember prostate + cancer prostate psa + cancer prostate traitement,2021,2021-10-01,2021-12-31
2021-11-04,65,Movember,Movember + cancer prostate + movember prostate + cancer prostate psa + cancer prostate traitement,2021,2021-10-01,2021-12-31
2021-11-05,48,Movember,Movember + cancer prostate + movember prostate + cancer prostate psa + cancer prostate traitement,2021,2021-10-01,2021-12-31
2021-11-06,52,Movember,Movember + cancer prostate + movember prostate + cancer prostate psa + cancer prostate traitement,2021,2021-10-01,2021-12-31
2021-11-07,46,Movember,Movember + cancer prostate + movember prostate + cancer prostate psa + cancer prostate traitement,2021,2021-10-01,2021-12-31
2021-11-08,43,Movember,Movember + cancer prostate + movember prostate + cancer prostate psa + cancer prostate traitement,2021,2021-10-01,2021-12-31
2021-11-09,43,Movember,Movember + cancer prostate + movember prostate + cancer prostate psa + cancer prostate traitement,2021,2021-10-01,2021-12-31
2021-11-10,35,Movember,Movember + cancer prostate + movember prostate + cancer prostate psa + cancer prostate traitement,2021,2021-10-01,2021-12-31
2021-11-11,46,Movember,Movember + cancer prostate + movember prostate + cancer prostate psa + cancer prostate traitement,2021,2021-10-01,2021-12-31
2021-11-12,33,Movember,Movember + cancer prostate + movember prostate + cancer prostate psa + cancer prostate traitement,2021,2021-10-01,2021-12-31
2021-11-13,41,Movember,Movember + cancer prostate + movember prostate + cancer prostate psa + cancer prostate traitement,2021,2021-10-01,2021-12-31
2021-11-14,33,Movember,Movember + cancer prostate + movember prostate + cancer prostate psa + cancer prostate traitement,2021,2021-10-01,2021-12-31
2021-11-15,32,Movember,Movember + cancer prostate + movember prostate + cancer prostate psa + cancer prostate traitement,2021,2021-10-01,2021-12-31
2021-11-16,34,Movember,Movember + cancer prostate + movember prostate + cancer prostate psa + cancer prostate traitement,2021,2021-10-01,2021-12-31
2021-11-17,30,Movember,Movember + cancer prostate + movember prostate + cancer prostate psa + cancer prostate traitement,2021,2021-10-01,2021-12-31
2021-11-18,35,Movember,Movember + cancer prostate + movember prostate + cancer prostate psa + cancer prostate traitement,2021,2021-10-01,2021-12-31
2021-11-19,30,Movember,Movember + cancer prostate + movember prostate + cancer prostate psa + cancer prostate traitement,2021,2021-10-01,2021-12-31
2021-11-20,36,Movember,Movember + cancer prostate + movember prostate + cancer prostate psa + cancer prostate traitement,2021,2021-10-01,2021-12-31
2021-11-21,31,Movember,Movember + cancer prostate + movember prostate + cancer prostate psa + cancer prostate traitement,2021,2021-10-01,2021-12-31
2021-11-22,48,Movember,Movember + cancer prostate + movember prostate + cancer prostate psa + cancer prostate traitement,2021,2021-10-01,2021-12-31
2021-11-23,50,Movember,Movember + cancer prostate + movember prostate + cancer prostate psa + cancer prostate traitement,2021,2021-10-01,2021-12-31
2021-11-24,39,Movember,Movember + cancer prostate + movember prostate + cancer prostate psa + cancer prostate traitement,2021,2021-10-01,2021-12-31
2021-11-25,33,Movember,Movember + cancer prostate + movember prostate + cancer prostate psa + cancer prostate traitement,2021,2021-10-01,2021-12-31
2021-11-26,26,Movember,Movember + cancer prostate + movember prostate + cancer prostate psa + cancer prostate traitement,2021,2021-10-01,2021-12-31
2021-11-27,29,Movember,Movember + cancer prostate + movember prostate + cancer prostate psa + cancer prostate traitement,2021,2021-10-01,2021-12-31
2021-11-28,30,Movember,Movember + cancer prostate + movember prostate + cancer prostate psa + cancer prostate traitement,2021,2021-10-01,2021-12-31
2021-11-29,31,Movember,Movember + cancer prostate + movember prostate + cancer prostate psa + cancer prostate traitement,2021,2021-10-01,2021-12-31
2021-11-30,31,Movember,Movember + cancer prostate + movember prostate + cancer prostate psa + cancer prostate traitement,2021,2021-10-01,2021-12-31
2021-12-01,19,Movember,Movember + cancer prostate + movember prostate + cancer prostate psa + cancer prostate traitement,2021,2021-10-01,2021-12-31
2021-12-02,28,Movember,Movember + cancer prostate + movember prostate + cancer prostate psa + cancer prostate traitement,2021,2021-10-01,2021-12-31
2021-12-03,23,Movember,Movember + cancer prostate + movember prostate + cancer prostate psa + cancer prostate traitement,2021,2021-10-01,2021-12-31
2021-12-04,20,Movember,Movember + cancer prostate + movember prostate + cancer prostate psa + cancer prostate traitement,2021,2021-10-01,2021-12-31
2021-12-05,19,Movember,Movember + cancer prostate + movember prostate + cancer prostate psa + cancer prostate traitement,2021,2021-10-01,2021-12-31
2021-12-06,22,Movember,Movember + cancer prostate + movember prostate + cancer prostate psa + cancer prostate traitement,2021,2021-10-01,2021-12-31
2021-12-07,25,Movember,Movember + cancer prostate + movember prostate + cancer prostate psa + cancer prostate traitement,2021,2021-10-01,2021-12-31
2021-12-08,19,Movember,Movember + cancer prostate + movember prostate + cancer prostate psa + cancer prostate traitement,2021,2021-10-01,2021-12-31
2021-12-09,45,Movember,Movember + cancer prostate + movember prostate + cancer prostate psa + cancer prostate traitement,2021,2021-10-01,2021-12-31
2021-12-10,23,Movember,Movember + cancer prostate + movember prostate + cancer prostate psa + cancer prostate traitement,2021,2021-10-01,2021-12-31
2021-12-11,17,Movember,Movember + cancer prostate + movember prostate + cancer prostate psa + cancer prostate traitement,2021,2021-10-01,2021-12-31
2021-12-12,19,Movember,Movember + cancer prostate + movember prostate + cancer prostate psa + cancer prostate traitement,2021,2021-10-01,2021-12-31
2021-12-13,27,Movember,Movember + cancer prostate + movember prostate + cancer prostate psa + cancer prostate traitement,2021,2021-10-01,2021-12-31
2021-12-14,21,Movember,Movember + cancer prostate + movember prostate + cancer prostate psa + cancer prostate traitement,2021,2021-10-01,2021-12-31
2021-12-15,18,Movember,Movember + cancer prostate + movember prostate + cancer prostate psa + cancer prostate traitement,2021,2021-10-01,2021-12-31
2021-12-16,23,Movember,Movember + cancer prostate + movember prostate + cancer prostate psa + cancer prostate traitement,2021,2021-10-01,2021-12-31
2021-12-17,21,Movember,Movember + cancer prostate + movember prostate + cancer prostate psa + cancer prostate traitement,2021,2021-10-01,2021-12-31
2021-12-18,19,Movember,Movember + cancer prostate + movember prostate + cancer prostate psa + cancer prostate traitement,2021,2021-10-01,2021-12-31
2021-12-19,21,Movember,Movember + cancer prostate + movember prostate + cancer prostate psa + cancer prostate traitement,2021,2021-10-01,2021-12-31
2021-12-20,14,Movember,Movember + cancer prostate + movember prostate + cancer prostate psa + cancer prostate traitement,2021,2021-10-01,2021-12-31
2021-12-21,18,Movember,Movember + cancer prostate + movember prostate + cancer prostate psa + cancer prostate traitement,2021,2021-10-01,2021-12-31
2021-12-22,35,Movember,Movember + cancer prostate + movember prostate + cancer prostate psa + cancer prostate traitement,2021,2021-10-01,2021-12-31
2021-12-23,16,Movember,Movember + cancer prostate + movember prostate + cancer prostate psa + cancer prostate traitement,2021,2021-10-01,2021-12-31
2021-12-24,18,Movember,Movember + cancer prostate + movember prostate + cancer prostate psa + cancer prostate traitement,2021,2021-10-01,2021-12-31
2021-12-25,19,Movember,Movember + cancer prostate + movember prostate + cancer prostate psa + cancer prostate traitement,2021,2021-10-01,2021-12-31
2021-12-26,17,Movember,Movember + cancer prostate + movember prostate + cancer prostate psa + cancer prostate traitement,2021,2021-10-01,2021-12-31
2021-12-27,16,Movember,Movember + cancer prostate + movember prostate + cancer prostate psa + cancer prostate traitement,2021,2021-10-01,2021-12-31
2021-12-28,16,Movember,Movember + cancer prostate + movember prostate + cancer prostate psa + cancer prostate traitement,2021,2021-10-01,2021-12-31
2021-12-29,15,Movember,Movember + cancer prostate + movember prostate + cancer prostate psa + cancer prostate traitement,2021,2021-10-01,2021-12-31
2021-12-30,25,Movember,Movember + cancer prostate + movember prostate + cancer prostate psa + cancer prostate traitement,2021,2021-10-01,2021-12-31
2021-12-31,8,Movember,Movember + cancer prostate + movember prostate + cancer prostate psa + cancer prostate traitement,2021,2021-10-01,2021-12-31
2022-10-01,25,Movember,Movember + cancer prostate + movember prostate + cancer prostate psa + cancer prostate traitement,2022,2022-10-01,2022-12-31
2022-10-02,26,Movember,Movember + cancer prostate + movember prostate + cancer prostate psa + cancer prostate traitement,2022,2022-10-01,2022-12-31
2022-10-03,31,Movember,Movember + cancer prostate + movember prostate + cancer prostate psa + cancer prostate traitement,2022,2022-10-01,2022-12-31
2022-10-04,24,Movember,Movember + cancer prostate + movember prostate + cancer prostate psa + cancer prostate traitement,2022,2022-10-01,2022-12-31
2022-10-05,29,Movember,Movember + cancer prostate + movember prostate + cancer prostate psa + cancer prostate traitement,2022,2022-10-01,2022-12-31
2022-10-06,30,Movember,Movember + cancer prostate + movember prostate + cancer prostate psa + cancer prostate traitement,2022,2022-10-01,2022-12-31
2022-10-07,23,Movember,Movember + cancer prostate + movember prostate + cancer prostate psa + cancer prostate traitement,2022,2022-10-01,2022-12-31
2022-10-08,26,Movember,Movember + cancer prostate + movember prostate + cancer prostate psa + cancer prostate traitement,2022,2022-10-01,2022-12-31
2022-10-09,27,Movember,Movember + cancer prostate + movember prostate + cancer prostate psa + cancer prostate traitement,2022,2022-10-01,2022-12-31
2022-10-10,29,Movember,Movember + cancer prostate + movember prostate + cancer prostate psa + cancer prostate traitement,2022,2022-10-01,2022-12-31
2022-10-11,31,Movember,Movember + cancer prostate + movember prostate + cancer prostate psa + cancer prostate traitement,2022,2022-10-01,2022-12-31
2022-10-12,29,Movember,Movember + cancer prostate + movember prostate + cancer prostate psa + cancer prostate traitement,2022,2022-10-01,2022-12-31
2022-10-13,28,Movember,Movember + cancer prostate + movember prostate + cancer prostate psa + cancer prostate traitement,2022,2022-10-01,2022-12-31
2022-10-14,26,Movember,Movember + cancer prostate + movember prostate + cancer prostate psa + cancer prostate traitement,2022,2022-10-01,2022-12-31
2022-10-15,20,Movember,Movember + cancer prostate + movember prostate + cancer prostate psa + cancer prostate traitement,2022,2022-10-01,2022-12-31
2022-10-16,22,Movember,Movember + cancer prostate + movember prostate + cancer prostate psa + cancer prostate traitement,2022,2022-10-01,2022-12-31
2022-10-17,26,Movember,Movember + cancer prostate + movember prostate + cancer prostate psa + cancer prostate traitement,2022,2022-10-01,2022-12-31
2022-10-18,33,Movember,Movember + cancer prostate + movember prostate + cancer prostate psa + cancer prostate traitement,2022,2022-10-01,2022-12-31
2022-10-19,23,Movember,Movember + cancer prostate + movember prostate + cancer prostate psa + cancer prostate traitement,2022,2022-10-01,2022-12-31
2022-10-20,32,Movember,Movember + cancer prostate + movember prostate + cancer prostate psa + cancer prostate traitement,2022,2022-10-01,2022-12-31
2022-10-21,30,Movember,Movember + cancer prostate + movember prostate + cancer prostate psa + cancer prostate traitement,2022,2022-10-01,2022-12-31
2022-10-22,25,Movember,Movember + cancer prostate + movember prostate + cancer prostate psa + cancer prostate traitement,2022,2022-10-01,2022-12-31
2022-10-23,23,Movember,Movember + cancer prostate + movember prostate + cancer prostate psa + cancer prostate traitement,2022,2022-10-01,2022-12-31
2022-10-24,31,Movember,Movember + cancer prostate + movember prostate + cancer prostate psa + cancer prostate traitement,2022,2022-10-01,2022-12-31
2022-10-25,36,Movember,Movember + cancer prostate + movember prostate + cancer prostate psa + cancer prostate traitement,2022,2022-10-01,2022-12-31
2022-10-26,28,Movember,Movember + cancer prostate + movember prostate + cancer prostate psa + cancer prostate traitement,2022,2022-10-01,2022-12-31
2022-10-27,34,Movember,Movember + cancer prostate + movember prostate + cancer prostate psa + cancer prostate traitement,2022,2022-10-01,2022-12-31
2022-10-28,37,Movember,Movember + cancer prostate + movember prostate + cancer prostate psa + cancer prostate traitement,2022,2022-10-01,2022-12-31
2022-10-29,30,Movember,Movember + cancer prostate + movember prostate + cancer prostate psa + cancer prostate traitement,2022,2022-10-01,2022-12-31
2022-10-30,32,Movember,Movember + cancer prostate + movember prostate + cancer prostate psa + cancer prostate traitement,2022,2022-10-01,2022-12-31
2022-10-31,46,Movember,Movember + cancer prostate + movember prostate + cancer prostate psa + cancer prostate traitement,2022,2022-10-01,2022-12-31
2022-11-01,100,Movember,Movember + cancer prostate + movember prostate + cancer prostate psa + cancer prostate traitement,2022,2022-10-01,2022-12-31
2022-11-02,94,Movember,Movember + cancer prostate + movember prostate + cancer prostate psa + cancer prostate traitement,2022,2022-10-01,2022-12-31
2022-11-03,70,Movember,Movember + cancer prostate + movember prostate + cancer prostate psa + cancer prostate traitement,2022,2022-10-01,2022-12-31
2022-11-04,56,Movember,Movember + cancer prostate + movember prostate + cancer prostate psa + cancer prostate traitement,2022,2022-10-01,2022-12-31
2022-11-05,64,Movember,Movember + cancer prostate + movember prostate + cancer prostate psa + cancer prostate traitement,2022,2022-10-01,2022-12-31
2022-11-06,57,Movember,Movember + cancer prostate + movember prostate + cancer prostate psa + cancer prostate traitement,2022,2022-10-01,2022-12-31
2022-11-07,54,Movember,Movember + cancer prostate + movember prostate + cancer prostate psa + cancer prostate traitement,2022,2022-10-01,2022-12-31
2022-11-08,51,Movember,Movember + cancer prostate + movember prostate + cancer prostate psa + cancer prostate traitement,2022,2022-10-01,2022-12-31
2022-11-09,52,Movember,Movember + cancer prostate + movember prostate + cancer prostate psa + cancer prostate traitement,2022,2022-10-01,2022-12-31
2022-11-10,63,Movember,Movember + cancer prostate + movember prostate + cancer prostate psa + cancer prostate traitement,2022,2022-10-01,2022-12-31
2022-11-11,40,Movember,Movember + cancer prostate + movember prostate + cancer prostate psa + cancer prostate traitement,2022,2022-10-01,2022-12-31
2022-11-12,47,Movember,Movember + cancer prostate + movember prostate + cancer prostate psa + cancer prostate traitement,2022,2022-10-01,2022-12-31
2022-11-13,37,Movember,Movember + cancer prostate + movember prostate + cancer prostate psa + cancer prostate traitement,2022,2022-10-01,2022-12-31
2022-11-14,43,Movember,Movember + cancer prostate + movember prostate + cancer prostate psa + cancer prostate traitement,2022,2022-10-01,2022-12-31
2022-11-15,39,Movember,Movember + cancer prostate + movember prostate + cancer prostate psa + cancer prostate traitement,2022,2022-10-01,2022-12-31
2022-11-16,29,Movember,Movember + cancer prostate + movember prostate + cancer prostate psa + cancer prostate traitement,2022,2022-10-01,2022-12-31
2022-11-17,35,Movember,Movember + cancer prostate + movember prostate + cancer prostate psa + cancer prostate traitement,2022,2022-10-01,2022-12-31
2022-11-18,36,Movember,Movember + cancer prostate + movember prostate + cancer prostate psa + cancer prostate traitement,2022,2022-10-01,2022-12-31
2022-11-19,30,Movember,Movember + cancer prostate + movember prostate + cancer prostate psa + cancer prostate traitement,2022,2022-10-01,2022-12-31
2022-11-20,26,Movember,Movember + cancer prostate + movember prostate + cancer prostate psa + cancer prostate traitement,2022,2022-10-01,2022-12-31
2022-11-21,31,Movember,Movember + cancer prostate + movember prostate + cancer prostate psa + cancer prostate traitement,2022,2022-10-01,2022-12-31
2022-11-22,36,Movember,Movember + cancer prostate + movember prostate + cancer prostate psa + cancer prostate traitement,2022,2022-10-01,2022-12-31
2022-11-23,29,Movember,Movember + cancer prostate + movember prostate + cancer prostate psa + cancer prostate traitement,2022,2022-10-01,2022-12-31
2022-11-24,29,Movember,Movember + cancer prostate + movember prostate + cancer prostate psa + cancer prostate traitement,2022,2022-10-01,2022-12-31
2022-11-25,27,Movember,Movember + cancer prostate + movember prostate + cancer prostate psa + cancer prostate traitement,2022,2022-10-01,2022-12-31
2022-11-26,28,Movember,Movember + cancer prostate + movember prostate + cancer prostate psa + cancer prostate traitement,2022,2022-10-01,2022-12-31
2022-11-27,25,Movember,Movember + cancer prostate + movember prostate + cancer prostate psa + cancer prostate traitement,2022,2022-10-01,2022-12-31
2022-11-28,24,Movember,Movember + cancer prostate + movember prostate + cancer prostate psa + cancer prostate traitement,2022,2022-10-01,2022-12-31
2022-11-29,28,Movember,Movember + cancer prostate + movember prostate + cancer prostate psa + cancer prostate traitement,2022,2022-10-01,2022-12-31
2022-11-30,26,Movember,Movember + cancer prostate + movember prostate + cancer prostate psa + cancer prostate traitement,2022,2022-10-01,2022-12-31
2022-12-01,23,Movember,Movember + cancer prostate + movember prostate + cancer prostate psa + cancer prostate traitement,2022,2022-10-01,2022-12-31
2022-12-02,22,Movember,Movember + cancer prostate + movember prostate + cancer prostate psa + cancer prostate traitement,2022,2022-10-01,2022-12-31
2022-12-03,18,Movember,Movember + cancer prostate + movember prostate + cancer prostate psa + cancer prostate traitement,2022,2022-10-01,2022-12-31
2022-12-04,19,Movember,Movember + cancer prostate + movember prostate + cancer prostate psa + cancer prostate traitement,2022,2022-10-01,2022-12-31
2022-12-05,23,Movember,Movember + cancer prostate + movember prostate + cancer prostate psa + cancer prostate traitement,2022,2022-10-01,2022-12-31
2022-12-06,14,Movember,Movember + cancer prostate + movember prostate + cancer prostate psa + cancer prostate traitement,2022,2022-10-01,2022-12-31
2022-12-07,21,Movember,Movember + cancer prostate + movember prostate + cancer prostate psa + cancer prostate traitement,2022,2022-10-01,2022-12-31
2022-12-08,22,Movember,Movember + cancer prostate + movember prostate + cancer prostate psa + cancer prostate traitement,2022,2022-10-01,2022-12-31
2022-12-09,22,Movember,Movember + cancer prostate + movember prostate + cancer prostate psa + cancer prostate traitement,2022,2022-10-01,2022-12-31
2022-12-10,12,Movember,Movember + cancer prostate + movember prostate + cancer prostate psa + cancer prostate traitement,2022,2022-10-01,2022-12-31
2022-12-11,16,Movember,Movember + cancer prostate + movember prostate + cancer prostate psa + cancer prostate traitement,2022,2022-10-01,2022-12-31
2022-12-12,20,Movember,Movember + cancer prostate + movember prostate + cancer prostate psa + cancer prostate traitement,2022,2022-10-01,2022-12-31
2022-12-13,15,Movember,Movember + cancer prostate + movember prostate + cancer prostate psa + cancer prostate traitement,2022,2022-10-01,2022-12-31
2022-12-14,18,Movember,Movember + cancer prostate + movember prostate + cancer prostate psa + cancer prostate traitement,2022,2022-10-01,2022-12-31
2022-12-15,20,Movember,Movember + cancer prostate + movember prostate + cancer prostate psa + cancer prostate traitement,2022,2022-10-01,2022-12-31
2022-12-16,22,Movember,Movember + cancer prostate + movember prostate + cancer prostate psa + cancer prostate traitement,2022,2022-10-01,2022-12-31
2022-12-17,13,Movember,Movember + cancer prostate + movember prostate + cancer prostate psa + cancer prostate traitement,2022,2022-10-01,2022-12-31
2022-12-18,16,Movember,Movember + cancer prostate + movember prostate + cancer prostate psa + cancer prostate traitement,2022,2022-10-01,2022-12-31
2022-12-19,18,Movember,Movember + cancer prostate + movember prostate + cancer prostate psa + cancer prostate traitement,2022,2022-10-01,2022-12-31
2022-12-20,17,Movember,Movember + cancer prostate + movember prostate + cancer prostate psa + cancer prostate traitement,2022,2022-10-01,2022-12-31
2022-12-21,17,Movember,Movember + cancer prostate + movember prostate + cancer prostate psa + cancer prostate traitement,2022,2022-10-01,2022-12-31
2022-12-22,19,Movember,Movember + cancer prostate + movember prostate + cancer prostate psa + cancer prostate traitement,2022,2022-10-01,2022-12-31
2022-12-23,15,Movember,Movember + cancer prostate + movember prostate + cancer prostate psa + cancer prostate traitement,2022,2022-10-01,2022-12-31
2022-12-24,13,Movember,Movember + cancer prostate + movember prostate + cancer prostate psa + cancer prostate traitement,2022,2022-10-01,2022-12-31
2022-12-25,20,Movember,Movember + cancer prostate + movember prostate + cancer prostate psa + cancer prostate traitement,2022,2022-10-01,2022-12-31
2022-12-26,12,Movember,Movember + cancer prostate + movember prostate + cancer prostate psa + cancer prostate traitement,2022,2022-10-01,2022-12-31
2022-12-27,14,Movember,Movember + cancer prostate + movember prostate + cancer prostate psa + cancer prostate traitement,2022,2022-10-01,2022-12-31
2022-12-28,19,Movember,Movember + cancer prostate + movember prostate + cancer prostate psa + cancer prostate traitement,2022,2022-10-01,2022-12-31
2022-12-29,20,Movember,Movember + cancer prostate + movember prostate + cancer prostate psa + cancer prostate traitement,2022,2022-10-01,2022-12-31
2022-12-30,15,Movember,Movember + cancer prostate + movember prostate + cancer prostate psa + cancer prostate traitement,2022,2022-10-01,2022-12-31
2022-12-31,19,Movember,Movember + cancer prostate + movember prostate + cancer prostate psa + cancer prostate traitement,2022,2022-10-01,2022-12-31
2023-10-01,25,Movember,Movember + cancer prostate + movember prostate + cancer prostate psa + cancer prostate traitement,2023,2023-10-01,2023-12-31
2023-10-02,32,Movember,Movember + cancer prostate + movember prostate + cancer prostate psa + cancer prostate traitement,2023,2023-10-01,2023-12-31
2023-10-03,29,Movember,Movember + cancer prostate + movember prostate + cancer prostate psa + cancer prostate traitement,2023,2023-10-01,2023-12-31
2023-10-04,28,Movember,Movember + cancer prostate + movember prostate + cancer prostate psa + cancer prostate traitement,2023,2023-10-01,2023-12-31
2023-10-05,30,Movember,Movember + cancer prostate + movember prostate + cancer prostate psa + cancer prostate traitement,2023,2023-10-01,2023-12-31
2023-10-06,25,Movember,Movember + cancer prostate + movember prostate + cancer prostate psa + cancer prostate traitement,2023,2023-10-01,2023-12-31
2023-10-07,21,Movember,Movember + cancer prostate + movember prostate + cancer prostate psa + cancer prostate traitement,2023,2023-10-01,2023-12-31
2023-10-08,26,Movember,Movember + cancer prostate + movember prostate + cancer prostate psa + cancer prostate traitement,2023,2023-10-01,2023-12-31
2023-10-09,27,Movember,Movember + cancer prostate + movember prostate + cancer prostate psa + cancer prostate traitement,2023,2023-10-01,2023-12-31
2023-10-10,25,Movember,Movember + cancer prostate + movember prostate + cancer prostate psa + cancer prostate traitement,2023,2023-10-01,2023-12-31
2023-10-11,28,Movember,Movember + cancer prostate + movember prostate + cancer prostate psa + cancer prostate traitement,2023,2023-10-01,2023-12-31
2023-10-12,31,Movember,Movember + cancer prostate + movember prostate + cancer prostate psa + cancer prostate traitement,2023,2023-10-01,2023-12-31
2023-10-13,26,Movember,Movember + cancer prostate + movember prostate + cancer prostate psa + cancer prostate traitement,2023,2023-10-01,2023-12-31
2023-10-14,23,Movember,Movember + cancer prostate + movember prostate + cancer prostate psa + cancer prostate traitement,2023,2023-10-01,2023-12-31
2023-10-15,23,Movember,Movember + cancer prostate + movember prostate + cancer prostate psa + cancer prostate traitement,2023,2023-10-01,2023-12-31
2023-10-16,24,Movember,Movember + cancer prostate + movember prostate + cancer prostate psa + cancer prostate traitement,2023,2023-10-01,2023-12-31
2023-10-17,35,Movember,Movember + cancer prostate + movember prostate + cancer prostate psa + cancer prostate traitement,2023,2023-10-01,2023-12-31
2023-10-18,39,Movember,Movember + cancer prostate + movember prostate + cancer prostate psa + cancer prostate traitement,2023,2023-10-01,2023-12-31
2023-10-19,38,Movember,Movember + cancer prostate + movember prostate + cancer prostate psa + cancer prostate traitement,2023,2023-10-01,2023-12-31
2023-10-20,37,Movember,Movember + cancer prostate + movember prostate + cancer prostate psa + cancer prostate traitement,2023,2023-10-01,2023-12-31
2023-10-21,23,Movember,Movember + cancer prostate + movember prostate + cancer prostate psa + cancer prostate traitement,2023,2023-10-01,2023-12-31
2023-10-22,27,Movember,Movember + cancer prostate + movember prostate + cancer prostate psa + cancer prostate traitement,2023,2023-10-01,2023-12-31
2023-10-23,38,Movember,Movember + cancer prostate + movember prostate + cancer prostate psa + cancer prostate traitement,2023,2023-10-01,2023-12-31
2023-10-24,34,Movember,Movember + cancer prostate + movember prostate + cancer prostate psa + cancer prostate traitement,2023,2023-10-01,2023-12-31
2023-10-25,36,Movember,Movember + cancer prostate + movember prostate + cancer prostate psa + cancer prostate traitement,2023,2023-10-01,2023-12-31
2023-10-26,32,Movember,Movember + cancer prostate + movember prostate + cancer prostate psa + cancer prostate traitement,2023,2023-10-01,2023-12-31
2023-10-27,39,Movember,Movember + cancer prostate + movember prostate + cancer prostate psa + cancer prostate traitement,2023,2023-10-01,2023-12-31
2023-10-28,27,Movember,Movember + cancer prostate + movember prostate + cancer prostate psa + cancer prostate traitement,2023,2023-10-01,2023-12-31
2023-10-29,33,Movember,Movember + cancer prostate + movember prostate + cancer prostate psa + cancer prostate traitement,2023,2023-10-01,2023-12-31
2023-10-30,46,Movember,Movember + cancer prostate + movember prostate + cancer prostate psa + cancer prostate traitement,2023,2023-10-01,2023-12-31
2023-10-31,57,Movember,Movember + cancer prostate + movember prostate + cancer prostate psa + cancer prostate traitement,2023,2023-10-01,2023-12-31
2023-11-01,100,Movember,Movember + cancer prostate + movember prostate + cancer prostate psa + cancer prostate traitement,2023,2023-10-01,2023-12-31
2023-11-02,93,Movember,Movember + cancer prostate + movember prostate + cancer prostate psa + cancer prostate traitement,2023,2023-10-01,2023-12-31
2023-11-03,85,Movember,Movember + cancer prostate + movember prostate + cancer prostate psa + cancer prostate traitement,2023,2023-10-01,2023-12-31
2023-11-04,64,Movember,Movember + cancer prostate + movember prostate + cancer prostate psa + cancer prostate traitement,2023,2023-10-01,2023-12-31
2023-11-05,61,Movember,Movember + cancer prostate + movember prostate + cancer prostate psa + cancer prostate traitement,2023,2023-10-01,2023-12-31
2023-11-06,69,Movember,Movember + cancer prostate + movember prostate + cancer prostate psa + cancer prostate traitement,2023,2023-10-01,2023-12-31
2023-11-07,71,Movember,Movember + cancer prostate + movember prostate + cancer prostate psa + cancer prostate traitement,2023,2023-10-01,2023-12-31
2023-11-08,56,Movember,Movember + cancer prostate + movember prostate + cancer prostate psa + cancer prostate traitement,2023,2023-10-01,2023-12-31
2023-11-09,57,Movember,Movember + cancer prostate + movember prostate + cancer prostate psa + cancer prostate traitement,2023,2023-10-01,2023-12-31
2023-11-10,52,Movember,Movember + cancer prostate + movember prostate + cancer prostate psa + cancer prostate traitement,2023,2023-10-01,2023-12-31
2023-11-11,39,Movember,Movember + cancer prostate + movember prostate + cancer prostate psa + cancer prostate traitement,2023,2023-10-01,2023-12-31
2023-11-12,41,Movember,Movember + cancer prostate + movember prostate + cancer prostate psa + cancer prostate traitement,2023,2023-10-01,2023-12-31
2023-11-13,48,Movember,Movember + cancer prostate + movember prostate + cancer prostate psa + cancer prostate traitement,2023,2023-10-01,2023-12-31
2023-11-14,48,Movember,Movember + cancer prostate + movember prostate + cancer prostate psa + cancer prostate traitement,2023,2023-10-01,2023-12-31
2023-11-15,44,Movember,Movember + cancer prostate + movember prostate + cancer prostate psa + cancer prostate traitement,2023,2023-10-01,2023-12-31
2023-11-16,48,Movember,Movember + cancer prostate + movember prostate + cancer prostate psa + cancer prostate traitement,2023,2023-10-01,2023-12-31
2023-11-17,38,Movember,Movember + cancer prostate + movember prostate + cancer prostate psa + cancer prostate traitement,2023,2023-10-01,2023-12-31
2023-11-18,32,Movember,Movember + cancer prostate + movember prostate + cancer prostate psa + cancer prostate traitement,2023,2023-10-01,2023-12-31
2023-11-19,29,Movember,Movember + cancer prostate + movember prostate + cancer prostate psa + cancer prostate traitement,2023,2023-10-01,2023-12-31
2023-11-20,35,Movember,Movember + cancer prostate + movember prostate + cancer prostate psa + cancer prostate traitement,2023,2023-10-01,2023-12-31
2023-11-21,40,Movember,Movember + cancer prostate + movember prostate + cancer prostate psa + cancer prostate traitement,2023,2023-10-01,2023-12-31
2023-11-22,37,Movember,Movember + cancer prostate + movember prostate + cancer prostate psa + cancer prostate traitement,2023,2023-10-01,2023-12-31
2023-11-23,39,Movember,Movember + cancer prostate + movember prostate + cancer prostate psa + cancer prostate traitement,2023,2023-10-01,2023-12-31
2023-11-24,31,Movember,Movember + cancer prostate + movember prostate + cancer prostate psa + cancer prostate traitement,2023,2023-10-01,2023-12-31
2023-11-25,28,Movember,Movember + cancer prostate + movember prostate + cancer prostate psa + cancer prostate traitement,2023,2023-10-01,2023-12-31
2023-11-26,27,Movember,Movember + cancer prostate + movember prostate + cancer prostate psa + cancer prostate traitement,2023,2023-10-01,2023-12-31
2023-11-27,29,Movember,Movember + cancer prostate + movember prostate + cancer prostate psa + cancer prostate traitement,2023,2023-10-01,2023-12-31
2023-11-28,31,Movember,Movember + cancer prostate + movember prostate + cancer prostate psa + cancer prostate traitement,2023,2023-10-01,2023-12-31
2023-11-29,23,Movember,Movember + cancer prostate + movember prostate + cancer prostate psa + cancer prostate traitement,2023,2023-10-01,2023-12-31
2023-11-30,32,Movember,Movember + cancer prostate + movember prostate + cancer prostate psa + cancer prostate traitement,2023,2023-10-01,2023-12-31
2023-12-01,27,Movember,Movember + cancer prostate + movember prostate + cancer prostate psa + cancer prostate traitement,2023,2023-10-01,2023-12-31
2023-12-02,19,Movember,Movember + cancer prostate + movember prostate + cancer prostate psa + cancer prostate traitement,2023,2023-10-01,2023-12-31
2023-12-03,26,Movember,Movember + cancer prostate + movember prostate + cancer prostate psa + cancer prostate traitement,2023,2023-10-01,2023-12-31
2023-12-04,21,Movember,Movember + cancer prostate + movember prostate + cancer prostate psa + cancer prostate traitement,2023,2023-10-01,2023-12-31
2023-12-05,26,Movember,Movember + cancer prostate + movember prostate + cancer prostate psa + cancer prostate traitement,2023,2023-10-01,2023-12-31
2023-12-06,25,Movember,Movember + cancer prostate + movember prostate + cancer prostate psa + cancer prostate traitement,2023,2023-10-01,2023-12-31
2023-12-07,18,Movember,Movember + cancer prostate + movember prostate + cancer prostate psa + cancer prostate traitement,2023,2023-10-01,2023-12-31
2023-12-08,20,Movember,Movember + cancer prostate + movember prostate + cancer prostate psa + cancer prostate traitement,2023,2023-10-01,2023-12-31
2023-12-09,18,Movember,Movember + cancer prostate + movember prostate + cancer prostate psa + cancer prostate traitement,2023,2023-10-01,2023-12-31
2023-12-10,21,Movember,Movember + cancer prostate + movember prostate + cancer prostate psa + cancer prostate traitement,2023,2023-10-01,2023-12-31
2023-12-11,22,Movember,Movember + cancer prostate + movember prostate + cancer prostate psa + cancer prostate traitement,2023,2023-10-01,2023-12-31
2023-12-12,23,Movember,Movember + cancer prostate + movember prostate + cancer prostate psa + cancer prostate traitement,2023,2023-10-01,2023-12-31
2023-12-13,18,Movember,Movember + cancer prostate + movember prostate + cancer prostate psa + cancer prostate traitement,2023,2023-10-01,2023-12-31
2023-12-14,27,Movember,Movember + cancer prostate + movember prostate + cancer prostate psa + cancer prostate traitement,2023,2023-10-01,2023-12-31
2023-12-15,19,Movember,Movember + cancer prostate + movember prostate + cancer prostate psa + cancer prostate traitement,2023,2023-10-01,2023-12-31
2023-12-16,14,Movember,Movember + cancer prostate + movember prostate + cancer prostate psa + cancer prostate traitement,2023,2023-10-01,2023-12-31
2023-12-17,12,Movember,Movember + cancer prostate + movember prostate + cancer prostate psa + cancer prostate traitement,2023,2023-10-01,2023-12-31
2023-12-18,24,Movember,Movember + cancer prostate + movember prostate + cancer prostate psa + cancer prostate traitement,2023,2023-10-01,2023-12-31
2023-12-19,29,Movember,Movember + cancer prostate + movember prostate + cancer prostate psa + cancer prostate traitement,2023,2023-10-01,2023-12-31
2023-12-20,18,Movember,Movember + cancer prostate + movember prostate + cancer prostate psa + cancer prostate traitement,2023,2023-10-01,2023-12-31
2023-12-21,21,Movember,Movember + cancer prostate + movember prostate + cancer prostate psa + cancer prostate traitement,2023,2023-10-01,2023-12-31
2023-12-22,17,Movember,Movember + cancer prostate + movember prostate + cancer prostate psa + cancer prostate traitement,2023,2023-10-01,2023-12-31
2023-12-23,20,Movember,Movember + cancer prostate + movember prostate + cancer prostate psa + cancer prostate traitement,2023,2023-10-01,2023-12-31
2023-12-24,15,Movember,Movember + cancer prostate + movember prostate + cancer prostate psa + cancer prostate traitement,2023,2023-10-01,2023-12-31
2023-12-25,20,Movember,Movember + cancer prostate + movember prostate + cancer prostate psa + cancer prostate traitement,2023,2023-10-01,2023-12-31
2023-12-26,15,Movember,Movember + cancer prostate + movember prostate + cancer prostate psa + cancer prostate traitement,2023,2023-10-01,2023-12-31
2023-12-27,15,Movember,Movember + cancer prostate + movember prostate + cancer prostate psa + cancer prostate traitement,2023,2023-10-01,2023-12-31
2023-12-28,22,Movember,Movember + cancer prostate + movember prostate + cancer prostate psa + cancer prostate traitement,2023,2023-10-01,2023-12-31
2023-12-29,22,Movember,Movember + cancer prostate + movember prostate + cancer prostate psa + cancer prostate traitement,2023,2023-10-01,2023-12-31
2023-12-30,18,Movember,Movember + cancer prostate + movember prostate + cancer prostate psa + cancer prostate traitement,2023,2023-10-01,2023-12-31
2023-12-31,13,Movember,Movember + cancer prostate + movember prostate + cancer prostate psa + cancer prostate traitement,2023,2023-10-01,2023-12-31
2024-10-01,35,Movember,Movember + cancer prostate + movember prostate + cancer prostate psa + cancer prostate traitement,2024,2024-10-01,2024-12-31
2024-10-02,31,Movember,Movember + cancer prostate + movember prostate + cancer prostate psa + cancer prostate traitement,2024,2024-10-01,2024-12-31
2024-10-03,33,Movember,Movember + cancer prostate + movember prostate + cancer prostate psa + cancer prostate traitement,2024,2024-10-01,2024-12-31
2024-10-04,33,Movember,Movember + cancer prostate + movember prostate + cancer prostate psa + cancer prostate traitement,2024,2024-10-01,2024-12-31
2024-10-05,20,Movember,Movember + cancer prostate + movember prostate + cancer prostate psa + cancer prostate traitement,2024,2024-10-01,2024-12-31
2024-10-06,24,Movember,Movember + cancer prostate + movember prostate + cancer prostate psa + cancer prostate traitement,2024,2024-10-01,2024-12-31
2024-10-07,32,Movember,Movember + cancer prostate + movember prostate + cancer prostate psa + cancer prostate traitement,2024,2024-10-01,2024-12-31
2024-10-08,24,Movember,Movember + cancer prostate + movember prostate + cancer prostate psa + cancer prostate traitement,2024,2024-10-01,2024-12-31
2024-10-09,27,Movember,Movember + cancer prostate + movember prostate + cancer prostate psa + cancer prostate traitement,2024,2024-10-01,2024-12-31
2024-10-10,32,Movember,Movember + cancer prostate + movember prostate + cancer prostate psa + cancer prostate traitement,2024,2024-10-01,2024-12-31
2024-10-11,32,Movember,Movember + cancer prostate + movember prostate + cancer prostate psa + cancer prostate traitement,2024,2024-10-01,2024-12-31
2024-10-12,27,Movember,Movember + cancer prostate + movember prostate + cancer prostate psa + cancer prostate traitement,2024,2024-10-01,2024-12-31
2024-10-13,25,Movember,Movember + cancer prostate + movember prostate + cancer prostate psa + cancer prostate traitement,2024,2024-10-01,2024-12-31
2024-10-14,34,Movember,Movember + cancer prostate + movember prostate + cancer prostate psa + cancer prostate traitement,2024,2024-10-01,2024-12-31
2024-10-15,34,Movember,Movember + cancer prostate + movember prostate + cancer prostate psa + cancer prostate traitement,2024,2024-10-01,2024-12-31
2024-10-16,36,Movember,Movember + cancer prostate + movember prostate + cancer prostate psa + cancer prostate traitement,2024,2024-10-01,2024-12-31
2024-10-17,37,Movember,Movember + cancer prostate + movember prostate + cancer prostate psa + cancer prostate traitement,2024,2024-10-01,2024-12-31
2024-10-18,38,Movember,Movember + cancer prostate + movember prostate + cancer prostate psa + cancer prostate traitement,2024,2024-10-01,2024-12-31
2024-10-19,26,Movember,Movember + cancer prostate + movember prostate + cancer prostate psa + cancer prostate traitement,2024,2024-10-01,2024-12-31
2024-10-20,32,Movember,Movember + cancer prostate + movember prostate + cancer prostate psa + cancer prostate traitement,2024,2024-10-01,2024-12-31
2024-10-21,39,Movember,Movember + cancer prostate + movember prostate + cancer prostate psa + cancer prostate traitement,2024,2024-10-01,2024-12-31
2024-10-22,43,Movember,Movember + cancer prostate + movember prostate + cancer prostate psa + cancer prostate traitement,2024,2024-10-01,2024-12-31
2024-10-23,33,Movember,Movember + cancer prostate + movember prostate + cancer prostate psa + cancer prostate traitement,2024,2024-10-01,2024-12-31
2024-10-24,35,Movember,Movember + cancer prostate + movember prostate + cancer prostate psa + cancer prostate traitement,2024,2024-10-01,2024-12-31
2024-10-25,34,Movember,Movember + cancer prostate + movember prostate + cancer prostate psa + cancer prostate traitement,2024,2024-10-01,2024-12-31
2024-10-26,25,Movember,Movember + cancer prostate + movember prostate + cancer prostate psa + cancer prostate traitement,2024,2024-10-01,2024-12-31
2024-10-27,29,Movember,Movember + cancer prostate + movember prostate + cancer prostate psa + cancer prostate traitement,2024,2024-10-01,2024-12-31
2024-10-28,41,Movember,Movember + cancer prostate + movember prostate + cancer prostate psa + cancer prostate traitement,2024,2024-10-01,2024-12-31
2024-10-29,45,Movember,Movember + cancer prostate + movember prostate + cancer prostate psa + cancer prostate traitement,2024,2024-10-01,2024-12-31
2024-10-30,48,Movember,Movember + cancer prostate + movember prostate + cancer prostate psa + cancer prostate traitement,2024,2024-10-01,2024-12-31
2024-10-31,66,Movember,Movember + cancer prostate + movember prostate + cancer prostate psa + cancer prostate traitement,2024,2024-10-01,2024-12-31
2024-11-01,90,Movember,Movember + cancer prostate + movember prostate + cancer prostate psa + cancer prostate traitement,2024,2024-10-01,2024-12-31
2024-11-02,75,Movember,Movember + cancer prostate + movember prostate + cancer prostate psa + cancer prostate traitement,2024,2024-10-01,2024-12-31
2024-11-03,69,Movember,Movember + cancer prostate + movember prostate + cancer prostate psa + cancer prostate traitement,2024,2024-10-01,2024-12-31
2024-11-04,100,Movember,Movember + cancer prostate + movember prostate + cancer prostate psa + cancer prostate traitement,2024,2024-10-01,2024-12-31
2024-11-05,84,Movember,Movember + cancer prostate + movember prostate + cancer prostate psa + cancer prostate traitement,2024,2024-10-01,2024-12-31
2024-11-06,60,Movember,Movember + cancer prostate + movember prostate + cancer prostate psa + cancer prostate traitement,2024,2024-10-01,2024-12-31
2024-11-07,58,Movember,Movember + cancer prostate + movember prostate + cancer prostate psa + cancer prostate traitement,2024,2024-10-01,2024-12-31
2024-11-08,55,Movember,Movember + cancer prostate + movember prostate + cancer prostate psa + cancer prostate traitement,2024,2024-10-01,2024-12-31
2024-11-09,51,Movember,Movember + cancer prostate + movember prostate + cancer prostate psa + cancer prostate traitement,2024,2024-10-01,2024-12-31
2024-11-10,36,Movember,Movember + cancer prostate + movember prostate + cancer prostate psa + cancer prostate traitement,2024,2024-10-01,2024-12-31
2024-11-11,37,Movember,Movember + cancer prostate + movember prostate + cancer prostate psa + cancer prostate traitement,2024,2024-10-01,2024-12-31
2024-11-12,52,Movember,Movember + cancer prostate + movember prostate + cancer prostate psa + cancer prostate traitement,2024,2024-10-01,2024-12-31
2024-11-13,45,Movember,Movember + cancer prostate + movember prostate + cancer prostate psa + cancer prostate traitement,2024,2024-10-01,2024-12-31
2024-11-14,43,Movember,Movember + cancer prostate + movember prostate + cancer prostate psa + cancer prostate traitement,2024,2024-10-01,2024-12-31
2024-11-15,35,Movember,Movember + cancer prostate + movember prostate + cancer prostate psa + cancer prostate traitement,2024,2024-10-01,2024-12-31
2024-11-16,35,Movember,Movember + cancer prostate + movember prostate + cancer prostate psa + cancer prostate traitement,2024,2024-10-01,2024-12-31
2024-11-17,32,Movember,Movember + cancer prostate + movember prostate + cancer prostate psa + cancer prostate traitement,2024,2024-10-01,2024-12-31
2024-11-18,38,Movember,Movember + cancer prostate + movember prostate + cancer prostate psa + cancer prostate traitement,2024,2024-10-01,2024-12-31
2024-11-19,46,Movember,Movember + cancer prostate + movember prostate + cancer prostate psa + cancer prostate traitement,2024,2024-10-01,2024-12-31
2024-11-20,33,Movember,Movember + cancer prostate + movember prostate + cancer prostate psa + cancer prostate traitement,2024,2024-10-01,2024-12-31
2024-11-21,38,Movember,Movember + cancer prostate + movember prostate + cancer prostate psa + cancer prostate traitement,2024,2024-10-01,2024-12-31
2024-11-22,32,Movember,Movember + cancer prostate + movember prostate + cancer prostate psa + cancer prostate traitement,2024,2024-10-01,2024-12-31
2024-11-23,25,Movember,Movember + cancer prostate + movember prostate + cancer prostate psa + cancer prostate traitement,2024,2024-10-01,2024-12-31
2024-11-24,23,Movember,Movember + cancer prostate + movember prostate + cancer prostate psa + cancer prostate traitement,2024,2024-10-01,2024-12-31
2024-11-25,30,Movember,Movember + cancer prostate + movember prostate + cancer prostate psa + cancer prostate traitement,2024,2024-10-01,2024-12-31
2024-11-26,31,Movember,Movember + cancer prostate + movember prostate + cancer prostate psa + cancer prostate traitement,2024,2024-10-01,2024-12-31
2024-11-27,36,Movember,Movember + cancer prostate + movember prostate + cancer prostate psa + cancer prostate traitement,2024,2024-10-01,2024-12-31
2024-11-28,34,Movember,Movember + cancer prostate + movember prostate + cancer prostate psa + cancer prostate traitement,2024,2024-10-01,2024-12-31
2024-11-29,32,Movember,Movember + cancer prostate + movember prostate + cancer prostate psa + cancer prostate traitement,2024,2024-10-01,2024-12-31
2024-11-30,29,Movember,Movember + cancer prostate + movember prostate + cancer prostate psa + cancer prostate traitement,2024,2024-10-01,2024-12-31
2024-12-01,20,Movember,Movember + cancer prostate + movember prostate + cancer prostate psa + cancer prostate traitement,2024,2024-10-01,2024-12-31
2024-12-02,23,Movember,Movember + cancer prostate + movember prostate + cancer prostate psa + cancer prostate traitement,2024,2024-10-01,2024-12-31
2024-12-03,27,Movember,Movember + cancer prostate + movember prostate + cancer prostate psa + cancer prostate traitement,2024,2024-10-01,2024-12-31
2024-12-04,26,Movember,Movember + cancer prostate + movember prostate + cancer prostate psa + cancer prostate traitement,2024,2024-10-01,2024-12-31
2024-12-05,21,Movember,Movember + cancer prostate + movember prostate + cancer prostate psa + cancer prostate traitement,2024,2024-10-01,2024-12-31
2024-12-06,19,Movember,Movember + cancer prostate + movember prostate + cancer prostate psa + cancer prostate traitement,2024,2024-10-01,2024-12-31
2024-12-07,20,Movember,Movember + cancer prostate + movember prostate + cancer prostate psa + cancer prostate traitement,2024,2024-10-01,2024-12-31
2024-12-08,13,Movember,Movember + cancer prostate + movember prostate + cancer prostate psa + cancer prostate traitement,2024,2024-10-01,2024-12-31
2024-12-09,21,Movember,Movember + cancer prostate + movember prostate + cancer prostate psa + cancer prostate traitement,2024,2024-10-01,2024-12-31
2024-12-10,25,Movember,Movember + cancer prostate + movember prostate + cancer prostate psa + cancer prostate traitement,2024,2024-10-01,2024-12-31
2024-12-11,24,Movember,Movember + cancer prostate + movember prostate + cancer prostate psa + cancer prostate traitement,2024,2024-10-01,2024-12-31
2024-12-12,19,Movember,Movember + cancer prostate + movember prostate + cancer prostate psa + cancer prostate traitement,2024,2024-10-01,2024-12-31
2024-12-13,18,Movember,Movember + cancer prostate + movember prostate + cancer prostate psa + cancer prostate traitement,2024,2024-10-01,2024-12-31
2024-12-14,21,Movember,Movember + cancer prostate + movember prostate + cancer prostate psa + cancer prostate traitement,2024,2024-10-01,2024-12-31
2024-12-15,14,Movember,Movember + cancer prostate + movember prostate + cancer prostate psa + cancer prostate traitement,2024,2024-10-01,2024-12-31
2024-12-16,25,Movember,Movember + cancer prostate + movember prostate + cancer prostate psa + cancer prostate traitement,2024,2024-10-01,2024-12-31
2024-12-17,20,Movember,Movember + cancer prostate + movember prostate + cancer prostate psa + cancer prostate traitement,2024,2024-10-01,2024-12-31
2024-12-18,25,Movember,Movember + cancer prostate + movember prostate + cancer prostate psa + cancer prostate traitement,2024,2024-10-01,2024-12-31
2024-12-19,20,Movember,Movember + cancer prostate + movember prostate + cancer prostate psa + cancer prostate traitement,2024,2024-10-01,2024-12-31
2024-12-20,22,Movember,Movember + cancer prostate + movember prostate + cancer prostate psa + cancer prostate traitement,2024,2024-10-01,2024-12-31
2024-12-21,14,Movember,Movember + cancer prostate + movember prostate + cancer prostate psa + cancer prostate traitement,2024,2024-10-01,2024-12-31
2024-12-22,15,Movember,Movember + cancer prostate + movember prostate + cancer prostate psa + cancer prostate traitement,2024,2024-10-01,2024-12-31
2024-12-23,16,Movember,Movember + cancer prostate + movember prostate + cancer prostate psa + cancer prostate traitement,2024,2024-10-01,2024-12-31
2024-12-24,14,Movember,Movember + cancer prostate + movember prostate + cancer prostate psa + cancer prostate traitement,2024,2024-10-01,2024-12-31
2024-12-25,14,Movember,Movember + cancer prostate + movember prostate + cancer prostate psa + cancer prostate traitement,2024,2024-10-01,2024-12-31
2024-12-26,17,Movember,Movember + cancer prostate + movember prostate + cancer prostate psa + cancer prostate traitement,2024,2024-10-01,2024-12-31
2024-12-27,15,Movember,Movember + cancer prostate + movember prostate + cancer prostate psa + cancer prostate traitement,2024,2024-10-01,2024-12-31
2024-12-28,11,Movember,Movember + cancer prostate + movember prostate + cancer prostate psa + cancer prostate traitement,2024,2024-10-01,2024-12-31
2024-12-29,23,Movember,Movember + cancer prostate + movember prostate + cancer prostate psa + cancer prostate traitement,2024,2024-10-01,2024-12-31
2024-12-30,24,Movember,Movember + cancer prostate + movember prostate + cancer prostate psa + cancer prostate traitement,2024,2024-10-01,2024-12-31
2024-12-31,20,Movember,Movember + cancer prostate + movember prostate + cancer prostate psa + cancer prostate traitement,2024,2024-10-01,2024-12-31
2025-10-01,28,Movember,Movember + cancer prostate + movember prostate + cancer prostate psa + cancer prostate traitement,2025,2025-10-01,2025-12-31
2025-10-02,33,Movember,Movember + cancer prostate + movember prostate + cancer prostate psa + cancer prostate traitement,2025,2025-10-01,2025-12-31
2025-10-03,16,Movember,Movember + cancer prostate + movember prostate + cancer prostate psa + cancer prostate traitement,2025,2025-10-01,2025-12-31
2025-10-04,18,Movember,Movember + cancer prostate + movember prostate + cancer prostate psa + cancer prostate traitement,2025,2025-10-01,2025-12-31
2025-10-05,17,Movember,Movember + cancer prostate + movember prostate + cancer prostate psa + cancer prostate traitement,2025,2025-10-01,2025-12-31
2025-10-06,24,Movember,Movember + cancer prostate + movember prostate + cancer prostate psa + cancer prostate traitement,2025,2025-10-01,2025-12-31
2025-10-07,26,Movember,Movember + cancer prostate + movember prostate + cancer prostate psa + cancer prostate traitement,2025,2025-10-01,2025-12-31
2025-10-08,25,Movember,Movember + cancer prostate + movember prostate + cancer prostate psa + cancer prostate traitement,2025,2025-10-01,2025-12-31
2025-10-09,26,Movember,Movember + cancer prostate + movember prostate + cancer prostate psa + cancer prostate traitement,2025,2025-10-01,2025-12-31
2025-10-10,28,Movember,Movember + cancer prostate + movember prostate + cancer prostate psa + cancer prostate traitement,2025,2025-10-01,2025-12-31
2025-10-11,23,Movember,Movember + cancer prostate + movember prostate + cancer prostate psa + cancer prostate traitement,2025,2025-10-01,2025-12-31
2025-10-12,21,Movember,Movember + cancer prostate + movember prostate + cancer prostate psa + cancer prostate traitement,2025,2025-10-01,2025-12-31
2025-10-13,26,Movember,Movember + cancer prostate + movember prostate + cancer prostate psa + cancer prostate traitement,2025,2025-10-01,2025-12-31
2025-10-14,27,Movember,Movember + cancer prostate + movember prostate + cancer prostate psa + cancer prostate traitement,2025,2025-10-01,2025-12-31
2025-10-15,33,Movember,Movember + cancer prostate + movember prostate + cancer prostate psa + cancer prostate traitement,2025,2025-10-01,2025-12-31
2025-10-16,26,Movember,Movember + cancer prostate + movember prostate + cancer prostate psa + cancer prostate traitement,2025,2025-10-01,2025-12-31
2025-10-17,31,Movember,Movember + cancer prostate + movember prostate + cancer prostate psa + cancer prostate traitement,2025,2025-10-01,2025-12-31
2025-10-18,18,Movember,Movember + cancer prostate + movember prostate + cancer prostate psa + cancer prostate traitement,2025,2025-10-01,2025-12-31
2025-10-19,16,Movember,Movember + cancer prostate + movember prostate + cancer prostate psa + cancer prostate traitement,2025,2025-10-01,2025-12-31
2025-10-20,26,Movember,Movember + cancer prostate + movember prostate + cancer prostate psa + cancer prostate traitement,2025,2025-10-01,2025-12-31
2025-10-21,31,Movember,Movember + cancer prostate + movember prostate + cancer prostate psa + cancer prostate traitement,2025,2025-10-01,2025-12-31
2025-10-22,30,Movember,Movember + cancer prostate + movember prostate + cancer prostate psa + cancer prostate traitement,2025,2025-10-01,2025-12-31
2025-10-23,31,Movember,Movember + cancer prostate + movember prostate + cancer prostate psa + cancer prostate traitement,2025,2025-10-01,2025-12-31
2025-10-24,29,Movember,Movember + cancer prostate + movember prostate + cancer prostate psa + cancer prostate traitement,2025,2025-10-01,2025-12-31
2025-10-25,18,Movember,Movember + cancer prostate + movember prostate + cancer prostate psa + cancer prostate traitement,2025,2025-10-01,2025-12-31
2025-10-26,24,Movember,Movember + cancer prostate + movember prostate + cancer prostate psa + cancer prostate traitement,2025,2025-10-01,2025-12-31
2025-10-27,37,Movember,Movember + cancer prostate + movember prostate + cancer prostate psa + cancer prostate traitement,2025,2025-10-01,2025-12-31
2025-10-28,44,Movember,Movember + cancer prostate + movember prostate + cancer prostate psa + cancer prostate traitement,2025,2025-10-01,2025-12-31
2025-10-29,35,Movember,Movember + cancer prostate + movember prostate + cancer prostate psa + cancer prostate traitement,2025,2025-10-01,2025-12-31
2025-10-30,43,Movember,Movember + cancer prostate + movember prostate + cancer prostate psa + cancer prostate traitement,2025,2025-10-01,2025-12-31
2025-10-31,55,Movember,Movember + cancer prostate + movember prostate + cancer prostate psa + cancer prostate traitement,2025,2025-10-01,2025-12-31
2025-11-01,76,Movember,Movember + cancer prostate + movember prostate + cancer prostate psa + cancer prostate traitement,2025,2025-10-01,2025-12-31
2025-11-02,67,Movember,Movember + cancer prostate + movember prostate + cancer prostate psa + cancer prostate traitement,2025,2025-10-01,2025-12-31
2025-11-03,100,Movember,Movember + cancer prostate + movember prostate + cancer prostate psa + cancer prostate traitement,2025,2025-10-01,2025-12-31
2025-11-04,87,Movember,Movember + cancer prostate + movember prostate + cancer prostate psa + cancer prostate traitement,2025,2025-10-01,2025-12-31
2025-11-05,63,Movember,Movember + cancer prostate + movember prostate + cancer prostate psa + cancer prostate traitement,2025,2025-10-01,2025-12-31
2025-11-06,57,Movember,Movember + cancer prostate + movember prostate + cancer prostate psa + cancer prostate traitement,2025,2025-10-01,2025-12-31
2025-11-07,57,Movember,Movember + cancer prostate + movember prostate + cancer prostate psa + cancer prostate traitement,2025,2025-10-01,2025-12-31
2025-11-08,41,Movember,Movember + cancer prostate + movember prostate + cancer prostate psa + cancer prostate traitement,2025,2025-10-01,2025-12-31
2025-11-09,42,Movember,Movember + cancer prostate + movember prostate + cancer prostate psa + cancer prostate traitement,2025,2025-10-01,2025-12-31
2025-11-10,47,Movember,Movember + cancer prostate + movember prostate + cancer prostate psa + cancer prostate traitement,2025,2025-10-01,2025-12-31
2025-11-11,39,Movember,Movember + cancer prostate + movember prostate + cancer prostate psa + cancer prostate traitement,2025,2025-10-01,2025-12-31
2025-11-12,44,Movember,Movember + cancer prostate + movember prostate + cancer prostate psa + cancer prostate traitement,2025,2025-10-01,2025-12-31
2025-11-13,51,Movember,Movember + cancer prostate + movember prostate + cancer prostate psa + cancer prostate traitement,2025,2025-10-01,2025-12-31
2025-11-14,42,Movember,Movember + cancer prostate + movember prostate + cancer prostate psa + cancer prostate traitement,2025,2025-10-01,2025-12-31
2025-11-15,30,Movember,Movember + cancer prostate + movember prostate + cancer prostate psa + cancer prostate traitement,2025,2025-10-01,2025-12-31
2025-11-16,32,Movember,Movember + cancer prostate + movember prostate + cancer prostate psa + cancer prostate traitement,2025,2025-10-01,2025-12-31
2025-11-17,37,Movember,Movember + cancer prostate + movember prostate + cancer prostate psa + cancer prostate traitement,2025,2025-10-01,2025-12-31
2025-11-18,38,Movember,Movember + cancer prostate + movember prostate + cancer prostate psa + cancer prostate traitement,2025,2025-10-01,2025-12-31
2025-11-19,32,Movember,Movember + cancer prostate + movember prostate + cancer prostate psa + cancer prostate traitement,2025,2025-10-01,2025-12-31
2025-11-20,30,Movember,Movember + cancer prostate + movember prostate + cancer prostate psa + cancer prostate traitement,2025,2025-10-01,2025-12-31
2025-11-21,28,Movember,Movember + cancer prostate + movember prostate + cancer prostate psa + cancer prostate traitement,2025,2025-10-01,2025-12-31
2025-11-22,33,Movember,Movember + cancer prostate + movember prostate + cancer prostate psa + cancer prostate traitement,2025,2025-10-01,2025-12-31
2025-11-23,29,Movember,Movember + cancer prostate + movember prostate + cancer prostate psa + cancer prostate traitement,2025,2025-10-01,2025-12-31
2025-11-24,30,Movember,Movember + cancer prostate + movember prostate + cancer prostate psa + cancer prostate traitement,2025,2025-10-01,2025-12-31
2025-11-25,30,Movember,Movember + cancer prostate + movember prostate + cancer prostate psa + cancer prostate traitement,2025,2025-10-01,2025-12-31
2025-11-26,31,Movember,Movember + cancer prostate + movember prostate + cancer prostate psa + cancer prostate traitement,2025,2025-10-01,2025-12-31
2025-11-27,30,Movember,Movember + cancer prostate + movember prostate + cancer prostate psa + cancer prostate traitement,2025,2025-10-01,2025-12-31
2025-11-28,25,Movember,Movember + cancer prostate + movember prostate + cancer prostate psa + cancer prostate traitement,2025,2025-10-01,2025-12-31
2025-11-29,27,Movember,Movember + cancer prostate + movember prostate + cancer prostate psa + cancer prostate traitement,2025,2025-10-01,2025-12-31
2025-11-30,21,Movember,Movember + cancer prostate + movember prostate + cancer prostate psa + cancer prostate traitement,2025,2025-10-01,2025-12-31
2025-12-01,36,Movember,Movember + cancer prostate + movember prostate + cancer prostate psa + cancer prostate traitement,2025,2025-10-01,2025-12-31
2025-12-02,22,Movember,Movember + cancer prostate + movember prostate + cancer prostate psa + cancer prostate traitement,2025,2025-10-01,2025-12-31
2025-12-03,25,Movember,Movember + cancer prostate + movember prostate + cancer prostate psa + cancer prostate traitement,2025,2025-10-01,2025-12-31
2025-12-04,25,Movember,Movember + cancer prostate + movember prostate + cancer prostate psa + cancer prostate traitement,2025,2025-10-01,2025-12-31
2025-12-05,19,Movember,Movember + cancer prostate + movember prostate + cancer prostate psa + cancer prostate traitement,2025,2025-10-01,2025-12-31
2025-12-06,19,Movember,Movember + cancer prostate + movember prostate + cancer prostate psa + cancer prostate traitement,2025,2025-10-01,2025-12-31
2025-12-07,16,Movember,Movember + cancer prostate + movember prostate + cancer prostate psa + cancer prostate traitement,2025,2025-10-01,2025-12-31
2025-12-08,20,Movember,Movember + cancer prostate + movember prostate + cancer prostate psa + cancer prostate traitement,2025,2025-10-01,2025-12-31
2025-12-09,19,Movember,Movember + cancer prostate + movember prostate + cancer prostate psa + cancer prostate traitement,2025,2025-10-01,2025-12-31
2025-12-10,19,Movember,Movember + cancer prostate + movember prostate + cancer prostate psa + cancer prostate traitement,2025,2025-10-01,2025-12-31
2025-12-11,20,Movember,Movember + cancer prostate + movember prostate + cancer prostate psa + cancer prostate traitement,2025,2025-10-01,2025-12-31
2025-12-12,22,Movember,Movember + cancer prostate + movember prostate + cancer prostate psa + cancer prostate traitement,2025,2025-10-01,2025-12-31
2025-12-13,22,Movember,Movember + cancer prostate + movember prostate + cancer prostate psa + cancer prostate traitement,2025,2025-10-01,2025-12-31
2025-12-14,18,Movember,Movember + cancer prostate + movember prostate + cancer prostate psa + cancer prostate traitement,2025,2025-10-01,2025-12-31
2025-12-15,17,Movember,Movember + cancer prostate + movember prostate + cancer prostate psa + cancer prostate traitement,2025,2025-10-01,2025-12-31
2025-12-16,23,Movember,Movember + cancer prostate + movember prostate + cancer prostate psa + cancer prostate traitement,2025,2025-10-01,2025-12-31
2025-12-17,20,Movember,Movember + cancer prostate + movember prostate + cancer prostate psa + cancer prostate traitement,2025,2025-10-01,2025-12-31
2025-12-18,20,Movember,Movember + cancer prostate + movember prostate + cancer prostate psa + cancer prostate traitement,2025,2025-10-01,2025-12-31
2025-12-19,17,Movember,Movember + cancer prostate + movember prostate + cancer prostate psa + cancer prostate traitement,2025,2025-10-01,2025-12-31
2025-12-20,16,Movember,Movember + cancer prostate + movember prostate + cancer prostate psa + cancer prostate traitement,2025,2025-10-01,2025-12-31
2025-12-21,13,Movember,Movember + cancer prostate + movember prostate + cancer prostate psa + cancer prostate traitement,2025,2025-10-01,2025-12-31
2025-12-22,20,Movember,Movember + cancer prostate + movember prostate + cancer prostate psa + cancer prostate traitement,2025,2025-10-01,2025-12-31
2025-12-23,19,Movember,Movember + cancer prostate + movember prostate + cancer prostate psa + cancer prostate traitement,2025,2025-10-01,2025-12-31
2025-12-24,17,Movember,Movember + cancer prostate + movember prostate + cancer prostate psa + cancer prostate traitement,2025,2025-10-01,2025-12-31
2025-12-25,11,Movember,Movember + cancer prostate + movember prostate + cancer prostate psa + cancer prostate traitement,2025,2025-10-01,2025-12-31
2025-12-26,14,Movember,Movember + cancer prostate + movember prostate + cancer prostate psa + cancer prostate traitement,2025,2025-10-01,2025-12-31
2025-12-27,15,Movember,Movember + cancer prostate + movember prostate + cancer prostate psa + cancer prostate traitement,2025,2025-10-01,2025-12-31
2025-12-28,21,Movember,Movember + cancer prostate + movember prostate + cancer prostate psa + cancer prostate traitement,2025,2025-10-01,2025-12-31
2025-12-29,13,Movember,Movember + cancer prostate + movember prostate + cancer prostate psa + cancer prostate traitement,2025,2025-10-01,2025-12-31
2025-12-30,22,Movember,Movember + cancer prostate + movember prostate + cancer prostate psa + cancer prostate traitement,2025,2025-10-01,2025-12-31
2025-12-31,15,Movember,Movember + cancer prostate + movember prostate + cancer prostate psa + cancer prostate traitement,2025,2025-10-01,2025-12-31
