date,campaign_index,campaign,query,season,window_start,window_end
2015-09-01,15,Octobre Rose,Octobre rose + cancer du sein + mammographie + dépistage cancer du sein + cancer du sein symptôme,2015_2016,2015-09-01,2015-11-30
2015-09-02,19,Octobre Rose,Octobre rose + cancer du sein + mammographie + dépistage cancer du sein + cancer du sein symptôme,2015_2016,2015-09-01,2015-11-30
2015-09-03,22,Octobre Rose,Octobre rose + cancer du sein + mammographie + dépistage cancer du sein + cancer du sein symptôme,2015_2016,2015-09-01,2015-11-30
2015-09-04,21,Octobre Rose,Octobre rose + cancer du sein + mammographie + dépistage cancer du sein + cancer du sein symptôme,2015_2016,2015-09-01,2015-11-30
2015-09-05,16,Octobre Rose,Octobre rose + cancer du sein + mammographie + dépistage cancer du sein + cancer du sein symptôme,2015_2016,2015-09-01,2015-11-30
2015-09-06,13,Octobre Rose,Octobre rose + cancer du sein + mammographie + dépistage cancer du sein + cancer du sein symptôme,2015_2016,2015-09-01,2015-11-30
2015-09-07,22,Octobre Rose,Octobre rose + cancer du sein + mammographie + dépistage cancer du sein + cancer du sein symptôme,2015_2016,2015-09-01,2015-11-30
2015-09-08,22,Octobre Rose,Octobre rose + cancer du sein + mammographie + dépistage cancer du sein + cancer du sein symptôme,2015_2016,2015-09-01,2015-11-30
2015-09-09,23,Octobre Rose,Octobre rose + cancer du sein + mammographie + dépistage cancer du sein + cancer du sein symptôme,2015_2016,2015-09-01,2015-11-30
2015-09-10,22,Octobre Rose,Octobre rose + cancer du sein + mammographie + dépistage cancer du sein + cancer du sein symptôme,2015_2016,2015-09-01,2015-11-30
2015-09-11,23,Octobre Rose,Octobre rose + cancer du sein + mammographie + dépistage cancer du sein + cancer du sein symptôme,2015_2016,2015-09-01,2015-11-30
2015-09-12,17,Octobre Rose,Octobre rose + cancer du sein + mammographie + dépistage cancer du sein + cancer du sein symptôme,2015_2016,2015-09-01,2015-11-30
2015-09-13,20,Octobre Rose,Octobre rose + cancer du sein + mammographie + dépistage cancer du sein + cancer du sein symptôme,2015_2016,2015-09-01,2015-11-30
2015-09-14,25,Octobre Rose,Octobre rose + cancer du sein + mammographie + dépistage cancer du sein + cancer du sein symptôme,2015_2016,2015-09-01,2015-11-30
2015-09-15,25,Octobre Rose,Octobre rose + cancer du sein + mammographie + dépistage cancer du sein + cancer du sein symptôme,2015_2016,2015-09-01,2015-11-30
2015-09-16,24,Octobre Rose,Octobre rose + cancer du sein + mammographie + dépistage cancer du sein + cancer du sein symptôme,2015_2016,2015-09-01,2015-11-30
2015-09-17,27,Octobre Rose,Octobre rose + cancer du sein + mammographie + dépistage cancer du sein + cancer du sein symptôme,2015_2016,2015-09-01,2015-11-30
2015-09-18,23,Octobre Rose,Octobre rose + cancer du sein + mammographie + dépistage cancer du sein + cancer du sein symptôme,2015_2016,2015-09-01,2015-11-30
2015-09-19,16,Octobre Rose,Octobre rose + cancer du sein + mammographie + dépistage cancer du sein + cancer du sein symptôme,2015_2016,2015-09-01,2015-11-30
2015-09-20,18,Octobre Rose,Octobre rose + cancer du sein + mammographie + dépistage cancer du sein + cancer du sein symptôme,2015_2016,2015-09-01,2015-11-30
2015-09-21,26,Octobre Rose,Octobre rose + cancer du sein + mammographie + dépistage cancer du sein + cancer du sein symptôme,2015_2016,2015-09-01,2015-11-30
2015-09-22,28,Octobre Rose,Octobre rose + cancer du sein + mammographie + dépistage cancer du sein + cancer du sein symptôme,2015_2016,2015-09-01,2015-11-30
2015-09-23,31,Octobre Rose,Octobre rose + cancer du sein + mammographie + dépistage cancer du sein + cancer du sein symptôme,2015_2016,2015-09-01,2015-11-30
2015-09-24,27,Octobre Rose,Octobre rose + cancer du sein + mammographie + dépistage cancer du sein + cancer du sein symptôme,2015_2016,2015-09-01,2015-11-30
2015-09-25,26,Octobre Rose,Octobre rose + cancer du sein + mammographie + dépistage cancer du sein + cancer du sein symptôme,2015_2016,2015-09-01,2015-11-30
2015-09-26,19,Octobre Rose,Octobre rose + cancer du sein + mammographie + dépistage cancer du sein + cancer du sein symptôme,2015_2016,2015-09-01,2015-11-30
2015-09-27,27,Octobre Rose,Octobre rose + cancer du sein + mammographie + dépistage cancer du sein + cancer du sein symptôme,2015_2016,2015-09-01,2015-11-30
2015-09-28,46,Octobre Rose,Octobre rose + cancer du sein + mammographie + dépistage cancer du sein + cancer du sein symptôme,2015_2016,2015-09-01,2015-11-30
2015-09-29,61,Octobre Rose,Octobre rose + cancer du sein + mammographie + dépistage cancer du sein + cancer du sein symptôme,2015_2016,2015-09-01,2015-11-30
2015-09-30,52,Octobre Rose,Octobre rose + cancer du sein + mammographie + dépistage cancer du sein + cancer du sein symptôme,2015_2016,2015-09-01,2015-11-30
2015-10-01,100,Octobre Rose,Octobre rose + cancer du sein + mammographie + dépistage cancer du sein + cancer du sein symptôme,2015_2016,2015-09-01,2015-11-30
2015-10-02,72,Octobre Rose,Octobre rose + cancer du sein + mammographie + dépistage cancer du sein + cancer du sein symptôme,2015_2016,2015-09-01,2015-11-30
2015-10-03,60,Octobre Rose,Octobre rose + cancer du sein + mammographie + dépistage cancer du sein + cancer du sein symptôme,2015_2016,2015-09-01,2015-11-30
2015-10-04,63,Octobre Rose,Octobre rose + cancer du sein + mammographie + dépistage cancer du sein + cancer du sein symptôme,2015_2016,2015-09-01,2015-11-30
2015-10-05,55,Octobre Rose,Octobre rose + cancer du sein + mammographie + dépistage cancer du sein + cancer du sein symptôme,2015_2016,2015-09-01,2015-11-30
2015-10-06,50,Octobre Rose,Octobre rose + cancer du sein + mammographie + dépistage cancer du sein + cancer du sein symptôme,2015_2016,2015-09-01,2015-11-30
2015-10-07,42,Octobre Rose,Octobre rose + cancer du sein + mammographie + dépistage cancer du sein + cancer du sein symptôme,2015_2016,2015-09-01,2015-11-30
2015-10-08,46,Octobre Rose,Octobre rose + cancer du sein + mammographie + dépistage cancer du sein + cancer du sein symptôme,2015_2016,2015-09-01,2015-11-30
2015-10-09,52,Octobre Rose,Octobre rose + cancer du sein + mammographie + dépistage cancer du sein + cancer du sein symptôme,2015_2016,2015-09-01,2015-11-30
2015-10-10,41,Octobre Rose,Octobre rose + cancer du sein + mammographie + dépistage cancer du sein + cancer du sein symptôme,2015_2016,2015-09-01,2015-11-30
2015-10-11,39,Octobre Rose,Octobre rose + cancer du sein + mammographie + dépistage cancer du sein + cancer du sein symptôme,2015_2016,2015-09-01,2015-11-30
2015-10-12,45,Octobre Rose,Octobre rose + cancer du sein + mammographie + dépistage cancer du sein + cancer du sein symptôme,2015_2016,2015-09-01,2015-11-30
2015-10-13,43,Octobre Rose,Octobre rose + cancer du sein + mammographie + dépistage cancer du sein + cancer du sein symptôme,2015_2016,2015-09-01,2015-11-30
2015-10-14,37,Octobre Rose,Octobre rose + cancer du sein + mammographie + dépistage cancer du sein + cancer du sein symptôme,2015_2016,2015-09-01,2015-11-30
2015-10-15,36,Octobre Rose,Octobre rose + cancer du sein + mammographie + dépistage cancer du sein + cancer du sein symptôme,2015_2016,2015-09-01,2015-11-30
2015-10-16,31,Octobre Rose,Octobre rose + cancer du sein + mammographie + dépistage cancer du sein + cancer du sein symptôme,2015_2016,2015-09-01,2015-11-30
2015-10-17,33,Octobre Rose,Octobre rose + cancer du sein + mammographie + dépistage cancer du sein + cancer du sein symptôme,2015_2016,2015-09-01,2015-11-30
2015-10-18,39,Octobre Rose,Octobre rose + cancer du sein + mammographie + dépistage cancer du sein + cancer du sein symptôme,2015_2016,2015-09-01,2015-11-30
2015-10-19,34,Octobre Rose,Octobre rose + cancer du sein + mammographie + dépistage cancer du sein + cancer du sein symptôme,2015_2016,2015-09-01,2015-11-30
2015-10-20,31,Octobre Rose,Octobre rose + cancer du sein + mammographie + dépistage cancer du sein + cancer du sein symptôme,2015_2016,2015-09-01,2015-11-30
2015-10-21,30,Octobre Rose,Octobre rose + cancer du sein + mammographie + dépistage cancer du sein + cancer du sein symptôme,2015_2016,2015-09-01,2015-11-30
2015-10-22,28,Octobre Rose,Octobre rose + cancer du sein + mammographie + dépistage cancer du sein + cancer du sein symptôme,2015_2016,2015-09-01,2015-11-30
2015-10-23,28,Octobre Rose,Octobre rose + cancer du sein + mammographie + dépistage cancer du sein + cancer du sein symptôme,2015_2016,2015-09-01,2015-11-30
2015-10-24,21,Octobre Rose,Octobre rose + cancer du sein + mammographie + dépistage cancer du sein + cancer du sein symptôme,2015_2016,2015-09-01,2015-11-30
2015-10-25,21,Octobre Rose,Octobre rose + cancer du sein + mammographie + dépistage cancer du sein + cancer du sein symptôme,2015_2016,2015-09-01,2015-11-30
2015-10-26,29,Octobre Rose,Octobre rose + cancer du sein + mammographie + dépistage cancer du sein + cancer du sein symptôme,2015_2016,2015-09-01,2015-11-30
2015-10-27,24,Octobre Rose,Octobre rose + cancer du sein + mammographie + dépistage cancer du sein + cancer du sein symptôme,2015_2016,2015-09-01,2015-11-30
2015-10-28,28,Octobre Rose,Octobre rose + cancer du sein + mammographie + dépistage cancer du sein + cancer du sein symptôme,2015_2016,2015-09-01,2015-11-30
2015-10-29,22,Octobre Rose,Octobre rose + cancer du sein + mammographie + dépistage cancer du sein + cancer du sein symptôme,2015_2016,2015-09-01,2015-11-30
2015-10-30,18,Octobre Rose,Octobre rose + cancer du sein + mammographie + dépistage cancer du sein + cancer du sein symptôme,2015_2016,2015-09-01,2015-11-30
2015-10-31,17,Octobre Rose,Octobre rose + cancer du sein + mammographie + dépistage cancer du sein + cancer du sein symptôme,2015_2016,2015-09-01,2015-11-30
2015-11-01,18,Octobre Rose,Octobre rose + cancer du sein + mammographie + dépistage cancer du sein + cancer du sein symptôme,2015_2016,2015-09-01,2015-11-30
2015-11-02,24,Octobre Rose,Octobre rose + cancer du sein + mammographie + dépistage cancer du sein + cancer du sein symptôme,2015_2016,2015-09-01,2015-11-30
2015-11-03,23,Octobre Rose,Octobre rose + cancer du sein + mammographie + dépistage cancer du sein + cancer du sein symptôme,2015_2016,2015-09-01,2015-11-30
2015-11-04,21,Octobre Rose,Octobre rose + cancer du sein + mammographie + dépistage cancer du sein + cancer du sein symptôme,2015_2016,2015-09-01,2015-11-30
2015-11-05,20,Octobre Rose,Octobre rose + cancer du sein + mammographie + dépistage cancer du sein + cancer du sein symptôme,2015_2016,2015-09-01,2015-11-30
2015-11-06,22,Octobre Rose,Octobre rose + cancer du sein + mammographie + dépistage cancer du sein + cancer du sein symptôme,2015_2016,2015-09-01,2015-11-30
2015-11-07,14,Octobre Rose,Octobre rose + cancer du sein + mammographie + dépistage cancer du sein + cancer du sein symptôme,2015_2016,2015-09-01,2015-11-30
2015-11-08,13,Octobre Rose,Octobre rose + cancer du sein + mammographie + dépistage cancer du sein + cancer du sein symptôme,2015_2016,2015-09-01,2015-11-30
2015-11-09,21,Octobre Rose,Octobre rose + cancer du sein + mammographie + dépistage cancer du sein + cancer du sein symptôme,2015_2016,2015-09-01,2015-11-30
2015-11-10,26,Octobre Rose,Octobre rose + cancer du sein + mammographie + dépistage cancer du sein + cancer du sein symptôme,2015_2016,2015-09-01,2015-11-30
2015-11-11,16,Octobre Rose,Octobre rose + cancer du sein + mammographie + dépistage cancer du sein + cancer du sein symptôme,2015_2016,2015-09-01,2015-11-30
2015-11-12,21,Octobre Rose,Octobre rose + cancer du sein + mammographie + dépistage cancer du sein + cancer du sein symptôme,2015_2016,2015-09-01,2015-11-30
2015-11-13,18,Octobre Rose,Octobre rose + cancer du sein + mammographie + dépistage cancer du sein + cancer du sein symptôme,2015_2016,2015-09-01,2015-11-30
2015-11-14,9,Octobre Rose,Octobre rose + cancer du sein + mammographie + dépistage cancer du sein + cancer du sein symptôme,2015_2016,2015-09-01,2015-11-30
2015-11-15,13,Octobre Rose,Octobre rose + cancer du sein + mammographie + dépistage cancer du sein + cancer du sein symptôme,2015_2016,2015-09-01,2015-11-30
2015-11-16,17,Octobre Rose,Octobre rose + cancer du sein + mammographie + dépistage cancer du sein + cancer du sein symptôme,2015_2016,2015-09-01,2015-11-30
2015-11-17,17,Octobre Rose,Octobre rose + cancer du sein + mammographie + dépistage cancer du sein + cancer du sein symptôme,2015_2016,2015-09-01,2015-11-30
2015-11-18,18,Octobre Rose,Octobre rose + cancer du sein + mammographie + dépistage cancer du sein + cancer du sein symptôme,2015_2016,2015-09-01,2015-11-30
2015-11-19,16,Octobre Rose,Octobre rose + cancer du sein + mammographie + dépistage cancer du sein + cancer du sein symptôme,2015_2016,2015-09-01,2015-11-30
2015-11-20,18,Octobre Rose,Octobre rose + cancer du sein + mammographie + dépistage cancer du sein + cancer du sein symptôme,2015_2016,2015-09-01,2015-11-30
2015-11-21,11,Octobre Rose,Octobre rose + cancer du sein + mammographie + dépistage cancer du sein + cancer du sein symptôme,2015_2016,2015-09-01,2015-11-30
2015-11-22,12,Octobre Rose,Octobre rose + cancer du sein + mammographie + dépistage cancer du sein + cancer du sein symptôme,2015_2016,2015-09-01,2015-11-30
2015-11-23,15,Octobre Rose,Octobre rose + cancer du sein + mammographie + dépistage cancer du sein + cancer du sein symptôme,2015_2016,2015-09-01,2015-11-30
2015-11-24,23,Octobre Rose,Octobre rose + cancer du sein + mammographie + dépistage cancer du sein + cancer du sein symptôme,2015_2016,2015-09-01,2015-11-30
2015-11-25,21,Octobre Rose,Octobre rose + cancer du sein + mammographie + dépistage cancer du sein + cancer du sein symptôme,2015_2016,2015-09-01,2015-11-30
2015-11-26,20,Octobre Rose,Octobre rose + cancer du sein + mammographie + dépistage cancer du sein + cancer du sein symptôme,2015_2016,2015-09-01,2015-11-30
2015-11-27,15,Octobre Rose,Octobre rose + cancer du sein + mammographie + dépistage cancer du sein + cancer du sein symptôme,2015_2016,2015-09-01,2015-11-30
2015-11-28,12,Octobre Rose,Octobre rose + cancer du sein + mammographie + dépistage cancer du sein + cancer du sein symptôme,2015_2016,2015-09-01,2015-11-30
2015-11-29,14,Octobre Rose,Octobre rose + cancer du sein + mammographie + dépistage cancer du sein + cancer du sein symptôme,2015_2016,2015-09-01,2015-11-30
2015-11-30,17,Octobre Rose,Octobre rose + cancer du sein + mammographie + dépistage cancer du sein + cancer du sein symptôme,2015_2016,2015-09-01,2015-11-30
2016-09-01,20,Octobre Rose,Octobre rose + cancer du sein + mammographie + dépistage cancer du sein + cancer du sein symptôme,2016_2017,2016-09-01,2016-11-30
2016-09-02,27,Octobre Rose,Octobre rose + cancer du sein + mammographie + dépistage cancer du sein + cancer du sein symptôme,2016_2017,2016-09-01,2016-11-30
2016-09-03,19,Octobre Rose,Octobre rose + cancer du sein + mammographie + dépistage cancer du sein + cancer du sein symptôme,2016_2017,2016-09-01,2016-11-30
2016-09-04,19,Octobre Rose,Octobre rose + cancer du sein + mammographie + dépistage cancer du sein + cancer du sein symptôme,2016_2017,2016-09-01,2016-11-30
2016-09-05,31,Octobre Rose,Octobre rose + cancer du sein + mammographie + dépistage cancer du sein + cancer du sein symptôme,2016_2017,2016-09-01,2016-11-30
2016-09-06,31,Octobre Rose,Octobre rose + cancer du sein + mammographie + dépistage cancer du sein + cancer du sein symptôme,2016_2017,2016-09-01,2016-11-30
2016-09-07,31,Octobre Rose,Octobre rose + cancer du sein + mammographie + dépistage cancer du sein + cancer du sein symptôme,2016_2017,2016-09-01,2016-11-30
2016-09-08,35,Octobre Rose,Octobre rose + cancer du sein + mammographie + dépistage cancer du sein + cancer du sein symptôme,2016_2017,2016-09-01,2016-11-30
2016-09-09,31,Octobre Rose,Octobre rose + cancer du sein + mammographie + dépistage cancer du sein + cancer du sein symptôme,2016_2017,2016-09-01,2016-11-30
2016-09-10,23,Octobre Rose,Octobre rose + cancer du sein + mammographie + dépistage cancer du sein + cancer du sein symptôme,2016_2017,2016-09-01,2016-11-30
2016-09-11,22,Octobre Rose,Octobre rose + cancer du sein + mammographie + dépistage cancer du sein + cancer du sein symptôme,2016_2017,2016-09-01,2016-11-30
2016-09-12,34,Octobre Rose,Octobre rose + cancer du sein + mammographie + dépistage cancer du sein + cancer du sein symptôme,2016_2017,2016-09-01,2016-11-30
2016-09-13,39,Octobre Rose,Octobre rose + cancer du sein + mammographie + dépistage cancer du sein + cancer du sein symptôme,2016_2017,2016-09-01,2016-11-30
2016-09-14,32,Octobre Rose,Octobre rose + cancer du sein + mammographie + dépistage cancer du sein + cancer du sein symptôme,2016_2017,2016-09-01,2016-11-30
2016-09-15,41,Octobre Rose,Octobre rose + cancer du sein + mammographie + dépistage cancer du sein + cancer du sein symptôme,2016_2017,2016-09-01,2016-11-30
2016-09-16,31,Octobre Rose,Octobre rose + cancer du sein + mammographie + dépistage cancer du sein + cancer du sein symptôme,2016_2017,2016-09-01,2016-11-30
2016-09-17,22,Octobre Rose,Octobre rose + cancer du sein + mammographie + dépistage cancer du sein + cancer du sein symptôme,2016_2017,2016-09-01,2016-11-30
2016-09-18,28,Octobre Rose,Octobre rose + cancer du sein + mammographie + dépistage cancer du sein + cancer du sein symptôme,2016_2017,2016-09-01,2016-11-30
2016-09-19,36,Octobre Rose,Octobre rose + cancer du sein + mammographie + dépistage cancer du sein + cancer du sein symptôme,2016_2017,2016-09-01,2016-11-30
2016-09-20,35,Octobre Rose,Octobre rose + cancer du sein + mammographie + dépistage cancer du sein + cancer du sein symptôme,2016_2017,2016-09-01,2016-11-30
2016-09-21,36,Octobre Rose,Octobre rose + cancer du sein + mammographie + dépistage cancer du sein + cancer du sein symptôme,2016_2017,2016-09-01,2016-11-30
2016-09-22,38,Octobre Rose,Octobre rose + cancer du sein + mammographie + dépistage cancer du sein + cancer du sein symptôme,2016_2017,2016-09-01,2016-11-30
2016-09-23,36,Octobre Rose,Octobre rose + cancer du sein + mammographie + dépistage cancer du sein + cancer du sein symptôme,2016_2017,2016-09-01,2016-11-30
2016-09-24,31,Octobre Rose,Octobre rose + cancer du sein + mammographie + dépistage cancer du sein + cancer du sein symptôme,2016_2017,2016-09-01,2016-11-30
2016-09-25,50,Octobre Rose,Octobre rose + cancer du sein + mammographie + dépistage cancer du sein + cancer du sein symptôme,2016_2017,2016-09-01,2016-11-30
2016-09-26,63,Octobre Rose,Octobre rose + cancer du sein + mammographie + dépistage cancer du sein + cancer du sein symptôme,2016_2017,2016-09-01,2016-11-30
2016-09-27,92,Octobre Rose,Octobre rose + cancer du sein + mammographie + dépistage cancer du sein + cancer du sein symptôme,2016_2017,2016-09-01,2016-11-30
2016-09-28,96,Octobre Rose,Octobre rose + cancer du sein + mammographie + dépistage cancer du sein + cancer du sein symptôme,2016_2017,2016-09-01,2016-11-30
2016-09-29,58,Octobre Rose,Octobre rose + cancer du sein + mammographie + dépistage cancer du sein + cancer du sein symptôme,2016_2017,2016-09-01,2016-11-30
2016-09-30,68,Octobre Rose,Octobre rose + cancer du sein + mammographie + dépistage cancer du sein + cancer du sein symptôme,2016_2017,2016-09-01,2016-11-30
2016-10-01,75,Octobre Rose,Octobre rose + cancer du sein + mammographie + dépistage cancer du sein + cancer du sein symptôme,2016_2017,2016-09-01,2016-11-30
2016-10-02,79,Octobre Rose,Octobre rose + cancer du sein + mammographie + dépistage cancer du sein + cancer du sein symptôme,2016_2017,2016-09-01,2016-11-30
2016-10-03,82,Octobre Rose,Octobre rose + cancer du sein + mammographie + dépistage cancer du sein + cancer du sein symptôme,2016_2017,2016-09-01,2016-11-30
2016-10-04,100,Octobre Rose,Octobre rose + cancer du sein + mammographie + dépistage cancer du sein + cancer du sein symptôme,2016_2017,2016-09-01,2016-11-30
2016-10-05,77,Octobre Rose,Octobre rose + cancer du sein + mammographie + dépistage cancer du sein + cancer du sein symptôme,2016_2017,2016-09-01,2016-11-30
2016-10-06,60,Octobre Rose,Octobre rose + cancer du sein + mammographie + dépistage cancer du sein + cancer du sein symptôme,2016_2017,2016-09-01,2016-11-30
2016-10-07,61,Octobre Rose,Octobre rose + cancer du sein + mammographie + dépistage cancer du sein + cancer du sein symptôme,2016_2017,2016-09-01,2016-11-30
2016-10-08,53,Octobre Rose,Octobre rose + cancer du sein + mammographie + dépistage cancer du sein + cancer du sein symptôme,2016_2017,2016-09-01,2016-11-30
2016-10-09,59,Octobre Rose,Octobre rose + cancer du sein + mammographie + dépistage cancer du sein + cancer du sein symptôme,2016_2017,2016-09-01,2016-11-30
2016-10-10,66,Octobre Rose,Octobre rose + cancer du sein + mammographie + dépistage cancer du sein + cancer du sein symptôme,2016_2017,2016-09-01,2016-11-30
2016-10-11,52,Octobre Rose,Octobre rose + cancer du sein + mammographie + dépistage cancer du sein + cancer du sein symptôme,2016_2017,2016-09-01,2016-11-30
2016-10-12,45,Octobre Rose,Octobre rose + cancer du sein + mammographie + dépistage cancer du sein + cancer du sein symptôme,2016_2017,2016-09-01,2016-11-30
2016-10-13,44,Octobre Rose,Octobre rose + cancer du sein + mammographie + dépistage cancer du sein + cancer du sein symptôme,2016_2017,2016-09-01,2016-11-30
2016-10-14,45,Octobre Rose,Octobre rose + cancer du sein + mammographie + dépistage cancer du sein + cancer du sein symptôme,2016_2017,2016-09-01,2016-11-30
2016-10-15,47,Octobre Rose,Octobre rose + cancer du sein + mammographie + dépistage cancer du sein + cancer du sein symptôme,2016_2017,2016-09-01,2016-11-30
2016-10-16,59,Octobre Rose,Octobre rose + cancer du sein + mammographie + dépistage cancer du sein + cancer du sein symptôme,2016_2017,2016-09-01,2016-11-30
2016-10-17,44,Octobre Rose,Octobre rose + cancer du sein + mammographie + dépistage cancer du sein + cancer du sein symptôme,2016_2017,2016-09-01,2016-11-30
2016-10-18,49,Octobre Rose,Octobre rose + cancer du sein + mammographie + dépistage cancer du sein + cancer du sein symptôme,2016_2017,2016-09-01,2016-11-30
2016-10-19,38,Octobre Rose,Octobre rose + cancer du sein + mammographie + dépistage cancer du sein + cancer du sein symptôme,2016_2017,2016-09-01,2016-11-30
2016-10-20,38,Octobre Rose,Octobre rose + cancer du sein + mammographie + dépistage cancer du sein + cancer du sein symptôme,2016_2017,2016-09-01,2016-11-30
2016-10-21,38,Octobre Rose,Octobre rose + cancer du sein + mammographie + dépistage cancer du sein + cancer du sein symptôme,2016_2017,2016-09-01,2016-11-30
2016-10-22,37,Octobre Rose,Octobre rose + cancer du sein + mammographie + dépistage cancer du sein + cancer du sein symptôme,2016_2017,2016-09-01,2016-11-30
2016-10-23,32,Octobre Rose,Octobre rose + cancer du sein + mammographie + dépistage cancer du sein + cancer du sein symptôme,2016_2017,2016-09-01,2016-11-30
2016-10-24,37,Octobre Rose,Octobre rose + cancer du sein + mammographie + dépistage cancer du sein + cancer du sein symptôme,2016_2017,2016-09-01,2016-11-30
2016-10-25,34,Octobre Rose,Octobre rose + cancer du sein + mammographie + dépistage cancer du sein + cancer du sein symptôme,2016_2017,2016-09-01,2016-11-30
2016-10-26,36,Octobre Rose,Octobre rose + cancer du sein + mammographie + dépistage cancer du sein + cancer du sein symptôme,2016_2017,2016-09-01,2016-11-30
2016-10-27,34,Octobre Rose,Octobre rose + cancer du sein + mammographie + dépistage cancer du sein + cancer du sein symptôme,2016_2017,2016-09-01,2016-11-30
2016-10-28,29,Octobre Rose,Octobre rose + cancer du sein + mammographie + dépistage cancer du sein + cancer du sein symptôme,2016_2017,2016-09-01,2016-11-30
2016-10-29,24,Octobre Rose,Octobre rose + cancer du sein + mammographie + dépistage cancer du sein + cancer du sein symptôme,2016_2017,2016-09-01,2016-11-30
2016-10-30,16,Octobre Rose,Octobre rose + cancer du sein + mammographie + dépistage cancer du sein + cancer du sein symptôme,2016_2017,2016-09-01,2016-11-30
2016-10-31,24,Octobre Rose,Octobre rose + cancer du sein + mammographie + dépistage cancer du sein + cancer du sein symptôme,2016_2017,2016-09-01,2016-11-30
2016-11-01,27,Octobre Rose,Octobre rose + cancer du sein + mammographie + dépistage cancer du sein + cancer du sein symptôme,2016_2017,2016-09-01,2016-11-30
2016-11-02,38,Octobre Rose,Octobre rose + cancer du sein + mammographie + dépistage cancer du sein + cancer du sein symptôme,2016_2017,2016-09-01,2016-11-30
2016-11-03,34,Octobre Rose,Octobre rose + cancer du sein + mammographie + dépistage cancer du sein + cancer du sein symptôme,2016_2017,2016-09-01,2016-11-30
2016-11-04,26,Octobre Rose,Octobre rose + cancer du sein + mammographie + dépistage cancer du sein + cancer du sein symptôme,2016_2017,2016-09-01,2016-11-30
2016-11-05,20,Octobre Rose,Octobre rose + cancer du sein + mammographie + dépistage cancer du sein + cancer du sein symptôme,2016_2017,2016-09-01,2016-11-30
2016-11-06,16,Octobre Rose,Octobre rose + cancer du sein + mammographie + dépistage cancer du sein + cancer du sein symptôme,2016_2017,2016-09-01,2016-11-30
2016-11-07,30,Octobre Rose,Octobre rose + cancer du sein + mammographie + dépistage cancer du sein + cancer du sein symptôme,2016_2017,2016-09-01,2016-11-30
2016-11-08,28,Octobre Rose,Octobre rose + cancer du sein + mammographie + dépistage cancer du sein + cancer du sein symptôme,2016_2017,2016-09-01,2016-11-30
2016-11-09,25,Octobre Rose,Octobre rose + cancer du sein + mammographie + dépistage cancer du sein + cancer du sein symptôme,2016_2017,2016-09-01,2016-11-30
2016-11-10,23,Octobre Rose,Octobre rose + cancer du sein + mammographie + dépistage cancer du sein + cancer du sein symptôme,2016_2017,2016-09-01,2016-11-30
2016-11-11,22,Octobre Rose,Octobre rose + cancer du sein + mammographie + dépistage cancer du sein + cancer du sein symptôme,2016_2017,2016-09-01,2016-11-30
2016-11-12,18,Octobre Rose,Octobre rose + cancer du sein + mammographie + dépistage cancer du sein + cancer du sein symptôme,2016_2017,2016-09-01,2016-11-30
2016-11-13,16,Octobre Rose,Octobre rose + cancer du sein + mammographie + dépistage cancer du sein + cancer du sein symptôme,2016_2017,2016-09-01,2016-11-30
2016-11-14,25,Octobre Rose,Octobre rose + cancer du sein + mammographie + dépistage cancer du sein + cancer du sein symptôme,2016_2017,2016-09-01,2016-11-30
2016-11-15,26,Octobre Rose,Octobre rose + cancer du sein + mammographie + dépistage cancer du sein + cancer du sein symptôme,2016_2017,2016-09-01,2016-11-30
2016-11-16,25,Octobre Rose,Octobre rose + cancer du sein + mammographie + dépistage cancer du sein + cancer du sein symptôme,2016_2017,2016-09-01,2016-11-30
2016-11-17,30,Octobre Rose,Octobre rose + cancer du sein + mammographie + dépistage cancer du sein + cancer du sein symptôme,2016_2017,2016-09-01,2016-11-30
2016-11-18,26,Octobre Rose,Octobre rose + cancer du sein + mammographie + dépistage cancer du sein + cancer du sein symptôme,2016_2017,2016-09-01,2016-11-30
2016-11-19,18,Octobre Rose,Octobre rose + cancer du sein + mammographie + dépistage cancer du sein + cancer du sein symptôme,2016_2017,2016-09-01,2016-11-30
2016-11-20,18,Octobre Rose,Octobre rose + cancer du sein + mammographie + dépistage cancer du sein + cancer du sein symptôme,2016_2017,2016-09-01,2016-11-30
2016-11-21,34,Octobre Rose,Octobre rose + cancer du sein + mammographie + dépistage cancer du sein + cancer du sein symptôme,2016_2017,2016-09-01,2016-11-30
2016-11-22,28,Octobre Rose,Octobre rose + cancer du sein + mammographie + dépistage cancer du sein + cancer du sein symptôme,2016_2017,2016-09-01,2016-11-30
2016-11-23,18,Octobre Rose,Octobre rose + cancer du sein + mammographie + dépistage cancer du sein + cancer du sein symptôme,2016_2017,2016-09-01,2016-11-30
2016-11-24,21,Octobre Rose,Octobre rose + cancer du sein + mammographie + dépistage cancer du sein + cancer du sein symptôme,2016_2017,2016-09-01,2016-11-30
2016-11-25,23,Octobre Rose,Octobre rose + cancer du sein + mammographie + dépistage cancer du sein + cancer du sein symptôme,2016_2017,2016-09-01,2016-11-30
2016-11-26,19,Octobre Rose,Octobre rose + cancer du sein + mammographie + dépistage cancer du sein + cancer du sein symptôme,2016_2017,2016-09-01,2016-11-30
2016-11-27,14,Octobre Rose,Octobre rose + cancer du sein + mammographie + dépistage cancer du sein + cancer du sein symptôme,2016_2017,2016-09-01,2016-11-30
2016-11-28,29,Octobre Rose,Octobre rose + cancer du sein + mammographie + dépistage cancer du sein + cancer du sein symptôme,2016_2017,2016-09-01,2016-11-30
2016-11-29,29,Octobre Rose,Octobre rose + cancer du sein + mammographie + dépistage cancer du sein + cancer du sein symptôme,2016_2017,2016-09-01,2016-11-30
2016-11-30,24,Octobre Rose,Octobre rose + cancer du sein + mammographie + dépistage cancer du sein + cancer du sein symptôme,2016_2017,2016-09-01,2016-11-30
2017-09-01,23,Octobre Rose,Octobre rose + cancer du sein + mammographie + dépistage cancer du sein + cancer du sein symptôme,2017_2018,2017-09-01,2017-11-30
2017-09-02,21,Octobre Rose,Octobre rose + cancer du sein + mammographie + dépistage cancer du sein + cancer du sein symptôme,2017_2018,2017-09-01,2017-11-30
2017-09-03,21,Octobre Rose,Octobre rose + cancer du sein + mammographie + dépistage cancer du sein + cancer du sein symptôme,2017_2018,2017-09-01,2017-11-30
2017-09-04,31,Octobre Rose,Octobre rose + cancer du sein + mammographie + dépistage cancer du sein + cancer du sein symptôme,2017_2018,2017-09-01,2017-11-30
2017-09-05,30,Octobre Rose,Octobre rose + cancer du sein + mammographie + dépistage cancer du sein + cancer du sein symptôme,2017_2018,2017-09-01,2017-11-30
2017-09-06,27,Octobre Rose,Octobre rose + cancer du sein + mammographie + dépistage cancer du sein + cancer du sein symptôme,2017_2018,2017-09-01,2017-11-30
2017-09-07,32,Octobre Rose,Octobre rose + cancer du sein + mammographie + dépistage cancer du sein + cancer du sein symptôme,2017_2018,2017-09-01,2017-11-30
2017-09-08,30,Octobre Rose,Octobre rose + cancer du sein + mammographie + dépistage cancer du sein + cancer du sein symptôme,2017_2018,2017-09-01,2017-11-30
2017-09-09,25,Octobre Rose,Octobre rose + cancer du sein + mammographie + dépistage cancer du sein + cancer du sein symptôme,2017_2018,2017-09-01,2017-11-30
2017-09-10,28,Octobre Rose,Octobre rose + cancer du sein + mammographie + dépistage cancer du sein + cancer du sein symptôme,2017_2018,2017-09-01,2017-11-30
2017-09-11,31,Octobre Rose,Octobre rose + cancer du sein + mammographie + dépistage cancer du sein + cancer du sein symptôme,2017_2018,2017-09-01,2017-11-30
2017-09-12,30,Octobre Rose,Octobre rose + cancer du sein + mammographie + dépistage cancer du sein + cancer du sein symptôme,2017_2018,2017-09-01,2017-11-30
2017-09-13,33,Octobre Rose,Octobre rose + cancer du sein + mammographie + dépistage cancer du sein + cancer du sein symptôme,2017_2018,2017-09-01,2017-11-30
2017-09-14,38,Octobre Rose,Octobre rose + cancer du sein + mammographie + dépistage cancer du sein + cancer du sein symptôme,2017_2018,2017-09-01,2017-11-30
2017-09-15,24,Octobre Rose,Octobre rose + cancer du sein + mammographie + dépistage cancer du sein + cancer du sein symptôme,2017_2018,2017-09-01,2017-11-30
2017-09-16,25,Octobre Rose,Octobre rose + cancer du sein + mammographie + dépistage cancer du sein + cancer du sein symptôme,2017_2018,2017-09-01,2017-11-30
2017-09-17,25,Octobre Rose,Octobre rose + cancer du sein + mammographie + dépistage cancer du sein + cancer du sein symptôme,2017_2018,2017-09-01,2017-11-30
2017-09-18,36,Octobre Rose,Octobre rose + cancer du sein + mammographie + dépistage cancer du sein + cancer du sein symptôme,2017_2018,2017-09-01,2017-11-30
2017-09-19,35,Octobre Rose,Octobre rose + cancer du sein + mammographie + dépistage cancer du sein + cancer du sein symptôme,2017_2018,2017-09-01,2017-11-30
2017-09-20,36,Octobre Rose,Octobre rose + cancer du sein + mammographie + dépistage cancer du sein + cancer du sein symptôme,2017_2018,2017-09-01,2017-11-30
2017-09-21,46,Octobre Rose,Octobre rose + cancer du sein + mammographie + dépistage cancer du sein + cancer du sein symptôme,2017_2018,2017-09-01,2017-11-30
2017-09-22,44,Octobre Rose,Octobre rose + cancer du sein + mammographie + dépistage cancer du sein + cancer du sein symptôme,2017_2018,2017-09-01,2017-11-30
2017-09-23,32,Octobre Rose,Octobre rose + cancer du sein + mammographie + dépistage cancer du sein + cancer du sein symptôme,2017_2018,2017-09-01,2017-11-30
2017-09-24,41,Octobre Rose,Octobre rose + cancer du sein + mammographie + dépistage cancer du sein + cancer du sein symptôme,2017_2018,2017-09-01,2017-11-30
2017-09-25,48,Octobre Rose,Octobre rose + cancer du sein + mammographie + dépistage cancer du sein + cancer du sein symptôme,2017_2018,2017-09-01,2017-11-30
2017-09-26,51,Octobre Rose,Octobre rose + cancer du sein + mammographie + dépistage cancer du sein + cancer du sein symptôme,2017_2018,2017-09-01,2017-11-30
2017-09-27,60,Octobre Rose,Octobre rose + cancer du sein + mammographie + dépistage cancer du sein + cancer du sein symptôme,2017_2018,2017-09-01,2017-11-30
2017-09-28,58,Octobre Rose,Octobre rose + cancer du sein + mammographie + dépistage cancer du sein + cancer du sein symptôme,2017_2018,2017-09-01,2017-11-30
2017-09-29,65,Octobre Rose,Octobre rose + cancer du sein + mammographie + dépistage cancer du sein + cancer du sein symptôme,2017_2018,2017-09-01,2017-11-30
2017-09-30,59,Octobre Rose,Octobre rose + cancer du sein + mammographie + dépistage cancer du sein + cancer du sein symptôme,2017_2018,2017-09-01,2017-11-30
2017-10-01,100,Octobre Rose,Octobre rose + cancer du sein + mammographie + dépistage cancer du sein + cancer du sein symptôme,2017_2018,2017-09-01,2017-11-30
2017-10-02,90,Octobre Rose,Octobre rose + cancer du sein + mammographie + dépistage cancer du sein + cancer du sein symptôme,2017_2018,2017-09-01,2017-11-30
2017-10-03,78,Octobre Rose,Octobre rose + cancer du sein + mammographie + dépistage cancer du sein + cancer du sein symptôme,2017_2018,2017-09-01,2017-11-30
2017-10-04,80,Octobre Rose,Octobre rose + cancer du sein + mammographie + dépistage cancer du sein + cancer du sein symptôme,2017_2018,2017-09-01,2017-11-30
2017-10-05,70,Octobre Rose,Octobre rose + cancer du sein + mammographie + dépistage cancer du sein + cancer du sein symptôme,2017_2018,2017-09-01,2017-11-30
2017-10-06,71,Octobre Rose,Octobre rose + cancer du sein + mammographie + dépistage cancer du sein + cancer du sein symptôme,2017_2018,2017-09-01,2017-11-30
2017-10-07,65,Octobre Rose,Octobre rose + cancer du sein + mammographie + dépistage cancer du sein + cancer du sein symptôme,2017_2018,2017-09-01,2017-11-30
2017-10-08,77,Octobre Rose,Octobre rose + cancer du sein + mammographie + dépistage cancer du sein + cancer du sein symptôme,2017_2018,2017-09-01,2017-11-30
2017-10-09,67,Octobre Rose,Octobre rose + cancer du sein + mammographie + dépistage cancer du sein + cancer du sein symptôme,2017_2018,2017-09-01,2017-11-30
2017-10-10,67,Octobre Rose,Octobre rose + cancer du sein + mammographie + dépistage cancer du sein + cancer du sein symptôme,2017_2018,2017-09-01,2017-11-30
2017-10-11,72,Octobre Rose,Octobre rose + cancer du sein + mammographie + dépistage cancer du sein + cancer du sein symptôme,2017_2018,2017-09-01,2017-11-30
2017-10-12,61,Octobre Rose,Octobre rose + cancer du sein + mammographie + dépistage cancer du sein + cancer du sein symptôme,2017_2018,2017-09-01,2017-11-30
2017-10-13,69,Octobre Rose,Octobre rose + cancer du sein + mammographie + dépistage cancer du sein + cancer du sein symptôme,2017_2018,2017-09-01,2017-11-30
2017-10-14,67,Octobre Rose,Octobre rose + cancer du sein + mammographie + dépistage cancer du sein + cancer du sein symptôme,2017_2018,2017-09-01,2017-11-30
2017-10-15,80,Octobre Rose,Octobre rose + cancer du sein + mammographie + dépistage cancer du sein + cancer du sein symptôme,2017_2018,2017-09-01,2017-11-30
2017-10-16,55,Octobre Rose,Octobre rose + cancer du sein + mammographie + dépistage cancer du sein + cancer du sein symptôme,2017_2018,2017-09-01,2017-11-30
2017-10-17,55,Octobre Rose,Octobre rose + cancer du sein + mammographie + dépistage cancer du sein + cancer du sein symptôme,2017_2018,2017-09-01,2017-11-30
2017-10-18,52,Octobre Rose,Octobre rose + cancer du sein + mammographie + dépistage cancer du sein + cancer du sein symptôme,2017_2018,2017-09-01,2017-11-30
2017-10-19,59,Octobre Rose,Octobre rose + cancer du sein + mammographie + dépistage cancer du sein + cancer du sein symptôme,2017_2018,2017-09-01,2017-11-30
2017-10-20,48,Octobre Rose,Octobre rose + cancer du sein + mammographie + dépistage cancer du sein + cancer du sein symptôme,2017_2018,2017-09-01,2017-11-30
2017-10-21,41,Octobre Rose,Octobre rose + cancer du sein + mammographie + dépistage cancer du sein + cancer du sein symptôme,2017_2018,2017-09-01,2017-11-30
2017-10-22,45,Octobre Rose,Octobre rose + cancer du sein + mammographie + dépistage cancer du sein + cancer du sein symptôme,2017_2018,2017-09-01,2017-11-30
2017-10-23,44,Octobre Rose,Octobre rose + cancer du sein + mammographie + dépistage cancer du sein + cancer du sein symptôme,2017_2018,2017-09-01,2017-11-30
2017-10-24,33,Octobre Rose,Octobre rose + cancer du sein + mammographie + dépistage cancer du sein + cancer du sein symptôme,2017_2018,2017-09-01,2017-11-30
2017-10-25,40,Octobre Rose,Octobre rose + cancer du sein + mammographie + dépistage cancer du sein + cancer du sein symptôme,2017_2018,2017-09-01,2017-11-30
2017-10-26,42,Octobre Rose,Octobre rose + cancer du sein + mammographie + dépistage cancer du sein + cancer du sein symptôme,2017_2018,2017-09-01,2017-11-30
2017-10-27,36,Octobre Rose,Octobre rose + cancer du sein + mammographie + dépistage cancer du sein + cancer du sein symptôme,2017_2018,2017-09-01,2017-11-30
2017-10-28,27,Octobre Rose,Octobre rose + cancer du sein + mammographie + dépistage cancer du sein + cancer du sein symptôme,2017_2018,2017-09-01,2017-11-30
2017-10-29,34,Octobre Rose,Octobre rose + cancer du sein + mammographie + dépistage cancer du sein + cancer du sein symptôme,2017_2018,2017-09-01,2017-11-30
2017-10-30,32,Octobre Rose,Octobre rose + cancer du sein + mammographie + dépistage cancer du sein + cancer du sein symptôme,2017_2018,2017-09-01,2017-11-30
2017-10-31,27,Octobre Rose,Octobre rose + cancer du sein + mammographie + dépistage cancer du sein + cancer du sein symptôme,2017_2018,2017-09-01,2017-11-30
2017-11-01,25,Octobre Rose,Octobre rose + cancer du sein + mammographie + dépistage cancer du sein + cancer du sein symptôme,2017_2018,2017-09-01,2017-11-30
2017-11-02,28,Octobre Rose,Octobre rose + cancer du sein + mammographie + dépistage cancer du sein + cancer du sein symptôme,2017_2018,2017-09-01,2017-11-30
2017-11-03,30,Octobre Rose,Octobre rose + cancer du sein + mammographie + dépistage cancer du sein + cancer du sein symptôme,2017_2018,2017-09-01,2017-11-30
2017-11-04,21,Octobre Rose,Octobre rose + cancer du sein + mammographie + dépistage cancer du sein + cancer du sein symptôme,2017_2018,2017-09-01,2017-11-30
2017-11-05,24,Octobre Rose,Octobre rose + cancer du sein + mammographie + dépistage cancer du sein + cancer du sein symptôme,2017_2018,2017-09-01,2017-11-30
2017-11-06,26,Octobre Rose,Octobre rose + cancer du sein + mammographie + dépistage cancer du sein + cancer du sein symptôme,2017_2018,2017-09-01,2017-11-30
2017-11-07,32,Octobre Rose,Octobre rose + cancer du sein + mammographie + dépistage cancer du sein + cancer du sein symptôme,2017_2018,2017-09-01,2017-11-30
2017-11-08,32,Octobre Rose,Octobre rose + cancer du sein + mammographie + dépistage cancer du sein + cancer du sein symptôme,2017_2018,2017-09-01,2017-11-30
2017-11-09,31,Octobre Rose,Octobre rose + cancer du sein + mammographie + dépistage cancer du sein + cancer du sein symptôme,2017_2018,2017-09-01,2017-11-30
2017-11-10,26,Octobre Rose,Octobre rose + cancer du sein + mammographie + dépistage cancer du sein + cancer du sein symptôme,2017_2018,2017-09-01,2017-11-30
2017-11-11,19,Octobre Rose,Octobre rose + cancer du sein + mammographie + dépistage cancer du sein + cancer du sein symptôme,2017_2018,2017-09-01,2017-11-30
2017-11-12,18,Octobre Rose,Octobre rose + cancer du sein + mammographie + dépistage cancer du sein + cancer du sein symptôme,2017_2018,2017-09-01,2017-11-30
2017-11-13,29,Octobre Rose,Octobre rose + cancer du sein + mammographie + dépistage cancer du sein + cancer du sein symptôme,2017_2018,2017-09-01,2017-11-30
2017-11-14,30,Octobre Rose,Octobre rose + cancer du sein + mammographie + dépistage cancer du sein + cancer du sein symptôme,2017_2018,2017-09-01,2017-11-30
2017-11-15,33,Octobre Rose,Octobre rose + cancer du sein + mammographie + dépistage cancer du sein + cancer du sein symptôme,2017_2018,2017-09-01,2017-11-30
2017-11-16,26,Octobre Rose,Octobre rose + cancer du sein + mammographie + dépistage cancer du sein + cancer du sein symptôme,2017_2018,2017-09-01,2017-11-30
2017-11-17,23,Octobre Rose,Octobre rose + cancer du sein + mammographie + dépistage cancer du sein + cancer du sein symptôme,2017_2018,2017-09-01,2017-11-30
2017-11-18,22,Octobre Rose,Octobre rose + cancer du sein + mammographie + dépistage cancer du sein + cancer du sein symptôme,2017_2018,2017-09-01,2017-11-30
2017-11-19,22,Octobre Rose,Octobre rose + cancer du sein + mammographie + dépistage cancer du sein + cancer du sein symptôme,2017_2018,2017-09-01,2017-11-30
2017-11-20,39,Octobre Rose,Octobre rose + cancer du sein + mammographie + dépistage cancer du sein + cancer du sein symptôme,2017_2018,2017-09-01,2017-11-30
2017-11-21,38,Octobre Rose,Octobre rose + cancer du sein + mammographie + dépistage cancer du sein + cancer du sein symptôme,2017_2018,2017-09-01,2017-11-30
2017-11-22,33,Octobre Rose,Octobre rose + cancer du sein + mammographie + dépistage cancer du sein + cancer du sein symptôme,2017_2018,2017-09-01,2017-11-30
2017-11-23,31,Octobre Rose,Octobre rose + cancer du sein + mammographie + dépistage cancer du sein + cancer du sein symptôme,2017_2018,2017-09-01,2017-11-30
2017-11-24,23,Octobre Rose,Octobre rose + cancer du sein + mammographie + dépistage cancer du sein + cancer du sein symptôme,2017_2018,2017-09-01,2017-11-30
2017-11-25,20,Octobre Rose,Octobre rose + cancer du sein + mammographie + dépistage cancer du sein + cancer du sein symptôme,2017_2018,2017-09-01,2017-11-30
2017-11-26,20,Octobre Rose,Octobre rose + cancer du sein + mammographie + dépistage cancer du sein + cancer du sein symptôme,2017_2018,2017-09-01,2017-11-30
2017-11-27,29,Octobre Rose,Octobre rose + cancer du sein + mammographie + dépistage cancer du sein + cancer du sein symptôme,2017_2018,2017-09-01,2017-11-30
2017-11-28,32,Octobre Rose,Octobre rose + cancer du sein + mammographie + dépistage cancer du sein + cancer du sein symptôme,2017_2018,2017-09-01,2017-11-30
2017-11-29,27,Octobre Rose,Octobre rose + cancer du sein + mammographie + dépistage cancer du sein + cancer du sein symptôme,2017_2018,2017-09-01,2017-11-30
2017-11-30,32,Octobre Rose,Octobre rose + cancer du sein + mammographie + dépistage cancer du sein + cancer du sein symptôme,2017_2018,2017-09-01,2017-11-30
2018-09-01,10,Octobre Rose,Octobre rose + cancer du sein + mammographie + dépistage cancer du sein + cancer du sein symptôme,2018_2019,2018-09-01,2018-11-30
2018-09-02,16,Octobre Rose,Octobre rose + cancer du sein + mammographie + dépistage cancer du sein + cancer du sein symptôme,2018_2019,2018-09-01,2018-11-30
2018-09-03,21,Octobre Rose,Octobre rose + cancer du sein + mammographie + dépistage cancer du sein + cancer du sein symptôme,2018_2019,2018-09-01,2018-11-30
2018-09-04,21,Octobre Rose,Octobre rose + cancer du sein + mammographie + dépistage cancer du sein + cancer du sein symptôme,2018_2019,2018-09-01,2018-11-30
2018-09-05,21,Octobre Rose,Octobre rose + cancer du sein + mammographie + dépistage cancer du sein + cancer du sein symptôme,2018_2019,2018-09-01,2018-11-30
2018-09-06,22,Octobre Rose,Octobre rose + cancer du sein + mammographie + dépistage cancer du sein + cancer du sein symptôme,2018_2019,2018-09-01,2018-11-30
2018-09-07,22,Octobre Rose,Octobre rose + cancer du sein + mammographie + dépistage cancer du sein + cancer du sein symptôme,2018_2019,2018-09-01,2018-11-30
2018-09-08,17,Octobre Rose,Octobre rose + cancer du sein + mammographie + dépistage cancer du sein + cancer du sein symptôme,2018_2019,2018-09-01,2018-11-30
2018-09-09,18,Octobre Rose,Octobre rose + cancer du sein + mammographie + dépistage cancer du sein + cancer du sein symptôme,2018_2019,2018-09-01,2018-11-30
2018-09-10,26,Octobre Rose,Octobre rose + cancer du sein + mammographie + dépistage cancer du sein + cancer du sein symptôme,2018_2019,2018-09-01,2018-11-30
2018-09-11,28,Octobre Rose,Octobre rose + cancer du sein + mammographie + dépistage cancer du sein + cancer du sein symptôme,2018_2019,2018-09-01,2018-11-30
2018-09-12,24,Octobre Rose,Octobre rose + cancer du sein + mammographie + dépistage cancer du sein + cancer du sein symptôme,2018_2019,2018-09-01,2018-11-30
2018-09-13,25,Octobre Rose,Octobre rose + cancer du sein + mammographie + dépistage cancer du sein + cancer du sein symptôme,2018_2019,2018-09-01,2018-11-30
2018-09-14,26,Octobre Rose,Octobre rose + cancer du sein + mammographie + dépistage cancer du sein + cancer du sein symptôme,2018_2019,2018-09-01,2018-11-30
2018-09-15,19,Octobre Rose,Octobre rose + cancer du sein + mammographie + dépistage cancer du sein + cancer du sein symptôme,2018_2019,2018-09-01,2018-11-30
2018-09-16,18,Octobre Rose,Octobre rose + cancer du sein + mammographie + dépistage cancer du sein + cancer du sein symptôme,2018_2019,2018-09-01,2018-11-30
2018-09-17,35,Octobre Rose,Octobre rose + cancer du sein + mammographie + dépistage cancer du sein + cancer du sein symptôme,2018_2019,2018-09-01,2018-11-30
2018-09-18,28,Octobre Rose,Octobre rose + cancer du sein + mammographie + dépistage cancer du sein + cancer du sein symptôme,2018_2019,2018-09-01,2018-11-30
2018-09-19,29,Octobre Rose,Octobre rose + cancer du sein + mammographie + dépistage cancer du sein + cancer du sein symptôme,2018_2019,2018-09-01,2018-11-30
2018-09-20,32,Octobre Rose,Octobre rose + cancer du sein + mammographie + dépistage cancer du sein + cancer du sein symptôme,2018_2019,2018-09-01,2018-11-30
2018-09-21,27,Octobre Rose,Octobre rose + cancer du sein + mammographie + dépistage cancer du sein + cancer du sein symptôme,2018_2019,2018-09-01,2018-11-30
2018-09-22,22,Octobre Rose,Octobre rose + cancer du sein + mammographie + dépistage cancer du sein + cancer du sein symptôme,2018_2019,2018-09-01,2018-11-30
2018-09-23,27,Octobre Rose,Octobre rose + cancer du sein + mammographie + dépistage cancer du sein + cancer du sein symptôme,2018_2019,2018-09-01,2018-11-30
2018-09-24,35,Octobre Rose,Octobre rose + cancer du sein + mammographie + dépistage cancer du sein + cancer du sein symptôme,2018_2019,2018-09-01,2018-11-30
2018-09-25,32,Octobre Rose,Octobre rose + cancer du sein + mammographie + dépistage cancer du sein + cancer du sein symptôme,2018_2019,2018-09-01,2018-11-30
2018-09-26,33,Octobre Rose,Octobre rose + cancer du sein + mammographie + dépistage cancer du sein + cancer du sein symptôme,2018_2019,2018-09-01,2018-11-30
2018-09-27,37,Octobre Rose,Octobre rose + cancer du sein + mammographie + dépistage cancer du sein + cancer du sein symptôme,2018_2019,2018-09-01,2018-11-30
2018-09-28,38,Octobre Rose,Octobre rose + cancer du sein + mammographie + dépistage cancer du sein + cancer du sein symptôme,2018_2019,2018-09-01,2018-11-30
2018-09-29,34,Octobre Rose,Octobre rose + cancer du sein + mammographie + dépistage cancer du sein + cancer du sein symptôme,2018_2019,2018-09-01,2018-11-30
2018-09-30,47,Octobre Rose,Octobre rose + cancer du sein + mammographie + dépistage cancer du sein + cancer du sein symptôme,2018_2019,2018-09-01,2018-11-30
2018-10-01,100,Octobre Rose,Octobre rose + cancer du sein + mammographie + dépistage cancer du sein + cancer du sein symptôme,2018_2019,2018-09-01,2018-11-30
2018-10-02,84,Octobre Rose,Octobre rose + cancer du sein + mammographie + dépistage cancer du sein + cancer du sein symptôme,2018_2019,2018-09-01,2018-11-30
2018-10-03,79,Octobre Rose,Octobre rose + cancer du sein + mammographie + dépistage cancer du sein + cancer du sein symptôme,2018_2019,2018-09-01,2018-11-30
2018-10-04,69,Octobre Rose,Octobre rose + cancer du sein + mammographie + dépistage cancer du sein + cancer du sein symptôme,2018_2019,2018-09-01,2018-11-30
2018-10-05,67,Octobre Rose,Octobre rose + cancer du sein + mammographie + dépistage cancer du sein + cancer du sein symptôme,2018_2019,2018-09-01,2018-11-30
2018-10-06,70,Octobre Rose,Octobre rose + cancer du sein + mammographie + dépistage cancer du sein + cancer du sein symptôme,2018_2019,2018-09-01,2018-11-30
2018-10-07,68,Octobre Rose,Octobre rose + cancer du sein + mammographie + dépistage cancer du sein + cancer du sein symptôme,2018_2019,2018-09-01,2018-11-30
2018-10-08,60,Octobre Rose,Octobre rose + cancer du sein + mammographie + dépistage cancer du sein + cancer du sein symptôme,2018_2019,2018-09-01,2018-11-30
2018-10-09,46,Octobre Rose,Octobre rose + cancer du sein + mammographie + dépistage cancer du sein + cancer du sein symptôme,2018_2019,2018-09-01,2018-11-30
2018-10-10,50,Octobre Rose,Octobre rose + cancer du sein + mammographie + dépistage cancer du sein + cancer du sein symptôme,2018_2019,2018-09-01,2018-11-30
2018-10-11,53,Octobre Rose,Octobre rose + cancer du sein + mammographie + dépistage cancer du sein + cancer du sein symptôme,2018_2019,2018-09-01,2018-11-30
2018-10-12,51,Octobre Rose,Octobre rose + cancer du sein + mammographie + dépistage cancer du sein + cancer du sein symptôme,2018_2019,2018-09-01,2018-11-30
2018-10-13,54,Octobre Rose,Octobre rose + cancer du sein + mammographie + dépistage cancer du sein + cancer du sein symptôme,2018_2019,2018-09-01,2018-11-30
2018-10-14,63,Octobre Rose,Octobre rose + cancer du sein + mammographie + dépistage cancer du sein + cancer du sein symptôme,2018_2019,2018-09-01,2018-11-30
2018-10-15,44,Octobre Rose,Octobre rose + cancer du sein + mammographie + dépistage cancer du sein + cancer du sein symptôme,2018_2019,2018-09-01,2018-11-30
2018-10-16,38,Octobre Rose,Octobre rose + cancer du sein + mammographie + dépistage cancer du sein + cancer du sein symptôme,2018_2019,2018-09-01,2018-11-30
2018-10-17,44,Octobre Rose,Octobre rose + cancer du sein + mammographie + dépistage cancer du sein + cancer du sein symptôme,2018_2019,2018-09-01,2018-11-30
2018-10-18,38,Octobre Rose,Octobre rose + cancer du sein + mammographie + dépistage cancer du sein + cancer du sein symptôme,2018_2019,2018-09-01,2018-11-30
2018-10-19,33,Octobre Rose,Octobre rose + cancer du sein + mammographie + dépistage cancer du sein + cancer du sein symptôme,2018_2019,2018-09-01,2018-11-30
2018-10-20,36,Octobre Rose,Octobre rose + cancer du sein + mammographie + dépistage cancer du sein + cancer du sein symptôme,2018_2019,2018-09-01,2018-11-30
2018-10-21,36,Octobre Rose,Octobre rose + cancer du sein + mammographie + dépistage cancer du sein + cancer du sein symptôme,2018_2019,2018-09-01,2018-11-30
2018-10-22,30,Octobre Rose,Octobre rose + cancer du sein + mammographie + dépistage cancer du sein + cancer du sein symptôme,2018_2019,2018-09-01,2018-11-30
2018-10-23,29,Octobre Rose,Octobre rose + cancer du sein + mammographie + dépistage cancer du sein + cancer du sein symptôme,2018_2019,2018-09-01,2018-11-30
2018-10-24,30,Octobre Rose,Octobre rose + cancer du sein + mammographie + dépistage cancer du sein + cancer du sein symptôme,2018_2019,2018-09-01,2018-11-30
2018-10-25,24,Octobre Rose,Octobre rose + cancer du sein + mammographie + dépistage cancer du sein + cancer du sein symptôme,2018_2019,2018-09-01,2018-11-30
2018-10-26,27,Octobre Rose,Octobre rose + cancer du sein + mammographie + dépistage cancer du sein + cancer du sein symptôme,2018_2019,2018-09-01,2018-11-30
2018-10-27,25,Octobre Rose,Octobre rose + cancer du sein + mammographie + dépistage cancer du sein + cancer du sein symptôme,2018_2019,2018-09-01,2018-11-30
2018-10-28,21,Octobre Rose,Octobre rose + cancer du sein + mammographie + dépistage cancer du sein + cancer du sein symptôme,2018_2019,2018-09-01,2018-11-30
2018-10-29,27,Octobre Rose,Octobre rose + cancer du sein + mammographie + dépistage cancer du sein + cancer du sein symptôme,2018_2019,2018-09-01,2018-11-30
2018-10-30,23,Octobre Rose,Octobre rose + cancer du sein + mammographie + dépistage cancer du sein + cancer du sein symptôme,2018_2019,2018-09-01,2018-11-30
2018-10-31,21,Octobre Rose,Octobre rose + cancer du sein + mammographie + dépistage cancer du sein + cancer du sein symptôme,2018_2019,2018-09-01,2018-11-30
2018-11-01,13,Octobre Rose,Octobre rose + cancer du sein + mammographie + dépistage cancer du sein + cancer du sein symptôme,2018_2019,2018-09-01,2018-11-30
2018-11-02,17,Octobre Rose,Octobre rose + cancer du sein + mammographie + dépistage cancer du sein + cancer du sein symptôme,2018_2019,2018-09-01,2018-11-30
2018-11-03,13,Octobre Rose,Octobre rose + cancer du sein + mammographie + dépistage cancer du sein + cancer du sein symptôme,2018_2019,2018-09-01,2018-11-30
2018-11-04,18,Octobre Rose,Octobre rose + cancer du sein + mammographie + dépistage cancer du sein + cancer du sein symptôme,2018_2019,2018-09-01,2018-11-30
2018-11-05,22,Octobre Rose,Octobre rose + cancer du sein + mammographie + dépistage cancer du sein + cancer du sein symptôme,2018_2019,2018-09-01,2018-11-30
2018-11-06,24,Octobre Rose,Octobre rose + cancer du sein + mammographie + dépistage cancer du sein + cancer du sein symptôme,2018_2019,2018-09-01,2018-11-30
2018-11-07,21,Octobre Rose,Octobre rose + cancer du sein + mammographie + dépistage cancer du sein + cancer du sein symptôme,2018_2019,2018-09-01,2018-11-30
2018-11-08,20,Octobre Rose,Octobre rose + cancer du sein + mammographie + dépistage cancer du sein + cancer du sein symptôme,2018_2019,2018-09-01,2018-11-30
2018-11-09,20,Octobre Rose,Octobre rose + cancer du sein + mammographie + dépistage cancer du sein + cancer du sein symptôme,2018_2019,2018-09-01,2018-11-30
2018-11-10,14,Octobre Rose,Octobre rose + cancer du sein + mammographie + dépistage cancer du sein + cancer du sein symptôme,2018_2019,2018-09-01,2018-11-30
2018-11-11,14,Octobre Rose,Octobre rose + cancer du sein + mammographie + dépistage cancer du sein + cancer du sein symptôme,2018_2019,2018-09-01,2018-11-30
2018-11-12,22,Octobre Rose,Octobre rose + cancer du sein + mammographie + dépistage cancer du sein + cancer du sein symptôme,2018_2019,2018-09-01,2018-11-30
2018-11-13,23,Octobre Rose,Octobre rose + cancer du sein + mammographie + dépistage cancer du sein + cancer du sein symptôme,2018_2019,2018-09-01,2018-11-30
2018-11-14,22,Octobre Rose,Octobre rose + cancer du sein + mammographie + dépistage cancer du sein + cancer du sein symptôme,2018_2019,2018-09-01,2018-11-30
2018-11-15,18,Octobre Rose,Octobre rose + cancer du sein + mammographie + dépistage cancer du sein + cancer du sein symptôme,2018_2019,2018-09-01,2018-11-30
2018-11-16,20,Octobre Rose,Octobre rose + cancer du sein + mammographie + dépistage cancer du sein + cancer du sein symptôme,2018_2019,2018-09-01,2018-11-30
2018-11-17,13,Octobre Rose,Octobre rose + cancer du sein + mammographie + dépistage cancer du sein + cancer du sein symptôme,2018_2019,2018-09-01,2018-11-30
2018-11-18,14,Octobre Rose,Octobre rose + cancer du sein + mammographie + dépistage cancer du sein + cancer du sein symptôme,2018_2019,2018-09-01,2018-11-30
2018-11-19,18,Octobre Rose,Octobre rose + cancer du sein + mammographie + dépistage cancer du sein + cancer du sein symptôme,2018_2019,2018-09-01,2018-11-30
2018-11-20,18,Octobre Rose,Octobre rose + cancer du sein + mammographie + dépistage cancer du sein + cancer du sein symptôme,2018_2019,2018-09-01,2018-11-30
2018-11-21,17,Octobre Rose,Octobre rose + cancer du sein + mammographie + dépistage cancer du sein + cancer du sein symptôme,2018_2019,2018-09-01,2018-11-30
2018-11-22,19,Octobre Rose,Octobre rose + cancer du sein + mammographie + dépistage cancer du sein + cancer du sein symptôme,2018_2019,2018-09-01,2018-11-30
2018-11-23,20,Octobre Rose,Octobre rose + cancer du sein + mammographie + dépistage cancer du sein + cancer du sein symptôme,2018_2019,2018-09-01,2018-11-30
2018-11-24,13,Octobre Rose,Octobre rose + cancer du sein + mammographie + dépistage cancer du sein + cancer du sein symptôme,2018_2019,2018-09-01,2018-11-30
2018-11-25,12,Octobre Rose,Octobre rose + cancer du sein + mammographie + dépistage cancer du sein + cancer du sein symptôme,2018_2019,2018-09-01,2018-11-30
2018-11-26,19,Octobre Rose,Octobre rose + cancer du sein + mammographie + dépistage cancer du sein + cancer du sein symptôme,2018_2019,2018-09-01,2018-11-30
2018-11-27,19,Octobre Rose,Octobre rose + cancer du sein + mammographie + dépistage cancer du sein + cancer du sein symptôme,2018_2019,2018-09-01,2018-11-30
2018-11-28,23,Octobre Rose,Octobre rose + cancer du sein + mammographie + dépistage cancer du sein + cancer du sein symptôme,2018_2019,2018-09-01,2018-11-30
2018-11-29,21,Octobre Rose,Octobre rose + cancer du sein + mammographie + dépistage cancer du sein + cancer du sein symptôme,2018_2019,2018-09-01,2018-11-30
2018-11-30,17,Octobre Rose,Octobre rose + cancer du sein + mammographie + dépistage cancer du sein + cancer du sein symptôme,2018_2019,2018-09-01,2018-11-30
2019-09-01,10,Octobre Rose,Octobre rose + cancer du sein + mammographie + dépistage cancer du sein + cancer du sein symptôme,2019_2020,2019-09-01,2019-11-30
2019-09-02,14,Octobre Rose,Octobre rose + cancer du sein + mammographie + dépistage cancer du sein + cancer du sein symptôme,2019_2020,2019-09-01,2019-11-30
2019-09-03,17,Octobre Rose,Octobre rose + cancer du sein + mammographie + dépistage cancer du sein + cancer du sein symptôme,2019_2020,2019-09-01,2019-11-30
2019-09-04,18,Octobre Rose,Octobre rose + cancer du sein + mammographie + dépistage cancer du sein + cancer du sein symptôme,2019_2020,2019-09-01,2019-11-30
2019-09-05,18,Octobre Rose,Octobre rose + cancer du sein + mammographie + dépistage cancer du sein + cancer du sein symptôme,2019_2020,2019-09-01,2019-11-30
2019-09-06,18,Octobre Rose,Octobre rose + cancer du sein + mammographie + dépistage cancer du sein + cancer du sein symptôme,2019_2020,2019-09-01,2019-11-30
2019-09-07,13,Octobre Rose,Octobre rose + cancer du sein + mammographie + dépistage cancer du sein + cancer du sein symptôme,2019_2020,2019-09-01,2019-11-30
2019-09-08,16,Octobre Rose,Octobre rose + cancer du sein + mammographie + dépistage cancer du sein + cancer du sein symptôme,2019_2020,2019-09-01,2019-11-30
2019-09-09,19,Octobre Rose,Octobre rose + cancer du sein + mammographie + dépistage cancer du sein + cancer du sein symptôme,2019_2020,2019-09-01,2019-11-30
2019-09-10,18,Octobre Rose,Octobre rose + cancer du sein + mammographie + dépistage cancer du sein + cancer du sein symptôme,2019_2020,2019-09-01,2019-11-30
2019-09-11,17,Octobre Rose,Octobre rose + cancer du sein + mammographie + dépistage cancer du sein + cancer du sein symptôme,2019_2020,2019-09-01,2019-11-30
2019-09-12,19,Octobre Rose,Octobre rose + cancer du sein + mammographie + dépistage cancer du sein + cancer du sein symptôme,2019_2020,2019-09-01,2019-11-30
2019-09-13,21,Octobre Rose,Octobre rose + cancer du sein + mammographie + dépistage cancer du sein + cancer du sein symptôme,2019_2020,2019-09-01,2019-11-30
2019-09-14,17,Octobre Rose,Octobre rose + cancer du sein + mammographie + dépistage cancer du sein + cancer du sein symptôme,2019_2020,2019-09-01,2019-11-30
2019-09-15,15,Octobre Rose,Octobre rose + cancer du sein + mammographie + dépistage cancer du sein + cancer du sein symptôme,2019_2020,2019-09-01,2019-11-30
2019-09-16,22,Octobre Rose,Octobre rose + cancer du sein + mammographie + dépistage cancer du sein + cancer du sein symptôme,2019_2020,2019-09-01,2019-11-30
2019-09-17,27,Octobre Rose,Octobre rose + cancer du sein + mammographie + dépistage cancer du sein + cancer du sein symptôme,2019_2020,2019-09-01,2019-11-30
2019-09-18,27,Octobre Rose,Octobre rose + cancer du sein + mammographie + dépistage cancer du sein + cancer du sein symptôme,2019_2020,2019-09-01,2019-11-30
2019-09-19,20,Octobre Rose,Octobre rose + cancer du sein + mammographie + dépistage cancer du sein + cancer du sein symptôme,2019_2020,2019-09-01,2019-11-30
2019-09-20,20,Octobre Rose,Octobre rose + cancer du sein + mammographie + dépistage cancer du sein + cancer du sein symptôme,2019_2020,2019-09-01,2019-11-30
2019-09-21,15,Octobre Rose,Octobre rose + cancer du sein + mammographie + dépistage cancer du sein + cancer du sein symptôme,2019_2020,2019-09-01,2019-11-30
2019-09-22,21,Octobre Rose,Octobre rose + cancer du sein + mammographie + dépistage cancer du sein + cancer du sein symptôme,2019_2020,2019-09-01,2019-11-30
2019-09-23,27,Octobre Rose,Octobre rose + cancer du sein + mammographie + dépistage cancer du sein + cancer du sein symptôme,2019_2020,2019-09-01,2019-11-30
2019-09-24,23,Octobre Rose,Octobre rose + cancer du sein + mammographie + dépistage cancer du sein + cancer du sein symptôme,2019_2020,2019-09-01,2019-11-30
2019-09-25,24,Octobre Rose,Octobre rose + cancer du sein + mammographie + dépistage cancer du sein + cancer du sein symptôme,2019_2020,2019-09-01,2019-11-30
2019-09-26,26,Octobre Rose,Octobre rose + cancer du sein + mammographie + dépistage cancer du sein + cancer du sein symptôme,2019_2020,2019-09-01,2019-11-30
2019-09-27,31,Octobre Rose,Octobre rose + cancer du sein + mammographie + dépistage cancer du sein + cancer du sein symptôme,2019_2020,2019-09-01,2019-11-30
2019-09-28,25,Octobre Rose,Octobre rose + cancer du sein + mammographie + dépistage cancer du sein + cancer du sein symptôme,2019_2020,2019-09-01,2019-11-30
2019-09-29,26,Octobre Rose,Octobre rose + cancer du sein + mammographie + dépistage cancer du sein + cancer du sein symptôme,2019_2020,2019-09-01,2019-11-30
2019-09-30,43,Octobre Rose,Octobre rose + cancer du sein + mammographie + dépistage cancer du sein + cancer du sein symptôme,2019_2020,2019-09-01,2019-11-30
2019-10-01,100,Octobre Rose,Octobre rose + cancer du sein + mammographie + dépistage cancer du sein + cancer du sein symptôme,2019_2020,2019-09-01,2019-11-30
2019-10-02,81,Octobre Rose,Octobre rose + cancer du sein + mammographie + dépistage cancer du sein + cancer du sein symptôme,2019_2020,2019-09-01,2019-11-30
2019-10-03,61,Octobre Rose,Octobre rose + cancer du sein + mammographie + dépistage cancer du sein + cancer du sein symptôme,2019_2020,2019-09-01,2019-11-30
2019-10-04,55,Octobre Rose,Octobre rose + cancer du sein + mammographie + dépistage cancer du sein + cancer du sein symptôme,2019_2020,2019-09-01,2019-11-30
2019-10-05,54,Octobre Rose,Octobre rose + cancer du sein + mammographie + dépistage cancer du sein + cancer du sein symptôme,2019_2020,2019-09-01,2019-11-30
2019-10-06,63,Octobre Rose,Octobre rose + cancer du sein + mammographie + dépistage cancer du sein + cancer du sein symptôme,2019_2020,2019-09-01,2019-11-30
2019-10-07,48,Octobre Rose,Octobre rose + cancer du sein + mammographie + dépistage cancer du sein + cancer du sein symptôme,2019_2020,2019-09-01,2019-11-30
2019-10-08,44,Octobre Rose,Octobre rose + cancer du sein + mammographie + dépistage cancer du sein + cancer du sein symptôme,2019_2020,2019-09-01,2019-11-30
2019-10-09,38,Octobre Rose,Octobre rose + cancer du sein + mammographie + dépistage cancer du sein + cancer du sein symptôme,2019_2020,2019-09-01,2019-11-30
2019-10-10,42,Octobre Rose,Octobre rose + cancer du sein + mammographie + dépistage cancer du sein + cancer du sein symptôme,2019_2020,2019-09-01,2019-11-30
2019-10-11,43,Octobre Rose,Octobre rose + cancer du sein + mammographie + dépistage cancer du sein + cancer du sein symptôme,2019_2020,2019-09-01,2019-11-30
2019-10-12,46,Octobre Rose,Octobre rose + cancer du sein + mammographie + dépistage cancer du sein + cancer du sein symptôme,2019_2020,2019-09-01,2019-11-30
2019-10-13,49,Octobre Rose,Octobre rose + cancer du sein + mammographie + dépistage cancer du sein + cancer du sein symptôme,2019_2020,2019-09-01,2019-11-30
2019-10-14,35,Octobre Rose,Octobre rose + cancer du sein + mammographie + dépistage cancer du sein + cancer du sein symptôme,2019_2020,2019-09-01,2019-11-30
2019-10-15,30,Octobre Rose,Octobre rose + cancer du sein + mammographie + dépistage cancer du sein + cancer du sein symptôme,2019_2020,2019-09-01,2019-11-30
2019-10-16,30,Octobre Rose,Octobre rose + cancer du sein + mammographie + dépistage cancer du sein + cancer du sein symptôme,2019_2020,2019-09-01,2019-11-30
2019-10-17,27,Octobre Rose,Octobre rose + cancer du sein + mammographie + dépistage cancer du sein + cancer du sein symptôme,2019_2020,2019-09-01,2019-11-30
2019-10-18,27,Octobre Rose,Octobre rose + cancer du sein + mammographie + dépistage cancer du sein + cancer du sein symptôme,2019_2020,2019-09-01,2019-11-30
2019-10-19,28,Octobre Rose,Octobre rose + cancer du sein + mammographie + dépistage cancer du sein + cancer du sein symptôme,2019_2020,2019-09-01,2019-11-30
2019-10-20,25,Octobre Rose,Octobre rose + cancer du sein + mammographie + dépistage cancer du sein + cancer du sein symptôme,2019_2020,2019-09-01,2019-11-30
2019-10-21,26,Octobre Rose,Octobre rose + cancer du sein + mammographie + dépistage cancer du sein + cancer du sein symptôme,2019_2020,2019-09-01,2019-11-30
2019-10-22,22,Octobre Rose,Octobre rose + cancer du sein + mammographie + dépistage cancer du sein + cancer du sein symptôme,2019_2020,2019-09-01,2019-11-30
2019-10-23,22,Octobre Rose,Octobre rose + cancer du sein + mammographie + dépistage cancer du sein + cancer du sein symptôme,2019_2020,2019-09-01,2019-11-30
2019-10-24,22,Octobre Rose,Octobre rose + cancer du sein + mammographie + dépistage cancer du sein + cancer du sein symptôme,2019_2020,2019-09-01,2019-11-30
2019-10-25,23,Octobre Rose,Octobre rose + cancer du sein + mammographie + dépistage cancer du sein + cancer du sein symptôme,2019_2020,2019-09-01,2019-11-30
2019-10-26,17,Octobre Rose,Octobre rose + cancer du sein + mammographie + dépistage cancer du sein + cancer du sein symptôme,2019_2020,2019-09-01,2019-11-30
2019-10-27,18,Octobre Rose,Octobre rose + cancer du sein + mammographie + dépistage cancer du sein + cancer du sein symptôme,2019_2020,2019-09-01,2019-11-30
2019-10-28,20,Octobre Rose,Octobre rose + cancer du sein + mammographie + dépistage cancer du sein + cancer du sein symptôme,2019_2020,2019-09-01,2019-11-30
2019-10-29,20,Octobre Rose,Octobre rose + cancer du sein + mammographie + dépistage cancer du sein + cancer du sein symptôme,2019_2020,2019-09-01,2019-11-30
2019-10-30,18,Octobre Rose,Octobre rose + cancer du sein + mammographie + dépistage cancer du sein + cancer du sein symptôme,2019_2020,2019-09-01,2019-11-30
2019-10-31,15,Octobre Rose,Octobre rose + cancer du sein + mammographie + dépistage cancer du sein + cancer du sein symptôme,2019_2020,2019-09-01,2019-11-30
2019-11-01,10,Octobre Rose,Octobre rose + cancer du sein + mammographie + dépistage cancer du sein + cancer du sein symptôme,2019_2020,2019-09-01,2019-11-30
2019-11-02,11,Octobre Rose,Octobre rose + cancer du sein + mammographie + dépistage cancer du sein + cancer du sein symptôme,2019_2020,2019-09-01,2019-11-30
2019-11-03,15,Octobre Rose,Octobre rose + cancer du sein + mammographie + dépistage cancer du sein + cancer du sein symptôme,2019_2020,2019-09-01,2019-11-30
2019-11-04,20,Octobre Rose,Octobre rose + cancer du sein + mammographie + dépistage cancer du sein + cancer du sein symptôme,2019_2020,2019-09-01,2019-11-30
2019-11-05,17,Octobre Rose,Octobre rose + cancer du sein + mammographie + dépistage cancer du sein + cancer du sein symptôme,2019_2020,2019-09-01,2019-11-30
2019-11-06,18,Octobre Rose,Octobre rose + cancer du sein + mammographie + dépistage cancer du sein + cancer du sein symptôme,2019_2020,2019-09-01,2019-11-30
2019-11-07,13,Octobre Rose,Octobre rose + cancer du sein + mammographie + dépistage cancer du sein + cancer du sein symptôme,2019_2020,2019-09-01,2019-11-30
2019-11-08,17,Octobre Rose,Octobre rose + cancer du sein + mammographie + dépistage cancer du sein + cancer du sein symptôme,2019_2020,2019-09-01,2019-11-30
2019-11-09,10,Octobre Rose,Octobre rose + cancer du sein + mammographie + dépistage cancer du sein + cancer du sein symptôme,2019_2020,2019-09-01,2019-11-30
2019-11-10,10,Octobre Rose,Octobre rose + cancer du sein + mammographie + dépistage cancer du sein + cancer du sein symptôme,2019_2020,2019-09-01,2019-11-30
2019-11-11,8,Octobre Rose,Octobre rose + cancer du sein + mammographie + dépistage cancer du sein + cancer du sein symptôme,2019_2020,2019-09-01,2019-11-30
2019-11-12,16,Octobre Rose,Octobre rose + cancer du sein + mammographie + dépistage cancer du sein + cancer du sein symptôme,2019_2020,2019-09-01,2019-11-30
2019-11-13,15,Octobre Rose,Octobre rose + cancer du sein + mammographie + dépistage cancer du sein + cancer du sein symptôme,2019_2020,2019-09-01,2019-11-30
2019-11-14,15,Octobre Rose,Octobre rose + cancer du sein + mammographie + dépistage cancer du sein + cancer du sein symptôme,2019_2020,2019-09-01,2019-11-30
2019-11-15,12,Octobre Rose,Octobre rose + cancer du sein + mammographie + dépistage cancer du sein + cancer du sein symptôme,2019_2020,2019-09-01,2019-11-30
2019-11-16,10,Octobre Rose,Octobre rose + cancer du sein + mammographie + dépistage cancer du sein + cancer du sein symptôme,2019_2020,2019-09-01,2019-11-30
2019-11-17,10,Octobre Rose,Octobre rose + cancer du sein + mammographie + dépistage cancer du sein + cancer du sein symptôme,2019_2020,2019-09-01,2019-11-30
2019-11-18,16,Octobre Rose,Octobre rose + cancer du sein + mammographie + dépistage cancer du sein + cancer du sein symptôme,2019_2020,2019-09-01,2019-11-30
2019-11-19,14,Octobre Rose,Octobre rose + cancer du sein + mammographie + dépistage cancer du sein + cancer du sein symptôme,2019_2020,2019-09-01,2019-11-30
2019-11-20,19,Octobre Rose,Octobre rose + cancer du sein + mammographie + dépistage cancer du sein + cancer du sein symptôme,2019_2020,2019-09-01,2019-11-30
2019-11-21,16,Octobre Rose,Octobre rose + cancer du sein + mammographie + dépistage cancer du sein + cancer du sein symptôme,2019_2020,2019-09-01,2019-11-30
2019-11-22,13,Octobre Rose,Octobre rose + cancer du sein + mammographie + dépistage cancer du sein + cancer du sein symptôme,2019_2020,2019-09-01,2019-11-30
2019-11-23,9,Octobre Rose,Octobre rose + cancer du sein + mammographie + dépistage cancer du sein + cancer du sein symptôme,2019_2020,2019-09-01,2019-11-30
2019-11-24,10,Octobre Rose,Octobre rose + cancer du sein + mammographie + dépistage cancer du sein + cancer du sein symptôme,2019_2020,2019-09-01,2019-11-30
2019-11-25,17,Octobre Rose,Octobre rose + cancer du sein + mammographie + dépistage cancer du sein + cancer du sein symptôme,2019_2020,2019-09-01,2019-11-30
2019-11-26,16,Octobre Rose,Octobre rose + cancer du sein + mammographie + dépistage cancer du sein + cancer du sein symptôme,2019_2020,2019-09-01,2019-11-30
2019-11-27,13,Octobre Rose,Octobre rose + cancer du sein + mammographie + dépistage cancer du sein + cancer du sein symptôme,2019_2020,2019-09-01,2019-11-30
2019-11-28,14,Octobre Rose,Octobre rose + cancer du sein + mammographie + dépistage cancer du sein + cancer du sein symptôme,2019_2020,2019-09-01,2019-11-30
2019-11-29,14,Octobre Rose,Octobre rose + cancer du sein + mammographie + dépistage cancer du sein + cancer du sein symptôme,2019_2020,2019-09-01,2019-11-30
2019-11-30,8,Octobre Rose,Octobre rose + cancer du sein + mammographie + dépistage cancer du sein + cancer du sein symptôme,2019_2020,2019-09-01,2019-11-30
2020-09-01,10,Octobre Rose,Octobre rose + cancer du sein + mammographie + dépistage cancer du sein + cancer du sein symptôme,2020_2021,2020-09-01,2020-11-30
2020-09-02,11,Octobre Rose,Octobre rose + cancer du sein + mammographie + dépistage cancer du sein + cancer du sein symptôme,2020_2021,2020-09-01,2020-11-30
2020-09-03,11,Octobre Rose,Octobre rose + cancer du sein + mammographie + dépistage cancer du sein + cancer du sein symptôme,2020_2021,2020-09-01,2020-11-30
2020-09-04,12,Octobre Rose,Octobre rose + cancer du sein + mammographie + dépistage cancer du sein + cancer du sein symptôme,2020_2021,2020-09-01,2020-11-30
2020-09-05,8,Octobre Rose,Octobre rose + cancer du sein + mammographie + dépistage cancer du sein + cancer du sein symptôme,2020_2021,2020-09-01,2020-11-30
2020-09-06,9,Octobre Rose,Octobre rose + cancer du sein + mammographie + dépistage cancer du sein + cancer du sein symptôme,2020_2021,2020-09-01,2020-11-30
2020-09-07,14,Octobre Rose,Octobre rose + cancer du sein + mammographie + dépistage cancer du sein + cancer du sein symptôme,2020_2021,2020-09-01,2020-11-30
2020-09-08,14,Octobre Rose,Octobre rose + cancer du sein + mammographie + dépistage cancer du sein + cancer du sein symptôme,2020_2021,2020-09-01,2020-11-30
2020-09-09,11,Octobre Rose,Octobre rose + cancer du sein + mammographie + dépistage cancer du sein + cancer du sein symptôme,2020_2021,2020-09-01,2020-11-30
2020-09-10,13,Octobre Rose,Octobre rose + cancer du sein + mammographie + dépistage cancer du sein + cancer du sein symptôme,2020_2021,2020-09-01,2020-11-30
2020-09-11,12,Octobre Rose,Octobre rose + cancer du sein + mammographie + dépistage cancer du sein + cancer du sein symptôme,2020_2021,2020-09-01,2020-11-30
2020-09-12,9,Octobre Rose,Octobre rose + cancer du sein + mammographie + dépistage cancer du sein + cancer du sein symptôme,2020_2021,2020-09-01,2020-11-30
2020-09-13,8,Octobre Rose,Octobre rose + cancer du sein + mammographie + dépistage cancer du sein + cancer du sein symptôme,2020_2021,2020-09-01,2020-11-30
2020-09-14,14,Octobre Rose,Octobre rose + cancer du sein + mammographie + dépistage cancer du sein + cancer du sein symptôme,2020_2021,2020-09-01,2020-11-30
2020-09-15,13,Octobre Rose,Octobre rose + cancer du sein + mammographie + dépistage cancer du sein + cancer du sein symptôme,2020_2021,2020-09-01,2020-11-30
2020-09-16,14,Octobre Rose,Octobre rose + cancer du sein + mammographie + dépistage cancer du sein + cancer du sein symptôme,2020_2021,2020-09-01,2020-11-30
2020-09-17,13,Octobre Rose,Octobre rose + cancer du sein + mammographie + dépistage cancer du sein + cancer du sein symptôme,2020_2021,2020-09-01,2020-11-30
2020-09-18,11,Octobre Rose,Octobre rose + cancer du sein + mammographie + dépistage cancer du sein + cancer du sein symptôme,2020_2021,2020-09-01,2020-11-30
2020-09-19,10,Octobre Rose,Octobre rose + cancer du sein + mammographie + dépistage cancer du sein + cancer du sein symptôme,2020_2021,2020-09-01,2020-11-30
2020-09-20,10,Octobre Rose,Octobre rose + cancer du sein + mammographie + dépistage cancer du sein + cancer du sein symptôme,2020_2021,2020-09-01,2020-11-30
2020-09-21,15,Octobre Rose,Octobre rose + cancer du sein + mammographie + dépistage cancer du sein + cancer du sein symptôme,2020_2021,2020-09-01,2020-11-30
2020-09-22,16,Octobre Rose,Octobre rose + cancer du sein + mammographie + dépistage cancer du sein + cancer du sein symptôme,2020_2021,2020-09-01,2020-11-30
2020-09-23,14,Octobre Rose,Octobre rose + cancer du sein + mammographie + dépistage cancer du sein + cancer du sein symptôme,2020_2021,2020-09-01,2020-11-30
2020-09-24,15,Octobre Rose,Octobre rose + cancer du sein + mammographie + dépistage cancer du sein + cancer du sein symptôme,2020_2021,2020-09-01,2020-11-30
2020-09-25,13,Octobre Rose,Octobre rose + cancer du sein + mammographie + dépistage cancer du sein + cancer du sein symptôme,2020_2021,2020-09-01,2020-11-30
2020-09-26,11,Octobre Rose,Octobre rose + cancer du sein + mammographie + dépistage cancer du sein + cancer du sein symptôme,2020_2021,2020-09-01,2020-11-30
2020-09-27,14,Octobre Rose,Octobre rose + cancer du sein + mammographie + dépistage cancer du sein + cancer du sein symptôme,2020_2021,2020-09-01,2020-11-30
2020-09-28,21,Octobre Rose,Octobre rose + cancer du sein + mammographie + dépistage cancer du sein + cancer du sein symptôme,2020_2021,2020-09-01,2020-11-30
2020-09-29,20,Octobre Rose,Octobre rose + cancer du sein + mammographie + dépistage cancer du sein + cancer du sein symptôme,2020_2021,2020-09-01,2020-11-30
2020-09-30,27,Octobre Rose,Octobre rose + cancer du sein + mammographie + dépistage cancer du sein + cancer du sein symptôme,2020_2021,2020-09-01,2020-11-30
2020-10-01,100,Octobre Rose,Octobre rose + cancer du sein + mammographie + dépistage cancer du sein + cancer du sein symptôme,2020_2021,2020-09-01,2020-11-30
2020-10-02,75,Octobre Rose,Octobre rose + cancer du sein + mammographie + dépistage cancer du sein + cancer du sein symptôme,2020_2021,2020-09-01,2020-11-30
2020-10-03,54,Octobre Rose,Octobre rose + cancer du sein + mammographie + dépistage cancer du sein + cancer du sein symptôme,2020_2021,2020-09-01,2020-11-30
2020-10-04,39,Octobre Rose,Octobre rose + cancer du sein + mammographie + dépistage cancer du sein + cancer du sein symptôme,2020_2021,2020-09-01,2020-11-30
2020-10-05,37,Octobre Rose,Octobre rose + cancer du sein + mammographie + dépistage cancer du sein + cancer du sein symptôme,2020_2021,2020-09-01,2020-11-30
2020-10-06,31,Octobre Rose,Octobre rose + cancer du sein + mammographie + dépistage cancer du sein + cancer du sein symptôme,2020_2021,2020-09-01,2020-11-30
2020-10-07,31,Octobre Rose,Octobre rose + cancer du sein + mammographie + dépistage cancer du sein + cancer du sein symptôme,2020_2021,2020-09-01,2020-11-30
2020-10-08,31,Octobre Rose,Octobre rose + cancer du sein + mammographie + dépistage cancer du sein + cancer du sein symptôme,2020_2021,2020-09-01,2020-11-30
2020-10-09,30,Octobre Rose,Octobre rose + cancer du sein + mammographie + dépistage cancer du sein + cancer du sein symptôme,2020_2021,2020-09-01,2020-11-30
2020-10-10,27,Octobre Rose,Octobre rose + cancer du sein + mammographie + dépistage cancer du sein + cancer du sein symptôme,2020_2021,2020-09-01,2020-11-30
2020-10-11,24,Octobre Rose,Octobre rose + cancer du sein + mammographie + dépistage cancer du sein + cancer du sein symptôme,2020_2021,2020-09-01,2020-11-30
2020-10-12,30,Octobre Rose,Octobre rose + cancer du sein + mammographie + dépistage cancer du sein + cancer du sein symptôme,2020_2021,2020-09-01,2020-11-30
2020-10-13,26,Octobre Rose,Octobre rose + cancer du sein + mammographie + dépistage cancer du sein + cancer du sein symptôme,2020_2021,2020-09-01,2020-11-30
2020-10-14,24,Octobre Rose,Octobre rose + cancer du sein + mammographie + dépistage cancer du sein + cancer du sein symptôme,2020_2021,2020-09-01,2020-11-30
2020-10-15,24,Octobre Rose,Octobre rose + cancer du sein + mammographie + dépistage cancer du sein + cancer du sein symptôme,2020_2021,2020-09-01,2020-11-30
2020-10-16,24,Octobre Rose,Octobre rose + cancer du sein + mammographie + dépistage cancer du sein + cancer du sein symptôme,2020_2021,2020-09-01,2020-11-30
2020-10-17,19,Octobre Rose,Octobre rose + cancer du sein + mammographie + dépistage cancer du sein + cancer du sein symptôme,2020_2021,2020-09-01,2020-11-30
2020-10-18,21,Octobre Rose,Octobre rose + cancer du sein + mammographie + dépistage cancer du sein + cancer du sein symptôme,2020_2021,2020-09-01,2020-11-30
2020-10-19,21,Octobre Rose,Octobre rose + cancer du sein + mammographie + dépistage cancer du sein + cancer du sein symptôme,2020_2021,2020-09-01,2020-11-30
2020-10-20,24,Octobre Rose,Octobre rose + cancer du sein + mammographie + dépistage cancer du sein + cancer du sein symptôme,2020_2021,2020-09-01,2020-11-30
2020-10-21,20,Octobre Rose,Octobre rose + cancer du sein + mammographie + dépistage cancer du sein + cancer du sein symptôme,2020_2021,2020-09-01,2020-11-30
2020-10-22,20,Octobre Rose,Octobre rose + cancer du sein + mammographie + dépistage cancer du sein + cancer du sein symptôme,2020_2021,2020-09-01,2020-11-30
2020-10-23,19,Octobre Rose,Octobre rose + cancer du sein + mammographie + dépistage cancer du sein + cancer du sein symptôme,2020_2021,2020-09-01,2020-11-30
2020-10-24,14,Octobre Rose,Octobre rose + cancer du sein + mammographie + dépistage cancer du sein + cancer du sein symptôme,2020_2021,2020-09-01,2020-11-30
2020-10-25,13,Octobre Rose,Octobre rose + cancer du sein + mammographie + dépistage cancer du sein + cancer du sein symptôme,2020_2021,2020-09-01,2020-11-30
2020-10-26,17,Octobre Rose,Octobre rose + cancer du sein + mammographie + dépistage cancer du sein + cancer du sein symptôme,2020_2021,2020-09-01,2020-11-30
2020-10-27,15,Octobre Rose,Octobre rose + cancer du sein + mammographie + dépistage cancer du sein + cancer du sein symptôme,2020_2021,2020-09-01,2020-11-30
2020-10-28,13,Octobre Rose,Octobre rose + cancer du sein + mammographie + dépistage cancer du sein + cancer du sein symptôme,2020_2021,2020-09-01,2020-11-30
2020-10-29,10,Octobre Rose,Octobre rose + cancer du sein + mammographie + dépistage cancer du sein + cancer du sein symptôme,2020_2021,2020-09-01,2020-11-30
2020-10-30,9,Octobre Rose,Octobre rose + cancer du sein + mammographie + dépistage cancer du sein + cancer du sein symptôme,2020_2021,2020-09-01,2020-11-30
2020-10-31,9,Octobre Rose,Octobre rose + cancer du sein + mammographie + dépistage cancer du sein + cancer du sein symptôme,2020_2021,2020-09-01,2020-11-30
2020-11-01,13,Octobre Rose,Octobre rose + cancer du sein + mammographie + dépistage cancer du sein + cancer du sein symptôme,2020_2021,2020-09-01,2020-11-30
2020-11-02,12,Octobre Rose,Octobre rose + cancer du sein + mammographie + dépistage cancer du sein + cancer du sein symptôme,2020_2021,2020-09-01,2020-11-30
2020-11-03,13,Octobre Rose,Octobre rose + cancer du sein + mammographie + dépistage cancer du sein + cancer du sein symptôme,2020_2021,2020-09-01,2020-11-30
2020-11-04,11,Octobre Rose,Octobre rose + cancer du sein + mammographie + dépistage cancer du sein + cancer du sein symptôme,2020_2021,2020-09-01,2020-11-30
2020-11-05,11,Octobre Rose,Octobre rose + cancer du sein + mammographie + dépistage cancer du sein + cancer du sein symptôme,2020_2021,2020-09-01,2020-11-30
2020-11-06,11,Octobre Rose,Octobre rose + cancer du sein + mammographie + dépistage cancer du sein + cancer du sein symptôme,2020_2021,2020-09-01,2020-11-30
2020-11-07,8,Octobre Rose,Octobre rose + cancer du sein + mammographie + dépistage cancer du sein + cancer du sein symptôme,2020_2021,2020-09-01,2020-11-30
2020-11-08,7,Octobre Rose,Octobre rose + cancer du sein + mammographie + dépistage cancer du sein + cancer du sein symptôme,2020_2021,2020-09-01,2020-11-30
2020-11-09,12,Octobre Rose,Octobre rose + cancer du sein + mammographie + dépistage cancer du sein + cancer du sein symptôme,2020_2021,2020-09-01,2020-11-30
2020-11-10,11,Octobre Rose,Octobre rose + cancer du sein + mammographie + dépistage cancer du sein + cancer du sein symptôme,2020_2021,2020-09-01,2020-11-30
2020-11-11,7,Octobre Rose,Octobre rose + cancer du sein + mammographie + dépistage cancer du sein + cancer du sein symptôme,2020_2021,2020-09-01,2020-11-30
2020-11-12,11,Octobre Rose,Octobre rose + cancer du sein + mammographie + dépistage cancer du sein + cancer du sein symptôme,2020_2021,2020-09-01,2020-11-30
2020-11-13,11,Octobre Rose,Octobre rose + cancer du sein + mammographie + dépistage cancer du sein + cancer du sein symptôme,2020_2021,2020-09-01,2020-11-30
2020-11-14,6,Octobre Rose,Octobre rose + cancer du sein + mammographie + dépistage cancer du sein + cancer du sein symptôme,2020_2021,2020-09-01,2020-11-30
2020-11-15,7,Octobre Rose,Octobre rose + cancer du sein + mammographie + dépistage cancer du sein + cancer du sein symptôme,2020_2021,2020-09-01,2020-11-30
2020-11-16,11,Octobre Rose,Octobre rose + cancer du sein + mammographie + dépistage cancer du sein + cancer du sein symptôme,2020_2021,2020-09-01,2020-11-30
2020-11-17,11,Octobre Rose,Octobre rose + cancer du sein + mammographie + dépistage cancer du sein + cancer du sein symptôme,2020_2021,2020-09-01,2020-11-30
2020-11-18,13,Octobre Rose,Octobre rose + cancer du sein + mammographie + dépistage cancer du sein + cancer du sein symptôme,2020_2021,2020-09-01,2020-11-30
2020-11-19,11,Octobre Rose,Octobre rose + cancer du sein + mammographie + dépistage cancer du sein + cancer du sein symptôme,2020_2021,2020-09-01,2020-11-30
2020-11-20,8,Octobre Rose,Octobre rose + cancer du sein + mammographie + dépistage cancer du sein + cancer du sein symptôme,2020_2021,2020-09-01,2020-11-30
2020-11-21,8,Octobre Rose,Octobre rose + cancer du sein + mammographie + dépistage cancer du sein + cancer du sein symptôme,2020_2021,2020-09-01,2020-11-30
2020-11-22,7,Octobre Rose,Octobre rose + cancer du sein + mammographie + dépistage cancer du sein + cancer du sein symptôme,2020_2021,2020-09-01,2020-11-30
2020-11-23,12,Octobre Rose,Octobre rose + cancer du sein + mammographie + dépistage cancer du sein + cancer du sein symptôme,2020_2021,2020-09-01,2020-11-30
2020-11-24,10,Octobre Rose,Octobre rose + cancer du sein + mammographie + dépistage cancer du sein + cancer du sein symptôme,2020_2021,2020-09-01,2020-11-30
2020-11-25,11,Octobre Rose,Octobre rose + cancer du sein + mammographie + dépistage cancer du sein + cancer du sein symptôme,2020_2021,2020-09-01,2020-11-30
2020-11-26,11,Octobre Rose,Octobre rose + cancer du sein + mammographie + dépistage cancer du sein + cancer du sein symptôme,2020_2021,2020-09-01,2020-11-30
2020-11-27,9,Octobre Rose,Octobre rose + cancer du sein + mammographie + dépistage cancer du sein + cancer du sein symptôme,2020_2021,2020-09-01,2020-11-30
2020-11-28,7,Octobre Rose,Octobre rose + cancer du sein + mammographie + dépistage cancer du sein + cancer du sein symptôme,2020_2021,2020-09-01,2020-11-30
2020-11-29,6,Octobre Rose,Octobre rose + cancer du sein + mammographie + dépistage cancer du sein + cancer du sein symptôme,2020_2021,2020-09-01,2020-11-30
2020-11-30,9,Octobre Rose,Octobre rose + cancer du sein + mammographie + dépistage cancer du sein + cancer du sein symptôme,2020_2021,2020-09-01,2020-11-30
2021-09-01,10,Octobre Rose,Octobre rose + cancer du sein + mammographie + dépistage cancer du sein + cancer du sein symptôme,2021_2022,2021-09-01,2021-11-30
2021-09-02,10,Octobre Rose,Octobre rose + cancer du sein + mammographie + dépistage cancer du sein + cancer du sein symptôme,2021_2022,2021-09-01,2021-11-30
2021-09-03,10,Octobre Rose,Octobre rose + cancer du sein + mammographie + dépistage cancer du sein + cancer du sein symptôme,2021_2022,2021-09-01,2021-11-30
2021-09-04,7,Octobre Rose,Octobre rose + cancer du sein + mammographie + dépistage cancer du sein + cancer du sein symptôme,2021_2022,2021-09-01,2021-11-30
2021-09-05,7,Octobre Rose,Octobre rose + cancer du sein + mammographie + dépistage cancer du sein + cancer du sein symptôme,2021_2022,2021-09-01,2021-11-30
2021-09-06,12,Octobre Rose,Octobre rose + cancer du sein + mammographie + dépistage cancer du sein + cancer du sein symptôme,2021_2022,2021-09-01,2021-11-30
2021-09-07,12,Octobre Rose,Octobre rose + cancer du sein + mammographie + dépistage cancer du sein + cancer du sein symptôme,2021_2022,2021-09-01,2021-11-30
2021-09-08,13,Octobre Rose,Octobre rose + cancer du sein + mammographie + dépistage cancer du sein + cancer du sein symptôme,2021_2022,2021-09-01,2021-11-30
2021-09-09,12,Octobre Rose,Octobre rose + cancer du sein + mammographie + dépistage cancer du sein + cancer du sein symptôme,2021_2022,2021-09-01,2021-11-30
2021-09-10,10,Octobre Rose,Octobre rose + cancer du sein + mammographie + dépistage cancer du sein + cancer du sein symptôme,2021_2022,2021-09-01,2021-11-30
2021-09-11,8,Octobre Rose,Octobre rose + cancer du sein + mammographie + dépistage cancer du sein + cancer du sein symptôme,2021_2022,2021-09-01,2021-11-30
2021-09-12,8,Octobre Rose,Octobre rose + cancer du sein + mammographie + dépistage cancer du sein + cancer du sein symptôme,2021_2022,2021-09-01,2021-11-30
2021-09-13,13,Octobre Rose,Octobre rose + cancer du sein + mammographie + dépistage cancer du sein + cancer du sein symptôme,2021_2022,2021-09-01,2021-11-30
2021-09-14,12,Octobre Rose,Octobre rose + cancer du sein + mammographie + dépistage cancer du sein + cancer du sein symptôme,2021_2022,2021-09-01,2021-11-30
2021-09-15,13,Octobre Rose,Octobre rose + cancer du sein + mammographie + dépistage cancer du sein + cancer du sein symptôme,2021_2022,2021-09-01,2021-11-30
2021-09-16,13,Octobre Rose,Octobre rose + cancer du sein + mammographie + dépistage cancer du sein + cancer du sein symptôme,2021_2022,2021-09-01,2021-11-30
2021-09-17,11,Octobre Rose,Octobre rose + cancer du sein + mammographie + dépistage cancer du sein + cancer du sein symptôme,2021_2022,2021-09-01,2021-11-30
2021-09-18,10,Octobre Rose,Octobre rose + cancer du sein + mammographie + dépistage cancer du sein + cancer du sein symptôme,2021_2022,2021-09-01,2021-11-30
2021-09-19,10,Octobre Rose,Octobre rose + cancer du sein + mammographie + dépistage cancer du sein + cancer du sein symptôme,2021_2022,2021-09-01,2021-11-30
2021-09-20,15,Octobre Rose,Octobre rose + cancer du sein + mammographie + dépistage cancer du sein + cancer du sein symptôme,2021_2022,2021-09-01,2021-11-30
2021-09-21,17,Octobre Rose,Octobre rose + cancer du sein + mammographie + dépistage cancer du sein + cancer du sein symptôme,2021_2022,2021-09-01,2021-11-30
2021-09-22,16,Octobre Rose,Octobre rose + cancer du sein + mammographie + dépistage cancer du sein + cancer du sein symptôme,2021_2022,2021-09-01,2021-11-30
2021-09-23,19,Octobre Rose,Octobre rose + cancer du sein + mammographie + dépistage cancer du sein + cancer du sein symptôme,2021_2022,2021-09-01,2021-11-30
2021-09-24,17,Octobre Rose,Octobre rose + cancer du sein + mammographie + dépistage cancer du sein + cancer du sein symptôme,2021_2022,2021-09-01,2021-11-30
2021-09-25,14,Octobre Rose,Octobre rose + cancer du sein + mammographie + dépistage cancer du sein + cancer du sein symptôme,2021_2022,2021-09-01,2021-11-30
2021-09-26,16,Octobre Rose,Octobre rose + cancer du sein + mammographie + dépistage cancer du sein + cancer du sein symptôme,2021_2022,2021-09-01,2021-11-30
2021-09-27,21,Octobre Rose,Octobre rose + cancer du sein + mammographie + dépistage cancer du sein + cancer du sein symptôme,2021_2022,2021-09-01,2021-11-30
2021-09-28,24,Octobre Rose,Octobre rose + cancer du sein + mammographie + dépistage cancer du sein + cancer du sein symptôme,2021_2022,2021-09-01,2021-11-30
2021-09-29,24,Octobre Rose,Octobre rose + cancer du sein + mammographie + dépistage cancer du sein + cancer du sein symptôme,2021_2022,2021-09-01,2021-11-30
2021-09-30,32,Octobre Rose,Octobre rose + cancer du sein + mammographie + dépistage cancer du sein + cancer du sein symptôme,2021_2022,2021-09-01,2021-11-30
2021-10-01,100,Octobre Rose,Octobre rose + cancer du sein + mammographie + dépistage cancer du sein + cancer du sein symptôme,2021_2022,2021-09-01,2021-11-30
2021-10-02,80,Octobre Rose,Octobre rose + cancer du sein + mammographie + dépistage cancer du sein + cancer du sein symptôme,2021_2022,2021-09-01,2021-11-30
2021-10-03,49,Octobre Rose,Octobre rose + cancer du sein + mammographie + dépistage cancer du sein + cancer du sein symptôme,2021_2022,2021-09-01,2021-11-30
2021-10-04,39,Octobre Rose,Octobre rose + cancer du sein + mammographie + dépistage cancer du sein + cancer du sein symptôme,2021_2022,2021-09-01,2021-11-30
2021-10-05,40,Octobre Rose,Octobre rose + cancer du sein + mammographie + dépistage cancer du sein + cancer du sein symptôme,2021_2022,2021-09-01,2021-11-30
2021-10-06,34,Octobre Rose,Octobre rose + cancer du sein + mammographie + dépistage cancer du sein + cancer du sein symptôme,2021_2022,2021-09-01,2021-11-30
2021-10-07,35,Octobre Rose,Octobre rose + cancer du sein + mammographie + dépistage cancer du sein + cancer du sein symptôme,2021_2022,2021-09-01,2021-11-30
2021-10-08,34,Octobre Rose,Octobre rose + cancer du sein + mammographie + dépistage cancer du sein + cancer du sein symptôme,2021_2022,2021-09-01,2021-11-30
2021-10-09,34,Octobre Rose,Octobre rose + cancer du sein + mammographie + dépistage cancer du sein + cancer du sein symptôme,2021_2022,2021-09-01,2021-11-30
2021-10-10,34,Octobre Rose,Octobre rose + cancer du sein + mammographie + dépistage cancer du sein + cancer du sein symptôme,2021_2022,2021-09-01,2021-11-30
2021-10-11,28,Octobre Rose,Octobre rose + cancer du sein + mammographie + dépistage cancer du sein + cancer du sein symptôme,2021_2022,2021-09-01,2021-11-30
2021-10-12,27,Octobre Rose,Octobre rose + cancer du sein + mammographie + dépistage cancer du sein + cancer du sein symptôme,2021_2022,2021-09-01,2021-11-30
2021-10-13,26,Octobre Rose,Octobre rose + cancer du sein + mammographie + dépistage cancer du sein + cancer du sein symptôme,2021_2022,2021-09-01,2021-11-30
2021-10-14,25,Octobre Rose,Octobre rose + cancer du sein + mammographie + dépistage cancer du sein + cancer du sein symptôme,2021_2022,2021-09-01,2021-11-30
2021-10-15,26,Octobre Rose,Octobre rose + cancer du sein + mammographie + dépistage cancer du sein + cancer du sein symptôme,2021_2022,2021-09-01,2021-11-30
2021-10-16,27,Octobre Rose,Octobre rose + cancer du sein + mammographie + dépistage cancer du sein + cancer du sein symptôme,2021_2022,2021-09-01,2021-11-30
2021-10-17,25,Octobre Rose,Octobre rose + cancer du sein + mammographie + dépistage cancer du sein + cancer du sein symptôme,2021_2022,2021-09-01,2021-11-30
2021-10-18,26,Octobre Rose,Octobre rose + cancer du sein + mammographie + dépistage cancer du sein + cancer du sein symptôme,2021_2022,2021-09-01,2021-11-30
2021-10-19,23,Octobre Rose,Octobre rose + cancer du sein + mammographie + dépistage cancer du sein + cancer du sein symptôme,2021_2022,2021-09-01,2021-11-30
2021-10-20,19,Octobre Rose,Octobre rose + cancer du sein + mammographie + dépistage cancer du sein + cancer du sein symptôme,2021_2022,2021-09-01,2021-11-30
2021-10-21,18,Octobre Rose,Octobre rose + cancer du sein + mammographie + dépistage cancer du sein + cancer du sein symptôme,2021_2022,2021-09-01,2021-11-30
2021-10-22,21,Octobre Rose,Octobre rose + cancer du sein + mammographie + dépistage cancer du sein + cancer du sein symptôme,2021_2022,2021-09-01,2021-11-30
2021-10-23,18,Octobre Rose,Octobre rose + cancer du sein + mammographie + dépistage cancer du sein + cancer du sein symptôme,2021_2022,2021-09-01,2021-11-30
2021-10-24,19,Octobre Rose,Octobre rose + cancer du sein + mammographie + dépistage cancer du sein + cancer du sein symptôme,2021_2022,2021-09-01,2021-11-30
2021-10-25,17,Octobre Rose,Octobre rose + cancer du sein + mammographie + dépistage cancer du sein + cancer du sein symptôme,2021_2022,2021-09-01,2021-11-30
2021-10-26,17,Octobre Rose,Octobre rose + cancer du sein + mammographie + dépistage cancer du sein + cancer du sein symptôme,2021_2022,2021-09-01,2021-11-30
2021-10-27,15,Octobre Rose,Octobre rose + cancer du sein + mammographie + dépistage cancer du sein + cancer du sein symptôme,2021_2022,2021-09-01,2021-11-30
2021-10-28,12,Octobre Rose,Octobre rose + cancer du sein + mammographie + dépistage cancer du sein + cancer du sein symptôme,2021_2022,2021-09-01,2021-11-30
2021-10-29,14,Octobre Rose,Octobre rose + cancer du sein + mammographie + dépistage cancer du sein + cancer du sein symptôme,2021_2022,2021-09-01,2021-11-30
2021-10-30,10,Octobre Rose,Octobre rose + cancer du sein + mammographie + dépistage cancer du sein + cancer du sein symptôme,2021_2022,2021-09-01,2021-11-30
2021-10-31,8,Octobre Rose,Octobre rose + cancer du sein + mammographie + dépistage cancer du sein + cancer du sein symptôme,2021_2022,2021-09-01,2021-11-30
2021-11-01,10,Octobre Rose,Octobre rose + cancer du sein + mammographie + dépistage cancer du sein + cancer du sein symptôme,2021_2022,2021-09-01,2021-11-30
2021-11-02,12,Octobre Rose,Octobre rose + cancer du sein + mammographie + dépistage cancer du sein + cancer du sein symptôme,2021_2022,2021-09-01,2021-11-30
2021-11-03,11,Octobre Rose,Octobre rose + cancer du sein + mammographie + dépistage cancer du sein + cancer du sein symptôme,2021_2022,2021-09-01,2021-11-30
2021-11-04,10,Octobre Rose,Octobre rose + cancer du sein + mammographie + dépistage cancer du sein + cancer du sein symptôme,2021_2022,2021-09-01,2021-11-30
2021-11-05,10,Octobre Rose,Octobre rose + cancer du sein + mammographie + dépistage cancer du sein + cancer du sein symptôme,2021_2022,2021-09-01,2021-11-30
2021-11-06,8,Octobre Rose,Octobre rose + cancer du sein + mammographie + dépistage cancer du sein + cancer du sein symptôme,2021_2022,2021-09-01,2021-11-30
2021-11-07,8,Octobre Rose,Octobre rose + cancer du sein + mammographie + dépistage cancer du sein + cancer du sein symptôme,2021_2022,2021-09-01,2021-11-30
2021-11-08,12,Octobre Rose,Octobre rose + cancer du sein + mammographie + dépistage cancer du sein + cancer du sein symptôme,2021_2022,2021-09-01,2021-11-30
2021-11-09,12,Octobre Rose,Octobre rose + cancer du sein + mammographie + dépistage cancer du sein + cancer du sein symptôme,2021_2022,2021-09-01,2021-11-30
2021-11-10,10,Octobre Rose,Octobre rose + cancer du sein + mammographie + dépistage cancer du sein + cancer du sein symptôme,2021_2022,2021-09-01,2021-11-30
2021-11-11,7,Octobre Rose,Octobre rose + cancer du sein + mammographie + dépistage cancer du sein + cancer du sein symptôme,2021_2022,2021-09-01,2021-11-30
2021-11-12,9,Octobre Rose,Octobre rose + cancer du sein + mammographie + dépistage cancer du sein + cancer du sein symptôme,2021_2022,2021-09-01,2021-11-30
2021-11-13,7,Octobre Rose,Octobre rose + cancer du sein + mammographie + dépistage cancer du sein + cancer du sein symptôme,2021_2022,2021-09-01,2021-11-30
2021-11-14,8,Octobre Rose,Octobre rose + cancer du sein + mammographie + dépistage cancer du sein + cancer du sein symptôme,2021_2022,2021-09-01,2021-11-30
2021-11-15,10,Octobre Rose,Octobre rose + cancer du sein + mammographie + dépistage cancer du sein + cancer du sein symptôme,2021_2022,2021-09-01,2021-11-30
2021-11-16,9,Octobre Rose,Octobre rose + cancer du sein + mammographie + dépistage cancer du sein + cancer du sein symptôme,2021_2022,2021-09-01,2021-11-30
2021-11-17,11,Octobre Rose,Octobre rose + cancer du sein + mammographie + dépistage cancer du sein + cancer du sein symptôme,2021_2022,2021-09-01,2021-11-30
2021-11-18,9,Octobre Rose,Octobre rose + cancer du sein + mammographie + dépistage cancer du sein + cancer du sein symptôme,2021_2022,2021-09-01,2021-11-30
2021-11-19,9,Octobre Rose,Octobre rose + cancer du sein + mammographie + dépistage cancer du sein + cancer du sein symptôme,2021_2022,2021-09-01,2021-11-30
2021-11-20,5,Octobre Rose,Octobre rose + cancer du sein + mammographie + dépistage cancer du sein + cancer du sein symptôme,2021_2022,2021-09-01,2021-11-30
2021-11-21,6,Octobre Rose,Octobre rose + cancer du sein + mammographie + dépistage cancer du sein + cancer du sein symptôme,2021_2022,2021-09-01,2021-11-30
2021-11-22,10,Octobre Rose,Octobre rose + cancer du sein + mammographie + dépistage cancer du sein + cancer du sein symptôme,2021_2022,2021-09-01,2021-11-30
2021-11-23,9,Octobre Rose,Octobre rose + cancer du sein + mammographie + dépistage cancer du sein + cancer du sein symptôme,2021_2022,2021-09-01,2021-11-30
2021-11-24,8,Octobre Rose,Octobre rose + cancer du sein + mammographie + dépistage cancer du sein + cancer du sein symptôme,2021_2022,2021-09-01,2021-11-30
2021-11-25,8,Octobre Rose,Octobre rose + cancer du sein + mammographie + dépistage cancer du sein + cancer du sein symptôme,2021_2022,2021-09-01,2021-11-30
2021-11-26,8,Octobre Rose,Octobre rose + cancer du sein + mammographie + dépistage cancer du sein + cancer du sein symptôme,2021_2022,2021-09-01,2021-11-30
2021-11-27,5,Octobre Rose,Octobre rose + cancer du sein + mammographie + dépistage cancer du sein + cancer du sein symptôme,2021_2022,2021-09-01,2021-11-30
2021-11-28,6,Octobre Rose,Octobre rose + cancer du sein + mammographie + dépistage cancer du sein + cancer du sein symptôme,2021_2022,2021-09-01,2021-11-30
2021-11-29,10,Octobre Rose,Octobre rose + cancer du sein + mammographie + dépistage cancer du sein + cancer du sein symptôme,2021_2022,2021-09-01,2021-11-30
2021-11-30,11,Octobre Rose,Octobre rose + cancer du sein + mammographie + dépistage cancer du sein + cancer du sein symptôme,2021_2022,2021-09-01,2021-11-30
2022-09-01,10,Octobre Rose,Octobre rose + cancer du sein + mammographie + dépistage cancer du sein + cancer du sein symptôme,2022_2023,2022-09-01,2022-11-30
2022-09-02,10,Octobre Rose,Octobre rose + cancer du sein + mammographie + dépistage cancer du sein + cancer du sein symptôme,2022_2023,2022-09-01,2022-11-30
2022-09-03,8,Octobre Rose,Octobre rose + cancer du sein + mammographie + dépistage cancer du sein + cancer du sein symptôme,2022_2023,2022-09-01,2022-11-30
2022-09-04,8,Octobre Rose,Octobre rose + cancer du sein + mammographie + dépistage cancer du sein + cancer du sein symptôme,2022_2023,2022-09-01,2022-11-30
2022-09-05,13,Octobre Rose,Octobre rose + cancer du sein + mammographie + dépistage cancer du sein + cancer du sein symptôme,2022_2023,2022-09-01,2022-11-30
2022-09-06,12,Octobre Rose,Octobre rose + cancer du sein + mammographie + dépistage cancer du sein + cancer du sein symptôme,2022_2023,2022-09-01,2022-11-30
2022-09-07,14,Octobre Rose,Octobre rose + cancer du sein + mammographie + dépistage cancer du sein + cancer du sein symptôme,2022_2023,2022-09-01,2022-11-30
2022-09-08,13,Octobre Rose,Octobre rose + cancer du sein + mammographie + dépistage cancer du sein + cancer du sein symptôme,2022_2023,2022-09-01,2022-11-30
2022-09-09,13,Octobre Rose,Octobre rose + cancer du sein + mammographie + dépistage cancer du sein + cancer du sein symptôme,2022_2023,2022-09-01,2022-11-30
2022-09-10,9,Octobre Rose,Octobre rose + cancer du sein + mammographie + dépistage cancer du sein + cancer du sein symptôme,2022_2023,2022-09-01,2022-11-30
2022-09-11,10,Octobre Rose,Octobre rose + cancer du sein + mammographie + dépistage cancer du sein + cancer du sein symptôme,2022_2023,2022-09-01,2022-11-30
2022-09-12,15,Octobre Rose,Octobre rose + cancer du sein + mammographie + dépistage cancer du sein + cancer du sein symptôme,2022_2023,2022-09-01,2022-11-30
2022-09-13,15,Octobre Rose,Octobre rose + cancer du sein + mammographie + dépistage cancer du sein + cancer du sein symptôme,2022_2023,2022-09-01,2022-11-30
2022-09-14,15,Octobre Rose,Octobre rose + cancer du sein + mammographie + dépistage cancer du sein + cancer du sein symptôme,2022_2023,2022-09-01,2022-11-30
2022-09-15,16,Octobre Rose,Octobre rose + cancer du sein + mammographie + dépistage cancer du sein + cancer du sein symptôme,2022_2023,2022-09-01,2022-11-30
2022-09-16,15,Octobre Rose,Octobre rose + cancer du sein + mammographie + dépistage cancer du sein + cancer du sein symptôme,2022_2023,2022-09-01,2022-11-30
2022-09-17,13,Octobre Rose,Octobre rose + cancer du sein + mammographie + dépistage cancer du sein + cancer du sein symptôme,2022_2023,2022-09-01,2022-11-30
2022-09-18,14,Octobre Rose,Octobre rose + cancer du sein + mammographie + dépistage cancer du sein + cancer du sein symptôme,2022_2023,2022-09-01,2022-11-30
2022-09-19,17,Octobre Rose,Octobre rose + cancer du sein + mammographie + dépistage cancer du sein + cancer du sein symptôme,2022_2023,2022-09-01,2022-11-30
2022-09-20,18,Octobre Rose,Octobre rose + cancer du sein + mammographie + dépistage cancer du sein + cancer du sein symptôme,2022_2023,2022-09-01,2022-11-30
2022-09-21,19,Octobre Rose,Octobre rose + cancer du sein + mammographie + dépistage cancer du sein + cancer du sein symptôme,2022_2023,2022-09-01,2022-11-30
2022-09-22,19,Octobre Rose,Octobre rose + cancer du sein + mammographie + dépistage cancer du sein + cancer du sein symptôme,2022_2023,2022-09-01,2022-11-30
2022-09-23,18,Octobre Rose,Octobre rose + cancer du sein + mammographie + dépistage cancer du sein + cancer du sein symptôme,2022_2023,2022-09-01,2022-11-30
2022-09-24,17,Octobre Rose,Octobre rose + cancer du sein + mammographie + dépistage cancer du sein + cancer du sein symptôme,2022_2023,2022-09-01,2022-11-30
2022-09-25,17,Octobre Rose,Octobre rose + cancer du sein + mammographie + dépistage cancer du sein + cancer du sein symptôme,2022_2023,2022-09-01,2022-11-30
2022-09-26,26,Octobre Rose,Octobre rose + cancer du sein + mammographie + dépistage cancer du sein + cancer du sein symptôme,2022_2023,2022-09-01,2022-11-30
2022-09-27,24,Octobre Rose,Octobre rose + cancer du sein + mammographie + dépistage cancer du sein + cancer du sein symptôme,2022_2023,2022-09-01,2022-11-30
2022-09-28,26,Octobre Rose,Octobre rose + cancer du sein + mammographie + dépistage cancer du sein + cancer du sein symptôme,2022_2023,2022-09-01,2022-11-30
2022-09-29,27,Octobre Rose,Octobre rose + cancer du sein + mammographie + dépistage cancer du sein + cancer du sein symptôme,2022_2023,2022-09-01,2022-11-30
2022-09-30,46,Octobre Rose,Octobre rose + cancer du sein + mammographie + dépistage cancer du sein + cancer du sein symptôme,2022_2023,2022-09-01,2022-11-30
2022-10-01,100,Octobre Rose,Octobre rose + cancer du sein + mammographie + dépistage cancer du sein + cancer du sein symptôme,2022_2023,2022-09-01,2022-11-30
2022-10-02,83,Octobre Rose,Octobre rose + cancer du sein + mammographie + dépistage cancer du sein + cancer du sein symptôme,2022_2023,2022-09-01,2022-11-30
2022-10-03,66,Octobre Rose,Octobre rose + cancer du sein + mammographie + dépistage cancer du sein + cancer du sein symptôme,2022_2023,2022-09-01,2022-11-30
2022-10-04,55,Octobre Rose,Octobre rose + cancer du sein + mammographie + dépistage cancer du sein + cancer du sein symptôme,2022_2023,2022-09-01,2022-11-30
2022-10-05,54,Octobre Rose,Octobre rose + cancer du sein + mammographie + dépistage cancer du sein + cancer du sein symptôme,2022_2023,2022-09-01,2022-11-30
2022-10-06,48,Octobre Rose,Octobre rose + cancer du sein + mammographie + dépistage cancer du sein + cancer du sein symptôme,2022_2023,2022-09-01,2022-11-30
2022-10-07,45,Octobre Rose,Octobre rose + cancer du sein + mammographie + dépistage cancer du sein + cancer du sein symptôme,2022_2023,2022-09-01,2022-11-30
2022-10-08,46,Octobre Rose,Octobre rose + cancer du sein + mammographie + dépistage cancer du sein + cancer du sein symptôme,2022_2023,2022-09-01,2022-11-30
2022-10-09,43,Octobre Rose,Octobre rose + cancer du sein + mammographie + dépistage cancer du sein + cancer du sein symptôme,2022_2023,2022-09-01,2022-11-30
2022-10-10,38,Octobre Rose,Octobre rose + cancer du sein + mammographie + dépistage cancer du sein + cancer du sein symptôme,2022_2023,2022-09-01,2022-11-30
2022-10-11,41,Octobre Rose,Octobre rose + cancer du sein + mammographie + dépistage cancer du sein + cancer du sein symptôme,2022_2023,2022-09-01,2022-11-30
2022-10-12,33,Octobre Rose,Octobre rose + cancer du sein + mammographie + dépistage cancer du sein + cancer du sein symptôme,2022_2023,2022-09-01,2022-11-30
2022-10-13,32,Octobre Rose,Octobre rose + cancer du sein + mammographie + dépistage cancer du sein + cancer du sein symptôme,2022_2023,2022-09-01,2022-11-30
2022-10-14,33,Octobre Rose,Octobre rose + cancer du sein + mammographie + dépistage cancer du sein + cancer du sein symptôme,2022_2023,2022-09-01,2022-11-30
2022-10-15,31,Octobre Rose,Octobre rose + cancer du sein + mammographie + dépistage cancer du sein + cancer du sein symptôme,2022_2023,2022-09-01,2022-11-30
2022-10-16,30,Octobre Rose,Octobre rose + cancer du sein + mammographie + dépistage cancer du sein + cancer du sein symptôme,2022_2023,2022-09-01,2022-11-30
2022-10-17,24,Octobre Rose,Octobre rose + cancer du sein + mammographie + dépistage cancer du sein + cancer du sein symptôme,2022_2023,2022-09-01,2022-11-30
2022-10-18,26,Octobre Rose,Octobre rose + cancer du sein + mammographie + dépistage cancer du sein + cancer du sein symptôme,2022_2023,2022-09-01,2022-11-30
2022-10-19,27,Octobre Rose,Octobre rose + cancer du sein + mammographie + dépistage cancer du sein + cancer du sein symptôme,2022_2023,2022-09-01,2022-11-30
2022-10-20,22,Octobre Rose,Octobre rose + cancer du sein + mammographie + dépistage cancer du sein + cancer du sein symptôme,2022_2023,2022-09-01,2022-11-30
2022-10-21,24,Octobre Rose,Octobre rose + cancer du sein + mammographie + dépistage cancer du sein + cancer du sein symptôme,2022_2023,2022-09-01,2022-11-30
2022-10-22,23,Octobre Rose,Octobre rose + cancer du sein + mammographie + dépistage cancer du sein + cancer du sein symptôme,2022_2023,2022-09-01,2022-11-30
2022-10-23,19,Octobre Rose,Octobre rose + cancer du sein + mammographie + dépistage cancer du sein + cancer du sein symptôme,2022_2023,2022-09-01,2022-11-30
2022-10-24,19,Octobre Rose,Octobre rose + cancer du sein + mammographie + dépistage cancer du sein + cancer du sein symptôme,2022_2023,2022-09-01,2022-11-30
2022-10-25,17,Octobre Rose,Octobre rose + cancer du sein + mammographie + dépistage cancer du sein + cancer du sein symptôme,2022_2023,2022-09-01,2022-11-30
2022-10-26,15,Octobre Rose,Octobre rose + cancer du sein + mammographie + dépistage cancer du sein + cancer du sein symptôme,2022_2023,2022-09-01,2022-11-30
2022-10-27,16,Octobre Rose,Octobre rose + cancer du sein + mammographie + dépistage cancer du sein + cancer du sein symptôme,2022_2023,2022-09-01,2022-11-30
2022-10-28,15,Octobre Rose,Octobre rose + cancer du sein + mammographie + dépistage cancer du sein + cancer du sein symptôme,2022_2023,2022-09-01,2022-11-30
2022-10-29,13,Octobre Rose,Octobre rose + cancer du sein + mammographie + dépistage cancer du sein + cancer du sein symptôme,2022_2023,2022-09-01,2022-11-30
2022-10-30,10,Octobre Rose,Octobre rose + cancer du sein + mammographie + dépistage cancer du sein + cancer du sein symptôme,2022_2023,2022-09-01,2022-11-30
2022-10-31,11,Octobre Rose,Octobre rose + cancer du sein + mammographie + dépistage cancer du sein + cancer du sein symptôme,2022_2023,2022-09-01,2022-11-30
2022-11-01,9,Octobre Rose,Octobre rose + cancer du sein + mammographie + dépistage cancer du sein + cancer du sein symptôme,2022_2023,2022-09-01,2022-11-30
2022-11-02,11,Octobre Rose,Octobre rose + cancer du sein + mammographie + dépistage cancer du sein + cancer du sein symptôme,2022_2023,2022-09-01,2022-11-30
2022-11-03,11,Octobre Rose,Octobre rose + cancer du sein + mammographie + dépistage cancer du sein + cancer du sein symptôme,2022_2023,2022-09-01,2022-11-30
2022-11-04,9,Octobre Rose,Octobre rose + cancer du sein + mammographie + dépistage cancer du sein + cancer du sein symptôme,2022_2023,2022-09-01,2022-11-30
2022-11-05,7,Octobre Rose,Octobre rose + cancer du sein + mammographie + dépistage cancer du sein + cancer du sein symptôme,2022_2023,2022-09-01,2022-11-30
2022-11-06,7,Octobre Rose,Octobre rose + cancer du sein + mammographie + dépistage cancer du sein + cancer du sein symptôme,2022_2023,2022-09-01,2022-11-30
2022-11-07,12,Octobre Rose,Octobre rose + cancer du sein + mammographie + dépistage cancer du sein + cancer du sein symptôme,2022_2023,2022-09-01,2022-11-30
2022-11-08,10,Octobre Rose,Octobre rose + cancer du sein + mammographie + dépistage cancer du sein + cancer du sein symptôme,2022_2023,2022-09-01,2022-11-30
2022-11-09,10,Octobre Rose,Octobre rose + cancer du sein + mammographie + dépistage cancer du sein + cancer du sein symptôme,2022_2023,2022-09-01,2022-11-30
2022-11-10,9,Octobre Rose,Octobre rose + cancer du sein + mammographie + dépistage cancer du sein + cancer du sein symptôme,2022_2023,2022-09-01,2022-11-30
2022-11-11,6,Octobre Rose,Octobre rose + cancer du sein + mammographie + dépistage cancer du sein + cancer du sein symptôme,2022_2023,2022-09-01,2022-11-30
2022-11-12,6,Octobre Rose,Octobre rose + cancer du sein + mammographie + dépistage cancer du sein + cancer du sein symptôme,2022_2023,2022-09-01,2022-11-30
2022-11-13,7,Octobre Rose,Octobre rose + cancer du sein + mammographie + dépistage cancer du sein + cancer du sein symptôme,2022_2023,2022-09-01,2022-11-30
2022-11-14,10,Octobre Rose,Octobre rose + cancer du sein + mammographie + dépistage cancer du sein + cancer du sein symptôme,2022_2023,2022-09-01,2022-11-30
2022-11-15,12,Octobre Rose,Octobre rose + cancer du sein + mammographie + dépistage cancer du sein + cancer du sein symptôme,2022_2023,2022-09-01,2022-11-30
2022-11-16,10,Octobre Rose,Octobre rose + cancer du sein + mammographie + dépistage cancer du sein + cancer du sein symptôme,2022_2023,2022-09-01,2022-11-30
2022-11-17,10,Octobre Rose,Octobre rose + cancer du sein + mammographie + dépistage cancer du sein + cancer du sein symptôme,2022_2023,2022-09-01,2022-11-30
2022-11-18,9,Octobre Rose,Octobre rose + cancer du sein + mammographie + dépistage cancer du sein + cancer du sein symptôme,2022_2023,2022-09-01,2022-11-30
2022-11-19,6,Octobre Rose,Octobre rose + cancer du sein + mammographie + dépistage cancer du sein + cancer du sein symptôme,2022_2023,2022-09-01,2022-11-30
2022-11-20,6,Octobre Rose,Octobre rose + cancer du sein + mammographie + dépistage cancer du sein + cancer du sein symptôme,2022_2023,2022-09-01,2022-11-30
2022-11-21,9,Octobre Rose,Octobre rose + cancer du sein + mammographie + dépistage cancer du sein + cancer du sein symptôme,2022_2023,2022-09-01,2022-11-30
2022-11-22,10,Octobre Rose,Octobre rose + cancer du sein + mammographie + dépistage cancer du sein + cancer du sein symptôme,2022_2023,2022-09-01,2022-11-30
2022-11-23,9,Octobre Rose,Octobre rose + cancer du sein + mammographie + dépistage cancer du sein + cancer du sein symptôme,2022_2023,2022-09-01,2022-11-30
2022-11-24,8,Octobre Rose,Octobre rose + cancer du sein + mammographie + dépistage cancer du sein + cancer du sein symptôme,2022_2023,2022-09-01,2022-11-30
2022-11-25,8,Octobre Rose,Octobre rose + cancer du sein + mammographie + dépistage cancer du sein + cancer du sein symptôme,2022_2023,2022-09-01,2022-11-30
2022-11-26,6,Octobre Rose,Octobre rose + cancer du sein + mammographie + dépistage cancer du sein + cancer du sein symptôme,2022_2023,2022-09-01,2022-11-30
2022-11-27,6,Octobre Rose,Octobre rose + cancer du sein + mammographie + dépistage cancer du sein + cancer du sein symptôme,2022_2023,2022-09-01,2022-11-30
2022-11-28,10,Octobre Rose,Octobre rose + cancer du sein + mammographie + dépistage cancer du sein + cancer du sein symptôme,2022_2023,2022-09-01,2022-11-30
2022-11-29,9,Octobre Rose,Octobre rose + cancer du sein + mammographie + dépistage cancer du sein + cancer du sein symptôme,2022_2023,2022-09-01,2022-11-30
2022-11-30,8,Octobre Rose,Octobre rose + cancer du sein + mammographie + dépistage cancer du sein + cancer du sein symptôme,2022_2023,2022-09-01,2022-11-30
2023-09-01,11,Octobre Rose,Octobre rose + cancer du sein + mammographie + dépistage cancer du sein + cancer du sein symptôme,2023_2024,2023-09-01,2023-11-30
2023-09-02,7,Octobre Rose,Octobre rose + cancer du sein + mammographie + dépistage cancer du sein + cancer du sein symptôme,2023_2024,2023-09-01,2023-11-30
2023-09-03,7,Octobre Rose,Octobre rose + cancer du sein + mammographie + dépistage cancer du sein + cancer du sein symptôme,2023_2024,2023-09-01,2023-11-30
2023-09-04,10,Octobre Rose,Octobre rose + cancer du sein + mammographie + dépistage cancer du sein + cancer du sein symptôme,2023_2024,2023-09-01,2023-11-30
2023-09-05,13,Octobre Rose,Octobre rose + cancer du sein + mammographie + dépistage cancer du sein + cancer du sein symptôme,2023_2024,2023-09-01,2023-11-30
2023-09-06,12,Octobre Rose,Octobre rose + cancer du sein + mammographie + dépistage cancer du sein + cancer du sein symptôme,2023_2024,2023-09-01,2023-11-30
2023-09-07,13,Octobre Rose,Octobre rose + cancer du sein + mammographie + dépistage cancer du sein + cancer du sein symptôme,2023_2024,2023-09-01,2023-11-30
2023-09-08,13,Octobre Rose,Octobre rose + cancer du sein + mammographie + dépistage cancer du sein + cancer du sein symptôme,2023_2024,2023-09-01,2023-11-30
2023-09-09,8,Octobre Rose,Octobre rose + cancer du sein + mammographie + dépistage cancer du sein + cancer du sein symptôme,2023_2024,2023-09-01,2023-11-30
2023-09-10,9,Octobre Rose,Octobre rose + cancer du sein + mammographie + dépistage cancer du sein + cancer du sein symptôme,2023_2024,2023-09-01,2023-11-30
2023-09-11,15,Octobre Rose,Octobre rose + cancer du sein + mammographie + dépistage cancer du sein + cancer du sein symptôme,2023_2024,2023-09-01,2023-11-30
2023-09-12,14,Octobre Rose,Octobre rose + cancer du sein + mammographie + dépistage cancer du sein + cancer du sein symptôme,2023_2024,2023-09-01,2023-11-30
2023-09-13,14,Octobre Rose,Octobre rose + cancer du sein + mammographie + dépistage cancer du sein + cancer du sein symptôme,2023_2024,2023-09-01,2023-11-30
2023-09-14,15,Octobre Rose,Octobre rose + cancer du sein + mammographie + dépistage cancer du sein + cancer du sein symptôme,2023_2024,2023-09-01,2023-11-30
2023-09-15,14,Octobre Rose,Octobre rose + cancer du sein + mammographie + dépistage cancer du sein + cancer du sein symptôme,2023_2024,2023-09-01,2023-11-30
2023-09-16,12,Octobre Rose,Octobre rose + cancer du sein + mammographie + dépistage cancer du sein + cancer du sein symptôme,2023_2024,2023-09-01,2023-11-30
2023-09-17,12,Octobre Rose,Octobre rose + cancer du sein + mammographie + dépistage cancer du sein + cancer du sein symptôme,2023_2024,2023-09-01,2023-11-30
2023-09-18,17,Octobre Rose,Octobre rose + cancer du sein + mammographie + dépistage cancer du sein + cancer du sein symptôme,2023_2024,2023-09-01,2023-11-30
2023-09-19,18,Octobre Rose,Octobre rose + cancer du sein + mammographie + dépistage cancer du sein + cancer du sein symptôme,2023_2024,2023-09-01,2023-11-30
2023-09-20,17,Octobre Rose,Octobre rose + cancer du sein + mammographie + dépistage cancer du sein + cancer du sein symptôme,2023_2024,2023-09-01,2023-11-30
2023-09-21,19,Octobre Rose,Octobre rose + cancer du sein + mammographie + dépistage cancer du sein + cancer du sein symptôme,2023_2024,2023-09-01,2023-11-30
2023-09-22,20,Octobre Rose,Octobre rose + cancer du sein + mammographie + dépistage cancer du sein + cancer du sein symptôme,2023_2024,2023-09-01,2023-11-30
2023-09-23,14,Octobre Rose,Octobre rose + cancer du sein + mammographie + dépistage cancer du sein + cancer du sein symptôme,2023_2024,2023-09-01,2023-11-30
2023-09-24,16,Octobre Rose,Octobre rose + cancer du sein + mammographie + dépistage cancer du sein + cancer du sein symptôme,2023_2024,2023-09-01,2023-11-30
2023-09-25,25,Octobre Rose,Octobre rose + cancer du sein + mammographie + dépistage cancer du sein + cancer du sein symptôme,2023_2024,2023-09-01,2023-11-30
2023-09-26,29,Octobre Rose,Octobre rose + cancer du sein + mammographie + dépistage cancer du sein + cancer du sein symptôme,2023_2024,2023-09-01,2023-11-30
2023-09-27,28,Octobre Rose,Octobre rose + cancer du sein + mammographie + dépistage cancer du sein + cancer du sein symptôme,2023_2024,2023-09-01,2023-11-30
2023-09-28,31,Octobre Rose,Octobre rose + cancer du sein + mammographie + dépistage cancer du sein + cancer du sein symptôme,2023_2024,2023-09-01,2023-11-30
2023-09-29,32,Octobre Rose,Octobre rose + cancer du sein + mammographie + dépistage cancer du sein + cancer du sein symptôme,2023_2024,2023-09-01,2023-11-30
2023-09-30,40,Octobre Rose,Octobre rose + cancer du sein + mammographie + dépistage cancer du sein + cancer du sein symptôme,2023_2024,2023-09-01,2023-11-30
2023-10-01,100,Octobre Rose,Octobre rose + cancer du sein + mammographie + dépistage cancer du sein + cancer du sein symptôme,2023_2024,2023-09-01,2023-11-30
2023-10-02,92,Octobre Rose,Octobre rose + cancer du sein + mammographie + dépistage cancer du sein + cancer du sein symptôme,2023_2024,2023-09-01,2023-11-30
2023-10-03,62,Octobre Rose,Octobre rose + cancer du sein + mammographie + dépistage cancer du sein + cancer du sein symptôme,2023_2024,2023-09-01,2023-11-30
2023-10-04,57,Octobre Rose,Octobre rose + cancer du sein + mammographie + dépistage cancer du sein + cancer du sein symptôme,2023_2024,2023-09-01,2023-11-30
2023-10-05,54,Octobre Rose,Octobre rose + cancer du sein + mammographie + dépistage cancer du sein + cancer du sein symptôme,2023_2024,2023-09-01,2023-11-30
2023-10-06,50,Octobre Rose,Octobre rose + cancer du sein + mammographie + dépistage cancer du sein + cancer du sein symptôme,2023_2024,2023-09-01,2023-11-30
2023-10-07,54,Octobre Rose,Octobre rose + cancer du sein + mammographie + dépistage cancer du sein + cancer du sein symptôme,2023_2024,2023-09-01,2023-11-30
2023-10-08,50,Octobre Rose,Octobre rose + cancer du sein + mammographie + dépistage cancer du sein + cancer du sein symptôme,2023_2024,2023-09-01,2023-11-30
2023-10-09,40,Octobre Rose,Octobre rose + cancer du sein + mammographie + dépistage cancer du sein + cancer du sein symptôme,2023_2024,2023-09-01,2023-11-30
2023-10-10,33,Octobre Rose,Octobre rose + cancer du sein + mammographie + dépistage cancer du sein + cancer du sein symptôme,2023_2024,2023-09-01,2023-11-30
2023-10-11,35,Octobre Rose,Octobre rose + cancer du sein + mammographie + dépistage cancer du sein + cancer du sein symptôme,2023_2024,2023-09-01,2023-11-30
2023-10-12,33,Octobre Rose,Octobre rose + cancer du sein + mammographie + dépistage cancer du sein + cancer du sein symptôme,2023_2024,2023-09-01,2023-11-30
2023-10-13,31,Octobre Rose,Octobre rose + cancer du sein + mammographie + dépistage cancer du sein + cancer du sein symptôme,2023_2024,2023-09-01,2023-11-30
2023-10-14,31,Octobre Rose,Octobre rose + cancer du sein + mammographie + dépistage cancer du sein + cancer du sein symptôme,2023_2024,2023-09-01,2023-11-30
2023-10-15,28,Octobre Rose,Octobre rose + cancer du sein + mammographie + dépistage cancer du sein + cancer du sein symptôme,2023_2024,2023-09-01,2023-11-30
2023-10-16,26,Octobre Rose,Octobre rose + cancer du sein + mammographie + dépistage cancer du sein + cancer du sein symptôme,2023_2024,2023-09-01,2023-11-30
2023-10-17,27,Octobre Rose,Octobre rose + cancer du sein + mammographie + dépistage cancer du sein + cancer du sein symptôme,2023_2024,2023-09-01,2023-11-30
2023-10-18,22,Octobre Rose,Octobre rose + cancer du sein + mammographie + dépistage cancer du sein + cancer du sein symptôme,2023_2024,2023-09-01,2023-11-30
2023-10-19,26,Octobre Rose,Octobre rose + cancer du sein + mammographie + dépistage cancer du sein + cancer du sein symptôme,2023_2024,2023-09-01,2023-11-30
2023-10-20,22,Octobre Rose,Octobre rose + cancer du sein + mammographie + dépistage cancer du sein + cancer du sein symptôme,2023_2024,2023-09-01,2023-11-30
2023-10-21,24,Octobre Rose,Octobre rose + cancer du sein + mammographie + dépistage cancer du sein + cancer du sein symptôme,2023_2024,2023-09-01,2023-11-30
2023-10-22,19,Octobre Rose,Octobre rose + cancer du sein + mammographie + dépistage cancer du sein + cancer du sein symptôme,2023_2024,2023-09-01,2023-11-30
2023-10-23,17,Octobre Rose,Octobre rose + cancer du sein + mammographie + dépistage cancer du sein + cancer du sein symptôme,2023_2024,2023-09-01,2023-11-30
2023-10-24,17,Octobre Rose,Octobre rose + cancer du sein + mammographie + dépistage cancer du sein + cancer du sein symptôme,2023_2024,2023-09-01,2023-11-30
2023-10-25,16,Octobre Rose,Octobre rose + cancer du sein + mammographie + dépistage cancer du sein + cancer du sein symptôme,2023_2024,2023-09-01,2023-11-30
2023-10-26,16,Octobre Rose,Octobre rose + cancer du sein + mammographie + dépistage cancer du sein + cancer du sein symptôme,2023_2024,2023-09-01,2023-11-30
2023-10-27,15,Octobre Rose,Octobre rose + cancer du sein + mammographie + dépistage cancer du sein + cancer du sein symptôme,2023_2024,2023-09-01,2023-11-30
2023-10-28,10,Octobre Rose,Octobre rose + cancer du sein + mammographie + dépistage cancer du sein + cancer du sein symptôme,2023_2024,2023-09-01,2023-11-30
2023-10-29,11,Octobre Rose,Octobre rose + cancer du sein + mammographie + dépistage cancer du sein + cancer du sein symptôme,2023_2024,2023-09-01,2023-11-30
2023-10-30,12,Octobre Rose,Octobre rose + cancer du sein + mammographie + dépistage cancer du sein + cancer du sein symptôme,2023_2024,2023-09-01,2023-11-30
2023-10-31,11,Octobre Rose,Octobre rose + cancer du sein + mammographie + dépistage cancer du sein + cancer du sein symptôme,2023_2024,2023-09-01,2023-11-30
2023-11-01,8,Octobre Rose,Octobre rose + cancer du sein + mammographie + dépistage cancer du sein + cancer du sein symptôme,2023_2024,2023-09-01,2023-11-30
2023-11-02,10,Octobre Rose,Octobre rose + cancer du sein + mammographie + dépistage cancer du sein + cancer du sein symptôme,2023_2024,2023-09-01,2023-11-30
2023-11-03,10,Octobre Rose,Octobre rose + cancer du sein + mammographie + dépistage cancer du sein + cancer du sein symptôme,2023_2024,2023-09-01,2023-11-30
2023-11-04,8,Octobre Rose,Octobre rose + cancer du sein + mammographie + dépistage cancer du sein + cancer du sein symptôme,2023_2024,2023-09-01,2023-11-30
2023-11-05,8,Octobre Rose,Octobre rose + cancer du sein + mammographie + dépistage cancer du sein + cancer du sein symptôme,2023_2024,2023-09-01,2023-11-30
2023-11-06,12,Octobre Rose,Octobre rose + cancer du sein + mammographie + dépistage cancer du sein + cancer du sein symptôme,2023_2024,2023-09-01,2023-11-30
2023-11-07,11,Octobre Rose,Octobre rose + cancer du sein + mammographie + dépistage cancer du sein + cancer du sein symptôme,2023_2024,2023-09-01,2023-11-30
2023-11-08,12,Octobre Rose,Octobre rose + cancer du sein + mammographie + dépistage cancer du sein + cancer du sein symptôme,2023_2024,2023-09-01,2023-11-30
2023-11-09,10,Octobre Rose,Octobre rose + cancer du sein + mammographie + dépistage cancer du sein + cancer du sein symptôme,2023_2024,2023-09-01,2023-11-30
2023-11-10,9,Octobre Rose,Octobre rose + cancer du sein + mammographie + dépistage cancer du sein + cancer du sein symptôme,2023_2024,2023-09-01,2023-11-30
2023-11-11,6,Octobre Rose,Octobre rose + cancer du sein + mammographie + dépistage cancer du sein + cancer du sein symptôme,2023_2024,2023-09-01,2023-11-30
2023-11-12,7,Octobre Rose,Octobre rose + cancer du sein + mammographie + dépistage cancer du sein + cancer du sein symptôme,2023_2024,2023-09-01,2023-11-30
2023-11-13,11,Octobre Rose,Octobre rose + cancer du sein + mammographie + dépistage cancer du sein + cancer du sein symptôme,2023_2024,2023-09-01,2023-11-30
2023-11-14,10,Octobre Rose,Octobre rose + cancer du sein + mammographie + dépistage cancer du sein + cancer du sein symptôme,2023_2024,2023-09-01,2023-11-30
2023-11-15,12,Octobre Rose,Octobre rose + cancer du sein + mammographie + dépistage cancer du sein + cancer du sein symptôme,2023_2024,2023-09-01,2023-11-30
2023-11-16,11,Octobre Rose,Octobre rose + cancer du sein + mammographie + dépistage cancer du sein + cancer du sein symptôme,2023_2024,2023-09-01,2023-11-30
2023-11-17,9,Octobre Rose,Octobre rose + cancer du sein + mammographie + dépistage cancer du sein + cancer du sein symptôme,2023_2024,2023-09-01,2023-11-30
2023-11-18,6,Octobre Rose,Octobre rose + cancer du sein + mammographie + dépistage cancer du sein + cancer du sein symptôme,2023_2024,2023-09-01,2023-11-30
2023-11-19,6,Octobre Rose,Octobre rose + cancer du sein + mammographie + dépistage cancer du sein + cancer du sein symptôme,2023_2024,2023-09-01,2023-11-30
2023-11-20,10,Octobre Rose,Octobre rose + cancer du sein + mammographie + dépistage cancer du sein + cancer du sein symptôme,2023_2024,2023-09-01,2023-11-30
2023-11-21,10,Octobre Rose,Octobre rose + cancer du sein + mammographie + dépistage cancer du sein + cancer du sein symptôme,2023_2024,2023-09-01,2023-11-30
2023-11-22,10,Octobre Rose,Octobre rose + cancer du sein + mammographie + dépistage cancer du sein + cancer du sein symptôme,2023_2024,2023-09-01,2023-11-30
2023-11-23,11,Octobre Rose,Octobre rose + cancer du sein + mammographie + dépistage cancer du sein + cancer du sein symptôme,2023_2024,2023-09-01,2023-11-30
2023-11-24,9,Octobre Rose,Octobre rose + cancer du sein + mammographie + dépistage cancer du sein + cancer du sein symptôme,2023_2024,2023-09-01,2023-11-30
2023-11-25,5,Octobre Rose,Octobre rose + cancer du sein + mammographie + dépistage cancer du sein + cancer du sein symptôme,2023_2024,2023-09-01,2023-11-30
2023-11-26,7,Octobre Rose,Octobre rose + cancer du sein + mammographie + dépistage cancer du sein + cancer du sein symptôme,2023_2024,2023-09-01,2023-11-30
2023-11-27,9,Octobre Rose,Octobre rose + cancer du sein + mammographie + dépistage cancer du sein + cancer du sein symptôme,2023_2024,2023-09-01,2023-11-30
2023-11-28,10,Octobre Rose,Octobre rose + cancer du sein + mammographie + dépistage cancer du sein + cancer du sein symptôme,2023_2024,2023-09-01,2023-11-30
2023-11-29,10,Octobre Rose,Octobre rose + cancer du sein + mammographie + dépistage cancer du sein + cancer du sein symptôme,2023_2024,2023-09-01,2023-11-30
2023-11-30,10,Octobre Rose,Octobre rose + cancer du sein + mammographie + dépistage cancer du sein + cancer du sein symptôme,2023_2024,2023-09-01,2023-11-30
2024-09-01,6,Octobre Rose,Octobre rose + cancer du sein + mammographie + dépistage cancer du sein + cancer du sein symptôme,2024_2025,2024-09-01,2024-11-30
2024-09-02,11,Octobre Rose,Octobre rose + cancer du sein + mammographie + dépistage cancer du sein + cancer du sein symptôme,2024_2025,2024-09-01,2024-11-30
2024-09-03,13,Octobre Rose,Octobre rose + cancer du sein + mammographie + dépistage cancer du sein + cancer du sein symptôme,2024_2025,2024-09-01,2024-11-30
2024-09-04,13,Octobre Rose,Octobre rose + cancer du sein + mammographie + dépistage cancer du sein + cancer du sein symptôme,2024_2025,2024-09-01,2024-11-30
2024-09-05,12,Octobre Rose,Octobre rose + cancer du sein + mammographie + dépistage cancer du sein + cancer du sein symptôme,2024_2025,2024-09-01,2024-11-30
2024-09-06,12,Octobre Rose,Octobre rose + cancer du sein + mammographie + dépistage cancer du sein + cancer du sein symptôme,2024_2025,2024-09-01,2024-11-30
2024-09-07,9,Octobre Rose,Octobre rose + cancer du sein + mammographie + dépistage cancer du sein + cancer du sein symptôme,2024_2025,2024-09-01,2024-11-30
2024-09-08,10,Octobre Rose,Octobre rose + cancer du sein + mammographie + dépistage cancer du sein + cancer du sein symptôme,2024_2025,2024-09-01,2024-11-30
2024-09-09,15,Octobre Rose,Octobre rose + cancer du sein + mammographie + dépistage cancer du sein + cancer du sein symptôme,2024_2025,2024-09-01,2024-11-30
2024-09-10,16,Octobre Rose,Octobre rose + cancer du sein + mammographie + dépistage cancer du sein + cancer du sein symptôme,2024_2025,2024-09-01,2024-11-30
2024-09-11,15,Octobre Rose,Octobre rose + cancer du sein + mammographie + dépistage cancer du sein + cancer du sein symptôme,2024_2025,2024-09-01,2024-11-30
2024-09-12,18,Octobre Rose,Octobre rose + cancer du sein + mammographie + dépistage cancer du sein + cancer du sein symptôme,2024_2025,2024-09-01,2024-11-30
2024-09-13,15,Octobre Rose,Octobre rose + cancer du sein + mammographie + dépistage cancer du sein + cancer du sein symptôme,2024_2025,2024-09-01,2024-11-30
2024-09-14,11,Octobre Rose,Octobre rose + cancer du sein + mammographie + dépistage cancer du sein + cancer du sein symptôme,2024_2025,2024-09-01,2024-11-30
2024-09-15,14,Octobre Rose,Octobre rose + cancer du sein + mammographie + dépistage cancer du sein + cancer du sein symptôme,2024_2025,2024-09-01,2024-11-30
2024-09-16,18,Octobre Rose,Octobre rose + cancer du sein + mammographie + dépistage cancer du sein + cancer du sein symptôme,2024_2025,2024-09-01,2024-11-30
2024-09-17,18,Octobre Rose,Octobre rose + cancer du sein + mammographie + dépistage cancer du sein + cancer du sein symptôme,2024_2025,2024-09-01,2024-11-30
2024-09-18,18,Octobre Rose,Octobre rose + cancer du sein + mammographie + dépistage cancer du sein + cancer du sein symptôme,2024_2025,2024-09-01,2024-11-30
2024-09-19,19,Octobre Rose,Octobre rose + cancer du sein + mammographie + dépistage cancer du sein + cancer du sein symptôme,2024_2025,2024-09-01,2024-11-30
2024-09-20,19,Octobre Rose,Octobre rose + cancer du sein + mammographie + dépistage cancer du sein + cancer du sein symptôme,2024_2025,2024-09-01,2024-11-30
2024-09-21,15,Octobre Rose,Octobre rose + cancer du sein + mammographie + dépistage cancer du sein + cancer du sein symptôme,2024_2025,2024-09-01,2024-11-30
2024-09-22,17,Octobre Rose,Octobre rose + cancer du sein + mammographie + dépistage cancer du sein + cancer du sein symptôme,2024_2025,2024-09-01,2024-11-30
2024-09-23,22,Octobre Rose,Octobre rose + cancer du sein + mammographie + dépistage cancer du sein + cancer du sein symptôme,2024_2025,2024-09-01,2024-11-30
2024-09-24,23,Octobre Rose,Octobre rose + cancer du sein + mammographie + dépistage cancer du sein + cancer du sein symptôme,2024_2025,2024-09-01,2024-11-30
2024-09-25,23,Octobre Rose,Octobre rose + cancer du sein + mammographie + dépistage cancer du sein + cancer du sein symptôme,2024_2025,2024-09-01,2024-11-30
2024-09-26,24,Octobre Rose,Octobre rose + cancer du sein + mammographie + dépistage cancer du sein + cancer du sein symptôme,2024_2025,2024-09-01,2024-11-30
2024-09-27,26,Octobre Rose,Octobre rose + cancer du sein + mammographie + dépistage cancer du sein + cancer du sein symptôme,2024_2025,2024-09-01,2024-11-30
2024-09-28,22,Octobre Rose,Octobre rose + cancer du sein + mammographie + dépistage cancer du sein + cancer du sein symptôme,2024_2025,2024-09-01,2024-11-30
2024-09-29,27,Octobre Rose,Octobre rose + cancer du sein + mammographie + dépistage cancer du sein + cancer du sein symptôme,2024_2025,2024-09-01,2024-11-30
2024-09-30,50,Octobre Rose,Octobre rose + cancer du sein + mammographie + dépistage cancer du sein + cancer du sein symptôme,2024_2025,2024-09-01,2024-11-30
2024-10-01,100,Octobre Rose,Octobre rose + cancer du sein + mammographie + dépistage cancer du sein + cancer du sein symptôme,2024_2025,2024-09-01,2024-11-30
2024-10-02,78,Octobre Rose,Octobre rose + cancer du sein + mammographie + dépistage cancer du sein + cancer du sein symptôme,2024_2025,2024-09-01,2024-11-30
2024-10-03,61,Octobre Rose,Octobre rose + cancer du sein + mammographie + dépistage cancer du sein + cancer du sein symptôme,2024_2025,2024-09-01,2024-11-30
2024-10-04,59,Octobre Rose,Octobre rose + cancer du sein + mammographie + dépistage cancer du sein + cancer du sein symptôme,2024_2025,2024-09-01,2024-11-30
2024-10-05,61,Octobre Rose,Octobre rose + cancer du sein + mammographie + dépistage cancer du sein + cancer du sein symptôme,2024_2025,2024-09-01,2024-11-30
2024-10-06,64,Octobre Rose,Octobre rose + cancer du sein + mammographie + dépistage cancer du sein + cancer du sein symptôme,2024_2025,2024-09-01,2024-11-30
2024-10-07,48,Octobre Rose,Octobre rose + cancer du sein + mammographie + dépistage cancer du sein + cancer du sein symptôme,2024_2025,2024-09-01,2024-11-30
2024-10-08,40,Octobre Rose,Octobre rose + cancer du sein + mammographie + dépistage cancer du sein + cancer du sein symptôme,2024_2025,2024-09-01,2024-11-30
2024-10-09,40,Octobre Rose,Octobre rose + cancer du sein + mammographie + dépistage cancer du sein + cancer du sein symptôme,2024_2025,2024-09-01,2024-11-30
2024-10-10,35,Octobre Rose,Octobre rose + cancer du sein + mammographie + dépistage cancer du sein + cancer du sein symptôme,2024_2025,2024-09-01,2024-11-30
2024-10-11,39,Octobre Rose,Octobre rose + cancer du sein + mammographie + dépistage cancer du sein + cancer du sein symptôme,2024_2025,2024-09-01,2024-11-30
2024-10-12,42,Octobre Rose,Octobre rose + cancer du sein + mammographie + dépistage cancer du sein + cancer du sein symptôme,2024_2025,2024-09-01,2024-11-30
2024-10-13,42,Octobre Rose,Octobre rose + cancer du sein + mammographie + dépistage cancer du sein + cancer du sein symptôme,2024_2025,2024-09-01,2024-11-30
2024-10-14,34,Octobre Rose,Octobre rose + cancer du sein + mammographie + dépistage cancer du sein + cancer du sein symptôme,2024_2025,2024-09-01,2024-11-30
2024-10-15,30,Octobre Rose,Octobre rose + cancer du sein + mammographie + dépistage cancer du sein + cancer du sein symptôme,2024_2025,2024-09-01,2024-11-30
2024-10-16,29,Octobre Rose,Octobre rose + cancer du sein + mammographie + dépistage cancer du sein + cancer du sein symptôme,2024_2025,2024-09-01,2024-11-30
2024-10-17,29,Octobre Rose,Octobre rose + cancer du sein + mammographie + dépistage cancer du sein + cancer du sein symptôme,2024_2025,2024-09-01,2024-11-30
2024-10-18,27,Octobre Rose,Octobre rose + cancer du sein + mammographie + dépistage cancer du sein + cancer du sein symptôme,2024_2025,2024-09-01,2024-11-30
2024-10-19,26,Octobre Rose,Octobre rose + cancer du sein + mammographie + dépistage cancer du sein + cancer du sein symptôme,2024_2025,2024-09-01,2024-11-30
2024-10-20,26,Octobre Rose,Octobre rose + cancer du sein + mammographie + dépistage cancer du sein + cancer du sein symptôme,2024_2025,2024-09-01,2024-11-30
2024-10-21,20,Octobre Rose,Octobre rose + cancer du sein + mammographie + dépistage cancer du sein + cancer du sein symptôme,2024_2025,2024-09-01,2024-11-30
2024-10-22,18,Octobre Rose,Octobre rose + cancer du sein + mammographie + dépistage cancer du sein + cancer du sein symptôme,2024_2025,2024-09-01,2024-11-30
2024-10-23,18,Octobre Rose,Octobre rose + cancer du sein + mammographie + dépistage cancer du sein + cancer du sein symptôme,2024_2025,2024-09-01,2024-11-30
2024-10-24,18,Octobre Rose,Octobre rose + cancer du sein + mammographie + dépistage cancer du sein + cancer du sein symptôme,2024_2025,2024-09-01,2024-11-30
2024-10-25,17,Octobre Rose,Octobre rose + cancer du sein + mammographie + dépistage cancer du sein + cancer du sein symptôme,2024_2025,2024-09-01,2024-11-30
2024-10-26,13,Octobre Rose,Octobre rose + cancer du sein + mammographie + dépistage cancer du sein + cancer du sein symptôme,2024_2025,2024-09-01,2024-11-30
2024-10-27,13,Octobre Rose,Octobre rose + cancer du sein + mammographie + dépistage cancer du sein + cancer du sein symptôme,2024_2025,2024-09-01,2024-11-30
2024-10-28,14,Octobre Rose,Octobre rose + cancer du sein + mammographie + dépistage cancer du sein + cancer du sein symptôme,2024_2025,2024-09-01,2024-11-30
2024-10-29,12,Octobre Rose,Octobre rose + cancer du sein + mammographie + dépistage cancer du sein + cancer du sein symptôme,2024_2025,2024-09-01,2024-11-30
2024-10-30,13,Octobre Rose,Octobre rose + cancer du sein + mammographie + dépistage cancer du sein + cancer du sein symptôme,2024_2025,2024-09-01,2024-11-30
2024-10-31,14,Octobre Rose,Octobre rose + cancer du sein + mammographie + dépistage cancer du sein + cancer du sein symptôme,2024_2025,2024-09-01,2024-11-30
2024-11-01,9,Octobre Rose,Octobre rose + cancer du sein + mammographie + dépistage cancer du sein + cancer du sein symptôme,2024_2025,2024-09-01,2024-11-30
2024-11-02,8,Octobre Rose,Octobre rose + cancer du sein + mammographie + dépistage cancer du sein + cancer du sein symptôme,2024_2025,2024-09-01,2024-11-30
2024-11-03,9,Octobre Rose,Octobre rose + cancer du sein + mammographie + dépistage cancer du sein + cancer du sein symptôme,2024_2025,2024-09-01,2024-11-30
2024-11-04,13,Octobre Rose,Octobre rose + cancer du sein + mammographie + dépistage cancer du sein + cancer du sein symptôme,2024_2025,2024-09-01,2024-11-30
2024-11-05,11,Octobre Rose,Octobre rose + cancer du sein + mammographie + dépistage cancer du sein + cancer du sein symptôme,2024_2025,2024-09-01,2024-11-30
2024-11-06,10,Octobre Rose,Octobre rose + cancer du sein + mammographie + dépistage cancer du sein + cancer du sein symptôme,2024_2025,2024-09-01,2024-11-30
2024-11-07,10,Octobre Rose,Octobre rose + cancer du sein + mammographie + dépistage cancer du sein + cancer du sein symptôme,2024_2025,2024-09-01,2024-11-30
2024-11-08,10,Octobre Rose,Octobre rose + cancer du sein + mammographie + dépistage cancer du sein + cancer du sein symptôme,2024_2025,2024-09-01,2024-11-30
2024-11-09,8,Octobre Rose,Octobre rose + cancer du sein + mammographie + dépistage cancer du sein + cancer du sein symptôme,2024_2025,2024-09-01,2024-11-30
2024-11-10,6,Octobre Rose,Octobre rose + cancer du sein + mammographie + dépistage cancer du sein + cancer du sein symptôme,2024_2025,2024-09-01,2024-11-30
2024-11-11,7,Octobre Rose,Octobre rose + cancer du sein + mammographie + dépistage cancer du sein + cancer du sein symptôme,2024_2025,2024-09-01,2024-11-30
2024-11-12,12,Octobre Rose,Octobre rose + cancer du sein + mammographie + dépistage cancer du sein + cancer du sein symptôme,2024_2025,2024-09-01,2024-11-30
2024-11-13,10,Octobre Rose,Octobre rose + cancer du sein + mammographie + dépistage cancer du sein + cancer du sein symptôme,2024_2025,2024-09-01,2024-11-30
2024-11-14,10,Octobre Rose,Octobre rose + cancer du sein + mammographie + dépistage cancer du sein + cancer du sein symptôme,2024_2025,2024-09-01,2024-11-30
2024-11-15,9,Octobre Rose,Octobre rose + cancer du sein + mammographie + dépistage cancer du sein + cancer du sein symptôme,2024_2025,2024-09-01,2024-11-30
2024-11-16,7,Octobre Rose,Octobre rose + cancer du sein + mammographie + dépistage cancer du sein + cancer du sein symptôme,2024_2025,2024-09-01,2024-11-30
2024-11-17,7,Octobre Rose,Octobre rose + cancer du sein + mammographie + dépistage cancer du sein + cancer du sein symptôme,2024_2025,2024-09-01,2024-11-30
2024-11-18,11,Octobre Rose,Octobre rose + cancer du sein + mammographie + dépistage cancer du sein + cancer du sein symptôme,2024_2025,2024-09-01,2024-11-30
2024-11-19,10,Octobre Rose,Octobre rose + cancer du sein + mammographie + dépistage cancer du sein + cancer du sein symptôme,2024_2025,2024-09-01,2024-11-30
2024-11-20,9,Octobre Rose,Octobre rose + cancer du sein + mammographie + dépistage cancer du sein + cancer du sein symptôme,2024_2025,2024-09-01,2024-11-30
2024-11-21,8,Octobre Rose,Octobre rose + cancer du sein + mammographie + dépistage cancer du sein + cancer du sein symptôme,2024_2025,2024-09-01,2024-11-30
2024-11-22,10,Octobre Rose,Octobre rose + cancer du sein + mammographie + dépistage cancer du sein + cancer du sein symptôme,2024_2025,2024-09-01,2024-11-30
2024-11-23,6,Octobre Rose,Octobre rose + cancer du sein + mammographie + dépistage cancer du sein + cancer du sein symptôme,2024_2025,2024-09-01,2024-11-30
2024-11-24,6,Octobre Rose,Octobre rose + cancer du sein + mammographie + dépistage cancer du sein + cancer du sein symptôme,2024_2025,2024-09-01,2024-11-30
2024-11-25,10,Octobre Rose,Octobre rose + cancer du sein + mammographie + dépistage cancer du sein + cancer du sein symptôme,2024_2025,2024-09-01,2024-11-30
2024-11-26,10,Octobre Rose,Octobre rose + cancer du sein + mammographie + dépistage cancer du sein + cancer du sein symptôme,2024_2025,2024-09-01,2024-11-30
2024-11-27,9,Octobre Rose,Octobre rose + cancer du sein + mammographie + dépistage cancer du sein + cancer du sein symptôme,2024_2025,2024-09-01,2024-11-30
2024-11-28,9,Octobre Rose,Octobre rose + cancer du sein + mammographie + dépistage cancer du sein + cancer du sein symptôme,2024_2025,2024-09-01,2024-11-30
2024-11-29,9,Octobre Rose,Octobre rose + cancer du sein + mammographie + dépistage cancer du sein + cancer du sein symptôme,2024_2025,2024-09-01,2024-11-30
2024-11-30,5,Octobre Rose,Octobre rose + cancer du sein + mammographie + dépistage cancer du sein + cancer du sein symptôme,2024_2025,2024-09-01,2024-11-30
2025-09-01,11,Octobre Rose,Octobre rose + cancer du sein + mammographie + dépistage cancer du sein + cancer du sein symptôme,2025_2026,2025-09-01,2025-11-30
2025-09-02,11,Octobre Rose,Octobre rose + cancer du sein + mammographie + dépistage cancer du sein + cancer du sein symptôme,2025_2026,2025-09-01,2025-11-30
2025-09-03,12,Octobre Rose,Octobre rose + cancer du sein + mammographie + dépistage cancer du sein + cancer du sein symptôme,2025_2026,2025-09-01,2025-11-30
2025-09-04,13,Octobre Rose,Octobre rose + cancer du sein + mammographie + dépistage cancer du sein + cancer du sein symptôme,2025_2026,2025-09-01,2025-11-30
2025-09-05,11,Octobre Rose,Octobre rose + cancer du sein + mammographie + dépistage cancer du sein + cancer du sein symptôme,2025_2026,2025-09-01,2025-11-30
2025-09-06,8,Octobre Rose,Octobre rose + cancer du sein + mammographie + dépistage cancer du sein + cancer du sein symptôme,2025_2026,2025-09-01,2025-11-30
2025-09-07,10,Octobre Rose,Octobre rose + cancer du sein + mammographie + dépistage cancer du sein + cancer du sein symptôme,2025_2026,2025-09-01,2025-11-30
2025-09-08,13,Octobre Rose,Octobre rose + cancer du sein + mammographie + dépistage cancer du sein + cancer du sein symptôme,2025_2026,2025-09-01,2025-11-30
2025-09-09,14,Octobre Rose,Octobre rose + cancer du sein + mammographie + dépistage cancer du sein + cancer du sein symptôme,2025_2026,2025-09-01,2025-11-30
2025-09-10,13,Octobre Rose,Octobre rose + cancer du sein + mammographie + dépistage cancer du sein + cancer du sein symptôme,2025_2026,2025-09-01,2025-11-30
2025-09-11,13,Octobre Rose,Octobre rose + cancer du sein + mammographie + dépistage cancer du sein + cancer du sein symptôme,2025_2026,2025-09-01,2025-11-30
2025-09-12,14,Octobre Rose,Octobre rose + cancer du sein + mammographie + dépistage cancer du sein + cancer du sein symptôme,2025_2026,2025-09-01,2025-11-30
2025-09-13,10,Octobre Rose,Octobre rose + cancer du sein + mammographie + dépistage cancer du sein + cancer du sein symptôme,2025_2026,2025-09-01,2025-11-30
2025-09-14,12,Octobre Rose,Octobre rose + cancer du sein + mammographie + dépistage cancer du sein + cancer du sein symptôme,2025_2026,2025-09-01,2025-11-30
2025-09-15,16,Octobre Rose,Octobre rose + cancer du sein + mammographie + dépistage cancer du sein + cancer du sein symptôme,2025_2026,2025-09-01,2025-11-30
2025-09-16,15,Octobre Rose,Octobre rose + cancer du sein + mammographie + dépistage cancer du sein + cancer du sein symptôme,2025_2026,2025-09-01,2025-11-30
2025-09-17,15,Octobre Rose,Octobre rose + cancer du sein + mammographie + dépistage cancer du sein + cancer du sein symptôme,2025_2026,2025-09-01,2025-11-30
2025-09-18,15,Octobre Rose,Octobre rose + cancer du sein + mammographie + dépistage cancer du sein + cancer du sein symptôme,2025_2026,2025-09-01,2025-11-30
2025-09-19,16,Octobre Rose,Octobre rose + cancer du sein + mammographie + dépistage cancer du sein + cancer du sein symptôme,2025_2026,2025-09-01,2025-11-30
2025-09-20,13,Octobre Rose,Octobre rose + cancer du sein + mammographie + dépistage cancer du sein + cancer du sein symptôme,2025_2026,2025-09-01,2025-11-30
2025-09-21,14,Octobre Rose,Octobre rose + cancer du sein + mammographie + dépistage cancer du sein + cancer du sein symptôme,2025_2026,2025-09-01,2025-11-30
2025-09-22,19,Octobre Rose,Octobre rose + cancer du sein + mammographie + dépistage cancer du sein + cancer du sein symptôme,2025_2026,2025-09-01,2025-11-30
2025-09-23,20,Octobre Rose,Octobre rose + cancer du sein + mammographie + dépistage cancer du sein + cancer du sein symptôme,2025_2026,2025-09-01,2025-11-30
2025-09-24,21,Octobre Rose,Octobre rose + cancer du sein + mammographie + dépistage cancer du sein + cancer du sein symptôme,2025_2026,2025-09-01,2025-11-30
2025-09-25,19,Octobre Rose,Octobre rose + cancer du sein + mammographie + dépistage cancer du sein + cancer du sein symptôme,2025_2026,2025-09-01,2025-11-30
2025-09-26,20,Octobre Rose,Octobre rose + cancer du sein + mammographie + dépistage cancer du sein + cancer du sein symptôme,2025_2026,2025-09-01,2025-11-30
2025-09-27,20,Octobre Rose,Octobre rose + cancer du sein + mammographie + dépistage cancer du sein + cancer du sein symptôme,2025_2026,2025-09-01,2025-11-30
2025-09-28,23,Octobre Rose,Octobre rose + cancer du sein + mammographie + dépistage cancer du sein + cancer du sein symptôme,2025_2026,2025-09-01,2025-11-30
2025-09-29,32,Octobre Rose,Octobre rose + cancer du sein + mammographie + dépistage cancer du sein + cancer du sein symptôme,2025_2026,2025-09-01,2025-11-30
2025-09-30,47,Octobre Rose,Octobre rose + cancer du sein + mammographie + dépistage cancer du sein + cancer du sein symptôme,2025_2026,2025-09-01,2025-11-30
2025-10-01,100,Octobre Rose,Octobre rose + cancer du sein + mammographie + dépistage cancer du sein + cancer du sein symptôme,2025_2026,2025-09-01,2025-11-30
2025-10-02,69,Octobre Rose,Octobre rose + cancer du sein + mammographie + dépistage cancer du sein + cancer du sein symptôme,2025_2026,2025-09-01,2025-11-30
2025-10-03,57,Octobre Rose,Octobre rose + cancer du sein + mammographie + dépistage cancer du sein + cancer du sein symptôme,2025_2026,2025-09-01,2025-11-30
2025-10-04,56,Octobre Rose,Octobre rose + cancer du sein + mammographie + dépistage cancer du sein + cancer du sein symptôme,2025_2026,2025-09-01,2025-11-30
2025-10-05,62,Octobre Rose,Octobre rose + cancer du sein + mammographie + dépistage cancer du sein + cancer du sein symptôme,2025_2026,2025-09-01,2025-11-30
2025-10-06,41,Octobre Rose,Octobre rose + cancer du sein + mammographie + dépistage cancer du sein + cancer du sein symptôme,2025_2026,2025-09-01,2025-11-30
2025-10-07,43,Octobre Rose,Octobre rose + cancer du sein + mammographie + dépistage cancer du sein + cancer du sein symptôme,2025_2026,2025-09-01,2025-11-30
2025-10-08,40,Octobre Rose,Octobre rose + cancer du sein + mammographie + dépistage cancer du sein + cancer du sein symptôme,2025_2026,2025-09-01,2025-11-30
2025-10-09,41,Octobre Rose,Octobre rose + cancer du sein + mammographie + dépistage cancer du sein + cancer du sein symptôme,2025_2026,2025-09-01,2025-11-30
2025-10-10,38,Octobre Rose,Octobre rose + cancer du sein + mammographie + dépistage cancer du sein + cancer du sein symptôme,2025_2026,2025-09-01,2025-11-30
2025-10-11,47,Octobre Rose,Octobre rose + cancer du sein + mammographie + dépistage cancer du sein + cancer du sein symptôme,2025_2026,2025-09-01,2025-11-30
2025-10-12,42,Octobre Rose,Octobre rose + cancer du sein + mammographie + dépistage cancer du sein + cancer du sein symptôme,2025_2026,2025-09-01,2025-11-30
2025-10-13,30,Octobre Rose,Octobre rose + cancer du sein + mammographie + dépistage cancer du sein + cancer du sein symptôme,2025_2026,2025-09-01,2025-11-30
2025-10-14,28,Octobre Rose,Octobre rose + cancer du sein + mammographie + dépistage cancer du sein + cancer du sein symptôme,2025_2026,2025-09-01,2025-11-30
2025-10-15,27,Octobre Rose,Octobre rose + cancer du sein + mammographie + dépistage cancer du sein + cancer du sein symptôme,2025_2026,2025-09-01,2025-11-30
2025-10-16,25,Octobre Rose,Octobre rose + cancer du sein + mammographie + dépistage cancer du sein + cancer du sein symptôme,2025_2026,2025-09-01,2025-11-30
2025-10-17,25,Octobre Rose,Octobre rose + cancer du sein + mammographie + dépistage cancer du sein + cancer du sein symptôme,2025_2026,2025-09-01,2025-11-30
2025-10-18,24,Octobre Rose,Octobre rose + cancer du sein + mammographie + dépistage cancer du sein + cancer du sein symptôme,2025_2026,2025-09-01,2025-11-30
2025-10-19,22,Octobre Rose,Octobre rose + cancer du sein + mammographie + dépistage cancer du sein + cancer du sein symptôme,2025_2026,2025-09-01,2025-11-30
2025-10-20,18,Octobre Rose,Octobre rose + cancer du sein + mammographie + dépistage cancer du sein + cancer du sein symptôme,2025_2026,2025-09-01,2025-11-30
2025-10-21,15,Octobre Rose,Octobre rose + cancer du sein + mammographie + dépistage cancer du sein + cancer du sein symptôme,2025_2026,2025-09-01,2025-11-30
2025-10-22,16,Octobre Rose,Octobre rose + cancer du sein + mammographie + dépistage cancer du sein + cancer du sein symptôme,2025_2026,2025-09-01,2025-11-30
2025-10-23,16,Octobre Rose,Octobre rose + cancer du sein + mammographie + dépistage cancer du sein + cancer du sein symptôme,2025_2026,2025-09-01,2025-11-30
2025-10-24,14,Octobre Rose,Octobre rose + cancer du sein + mammographie + dépistage cancer du sein + cancer du sein symptôme,2025_2026,2025-09-01,2025-11-30
2025-10-25,14,Octobre Rose,Octobre rose + cancer du sein + mammographie + dépistage cancer du sein + cancer du sein symptôme,2025_2026,2025-09-01,2025-11-30
2025-10-26,12,Octobre Rose,Octobre rose + cancer du sein + mammographie + dépistage cancer du sein + cancer du sein symptôme,2025_2026,2025-09-01,2025-11-30
2025-10-27,13,Octobre Rose,Octobre rose + cancer du sein + mammographie + dépistage cancer du sein + cancer du sein symptôme,2025_2026,2025-09-01,2025-11-30
2025-10-28,12,Octobre Rose,Octobre rose + cancer du sein + mammographie + dépistage cancer du sein + cancer du sein symptôme,2025_2026,2025-09-01,2025-11-30
2025-10-29,11,Octobre Rose,Octobre rose + cancer du sein + mammographie + dépistage cancer du sein + cancer du sein symptôme,2025_2026,2025-09-01,2025-11-30
2025-10-30,10,Octobre Rose,Octobre rose + cancer du sein + mammographie + dépistage cancer du sein + cancer du sein symptôme,2025_2026,2025-09-01,2025-11-30
2025-10-31,9,Octobre Rose,Octobre rose + cancer du sein + mammographie + dépistage cancer du sein + cancer du sein symptôme,2025_2026,2025-09-01,2025-11-30
2025-11-01,8,Octobre Rose,Octobre rose + cancer du sein + mammographie + dépistage cancer du sein + cancer du sein symptôme,2025_2026,2025-09-01,2025-11-30
2025-11-02,7,Octobre Rose,Octobre rose + cancer du sein + mammographie + dépistage cancer du sein + cancer du sein symptôme,2025_2026,2025-09-01,2025-11-30
2025-11-03,11,Octobre Rose,Octobre rose + cancer du sein + mammographie + dépistage cancer du sein + cancer du sein symptôme,2025_2026,2025-09-01,2025-11-30
2025-11-04,9,Octobre Rose,Octobre rose + cancer du sein + mammographie + dépistage cancer du sein + cancer du sein symptôme,2025_2026,2025-09-01,2025-11-30
2025-11-05,10,Octobre Rose,Octobre rose + cancer du sein + mammographie + dépistage cancer du sein + cancer du sein symptôme,2025_2026,2025-09-01,2025-11-30
2025-11-06,8,Octobre Rose,Octobre rose + cancer du sein + mammographie + dépistage cancer du sein + cancer du sein symptôme,2025_2026,2025-09-01,2025-11-30
2025-11-07,8,Octobre Rose,Octobre rose + cancer du sein + mammographie + dépistage cancer du sein + cancer du sein symptôme,2025_2026,2025-09-01,2025-11-30
2025-11-08,6,Octobre Rose,Octobre rose + cancer du sein + mammographie + dépistage cancer du sein + cancer du sein symptôme,2025_2026,2025-09-01,2025-11-30
2025-11-09,5,Octobre Rose,Octobre rose + cancer du sein + mammographie + dépistage cancer du sein + cancer du sein symptôme,2025_2026,2025-09-01,2025-11-30
2025-11-10,8,Octobre Rose,Octobre rose + cancer du sein + mammographie + dépistage cancer du sein + cancer du sein symptôme,2025_2026,2025-09-01,2025-11-30
2025-11-11,6,Octobre Rose,Octobre rose + cancer du sein + mammographie + dépistage cancer du sein + cancer du sein symptôme,2025_2026,2025-09-01,2025-11-30
2025-11-12,8,Octobre Rose,Octobre rose + cancer du sein + mammographie + dépistage cancer du sein + cancer du sein symptôme,2025_2026,2025-09-01,2025-11-30
2025-11-13,8,Octobre Rose,Octobre rose + cancer du sein + mammographie + dépistage cancer du sein + cancer du sein symptôme,2025_2026,2025-09-01,2025-11-30
2025-11-14,8,Octobre Rose,Octobre rose + cancer du sein + mammographie + dépistage cancer du sein + cancer du sein symptôme,2025_2026,2025-09-01,2025-11-30
2025-11-15,6,Octobre Rose,Octobre rose + cancer du sein + mammographie + dépistage cancer du sein + cancer du sein symptôme,2025_2026,2025-09-01,2025-11-30
2025-11-16,5,Octobre Rose,Octobre rose + cancer du sein + mammographie + dépistage cancer du sein + cancer du sein symptôme,2025_2026,2025-09-01,2025-11-30
2025-11-17,8,Octobre Rose,Octobre rose + cancer du sein + mammographie + dépistage cancer du sein + cancer du sein symptôme,2025_2026,2025-09-01,2025-11-30
2025-11-18,9,Octobre Rose,Octobre rose + cancer du sein + mammographie + dépistage cancer du sein + cancer du sein symptôme,2025_2026,2025-09-01,2025-11-30
2025-11-19,8,Octobre Rose,Octobre rose + cancer du sein + mammographie + dépistage cancer du sein + cancer du sein symptôme,2025_2026,2025-09-01,2025-11-30
2025-11-20,7,Octobre Rose,Octobre rose + cancer du sein + mammographie + dépistage cancer du sein + cancer du sein symptôme,2025_2026,2025-09-01,2025-11-30
2025-11-21,7,Octobre Rose,Octobre rose + cancer du sein + mammographie + dépistage cancer du sein + cancer du sein symptôme,2025_2026,2025-09-01,2025-11-30
2025-11-22,4,Octobre Rose,Octobre rose + cancer du sein + mammographie + dépistage cancer du sein + cancer du sein symptôme,2025_2026,2025-09-01,2025-11-30
2025-11-23,5,Octobre Rose,Octobre rose + cancer du sein + mammographie + dépistage cancer du sein + cancer du sein symptôme,2025_2026,2025-09-01,2025-11-30
2025-11-24,8,Octobre Rose,Octobre rose + cancer du sein + mammographie + dépistage cancer du sein + cancer du sein symptôme,2025_2026,2025-09-01,2025-11-30
2025-11-25,7,Octobre Rose,Octobre rose + cancer du sein + mammographie + dépistage cancer du sein + cancer du sein symptôme,2025_2026,2025-09-01,2025-11-30
2025-11-26,7,Octobre Rose,Octobre rose + cancer du sein + mammographie + dépistage cancer du sein + cancer du sein symptôme,2025_2026,2025-09-01,2025-11-30
2025-11-27,8,Octobre Rose,Octobre rose + cancer du sein + mammographie + dépistage cancer du sein + cancer du sein symptôme,2025_2026,2025-09-01,2025-11-30
2025-11-28,6,Octobre Rose,Octobre rose + cancer du sein + mammographie + dépistage cancer du sein + cancer du sein symptôme,2025_2026,2025-09-01,2025-11-30
2025-11-29,5,Octobre Rose,Octobre rose + cancer du sein + mammographie + dépistage cancer du sein + cancer du sein symptôme,2025_2026,2025-09-01,2025-11-30
2025-11-30,5,Octobre Rose,Octobre rose + cancer du sein + mammographie + dépistage cancer du sein + cancer du sein symptôme,2025_2026,2025-09-01,2025-11-30
